#
# A fatal error has been detected by the Java Runtime Environment:
#
#  SIGILL (0x4) at pc=0x00007f84fffcc848 (sent by kill), pid=831012, tid=831552
#
# JRE version: OpenJDK Runtime Environment 18.9 (11.0.11+9) (build 11.0.11+9)
# Java VM: OpenJDK 64-Bit Server VM 18.9 (11.0.11+9, mixed mode, tiered, compressed oops, g1 gc, linux-amd64)
# Problematic frame:
# C  [libpthread.so.0+0xe848]  pthread_cond_timedwait+0x2f8
#
# Core dump will be written. Default location: Core dumps may be processed with "/usr/lib/systemd/systemd-coredump %P %u %g %s %t %c %h %e" (or dumping to /scratch2/vborghi/git/occamy_u280/target/fpga/core.831012)
#
# If you would like to submit a bug report, please visit:
#   https://bugreport.java.com/bugreport/crash.jsp
#

---------------  S U M M A R Y ------------

Command Line: -Xmx5G -Xss4m com.sigasi.lsp.server.BootstrappedLspServer --enable-deadmans-trigger --data-location=/home/vborghi/.Xilinx/Vivado/2022.1/sigasi-cache/cache-1744393100578

Host: AMD EPYC 7742 64-Core Processor, 128 cores, 503G, AlmaLinux release 8.8 (Sapphire Caracal)
Time: Fri May 23 13:12:57 2025 CEST elapsed time: 116.857085 seconds (0d 0h 1m 56s)

---------------  T H R E A D  ---------------

Current thread (0x00007f84f8942000):  ConcurrentGCThread "G1 Young RemSet Sampling" [stack: 0x00007f84bbafb000,0x00007f84bbbfb000] [id=831552]

Stack: [0x00007f84bbafb000,0x00007f84bbbfb000],  sp=0x00007f84bbbf9c60,  free space=1019k
Native frames: (J=compiled Java code, A=aot compiled Java code, j=interpreted, Vv=VM code, C=native code)
C  [libpthread.so.0+0xe848]  pthread_cond_timedwait+0x2f8

[error occurred during error reporting (printing native stack), id 0xb, SIGSEGV (0xb) at pc=0x00007f84fef4829f]


siginfo: si_signo: 4 (SIGILL), si_code: 0 (SI_USER), si_pid: 2679595, si_uid: 1684

Register to memory mapping:

RAX=0xfffffffffffffffc is an unknown value
RBX=0x00007f84f8943350 points into unknown readable memory: 0x000000000000033a | 3a 03 00 00 00 00 00 00
RCX=0x00007f84fffcc848: pthread_cond_timedwait+0x00000000000002f8 in /lib64/libpthread.so.0 at 0x00007f84fffbe000
RDX=0x0 is NULL
RSP=0x00007f84bbbf9c60 points into unknown readable memory: 0x000000000000019c | 9c 01 00 00 00 00 00 00
RBP=0x0 is NULL
RSI=0x0000000000000080 is an unknown value
RDI=0x00007f84f8943378 points into unknown readable memory: 0x0000000000000000 | 00 00 00 00 00 00 00 00
R8 =0x0 is NULL
R9 =0x000000000c594d50 is an unknown value
R10=0x00007f84bbbf9cb0 points into unknown readable memory: 0x0000000000000000 | 00 00 00 00 00 00 00 00
R11=0x0000000000000282 is an unknown value
R12=0x00007f84f8943328 points into unknown readable memory: 0x0000000000000000 | 00 00 00 00 00 00 00 00
R13=0x00007f84f8943378 points into unknown readable memory: 0x0000000000000000 | 00 00 00 00 00 00 00 00
R14=0x00007f84bbbf9d50 points into unknown readable memory: 0x0000000000aa4883 | 83 48 aa 00 00 00 00 00
R15=0x0000000000000002 is an unknown value


Registers:
RAX=0xfffffffffffffffc, RBX=0x00007f84f8943350, RCX=0x00007f84fffcc848, RDX=0x0000000000000000
RSP=0x00007f84bbbf9c60, RBP=0x0000000000000000, RSI=0x0000000000000080, RDI=0x00007f84f8943378
R8 =0x0000000000000000, R9 =0x000000000c594d50, R10=0x00007f84bbbf9cb0, R11=0x0000000000000282
R12=0x00007f84f8943328, R13=0x00007f84f8943378, R14=0x00007f84bbbf9d50, R15=0x0000000000000002
RIP=0x00007f84fffcc848, EFLAGS=0x0000000000000282, CSGSFS=0x002b000000000033, ERR=0x0000000000000004
  TRAPNO=0x000000000000000e

Top of Stack: (sp=0x00007f84bbbf9c60)
0x00007f84bbbf9c60:   000000000000019c 0000000000000000
0x00007f84bbbf9c70:   00007f84bbbf9cc0 0000000000000338
0x00007f84bbbf9c80:   0000000000000000 0000000000000000
0x00007f84bbbf9c90:   00007f84bbbf9ce0 00007f84bbbf9cb0 

Instructions: (pc=0x00007f84fffcc848)
0x00007f84fffcc748:   ff 48 89 9c 24 88 00 00 00 48 8b 7c 24 10 4c 89
0x00007f84fffcc758:   a4 24 90 00 00 00 48 89 84 24 80 00 00 00 89 ac
0x00007f84fffcc768:   24 98 00 00 00 e8 be 2b 00 00 49 83 3e 00 0f 88
0x00007f84fffcc778:   3c 01 00 00 45 85 ff 75 67 e8 9a 2f 00 00 89 ee
0x00007f84fffcc788:   41 b9 ff ff ff ff 45 31 c0 89 44 24 40 81 f6 89
0x00007f84fffcc798:   01 00 00 4d 89 f2 31 d2 4c 89 ef b8 ca 00 00 00
0x00007f84fffcc7a8:   0f 05 48 3d 00 f0 ff ff 0f 87 42 01 00 00 8b 7c
0x00007f84fffcc7b8:   24 40 e8 c1 2f 00 00 48 8b 7c 24 10 31 f6 e8 95
0x00007f84fffcc7c8:   2b 00 00 8b 74 24 08 89 ea 48 89 df e8 47 f8 ff
0x00007f84fffcc7d8:   ff 41 8b 45 00 e9 3d fe ff ff 66 0f 1f 44 00 00
0x00007f84fffcc7e8:   48 8b 74 24 38 bf 01 00 00 00 e8 a9 7d ff ff 85
0x00007f84fffcc7f8:   c0 0f 85 72 01 00 00 49 8b 06 48 2b 44 24 50 48
0x00007f84fffcc808:   89 44 24 50 49 8b 56 08 48 2b 54 24 58 0f 88 7d
0x00007f84fffcc818:   00 00 00 48 89 54 24 58 48 85 c0 0f 88 8f 00 00
0x00007f84fffcc828:   00 e8 f2 2e 00 00 89 ee 4c 8b 54 24 38 31 d2 41
0x00007f84fffcc838:   89 c0 40 80 f6 80 4c 89 ef b8 ca 00 00 00 0f 05
0x00007f84fffcc848:   48 3d 00 f0 ff ff 0f 87 ff 00 00 00 44 89 c7 e8
0x00007f84fffcc858:   24 2f 00 00 48 8b 7c 24 10 31 f6 e8 f8 2a 00 00
0x00007f84fffcc868:   e9 5e ff ff ff 0f 1f 00 8b 54 24 08 48 8b 34 24
0x00007f84fffcc878:   89 e9 48 89 df e8 fe f7 ff ff 89 ee 48 89 df e8
0x00007f84fffcc888:   d4 f6 ff ff 8b 44 24 0c e9 ce fd ff ff 0f 1f 00
0x00007f84fffcc898:   48 81 c2 00 ca 9a 3b 48 83 e8 01 48 89 54 24 58
0x00007f84fffcc8a8:   48 89 44 24 50 e9 6e ff ff ff 66 0f 1f 44 00 00
0x00007f84fffcc8b8:   48 8b 7c 24 10 31 f6 e8 9c 2a 00 00 44 8b 74 24
0x00007f84fffcc8c8:   08 89 ea 48 89 df 44 89 f6 e8 4a f7 ff ff 48 8b
0x00007f84fffcc8d8:   34 24 89 e9 44 89 f2 48 89 df e8 99 f7 ff ff c7
0x00007f84fffcc8e8:   44 24 0c 6e 00 00 00 e9 56 fd ff ff 0f 1f 40 00
0x00007f84fffcc8f8:   8b 7c 24 40 48 89 44 24 48 e8 7a 2e 00 00 48 8b
0x00007f84fffcc908:   44 24 48 83 f8 f5 74 0e 83 f8 fc 74 09 83 f8 92
0x00007f84fffcc918:   0f 85 d3 fd ff ff 48 8b 7c 24 10 f7 d8 31 f6 89
0x00007f84fffcc928:   44 24 40 e8 30 2a 00 00 83 7c 24 40 6e 0f 85 90
0x00007f84fffcc938:   fe ff ff eb 87 0f 1f 00 8b 74 24 08 89 ea 48 89 


Stack slot to memory mapping:
stack at sp + 0 slots: 0x000000000000019c is an unknown value
stack at sp + 1 slots: 0x0 is NULL
stack at sp + 2 slots: 0x00007f84bbbf9cc0 points into unknown readable memory: 0x00007f84fffcc1d0 | d0 c1 fc ff 84 7f 00 00
stack at sp + 3 slots: 0x0000000000000338 is an unknown value
stack at sp + 4 slots: 0x0 is NULL
stack at sp + 5 slots: 0x0 is NULL
stack at sp + 6 slots: 0x00007f84bbbf9ce0 points into unknown readable memory: 0x0000000000000338 | 38 03 00 00 00 00 00 00
stack at sp + 7 slots: 0x00007f84bbbf9cb0 points into unknown readable memory: 0x0000000000000000 | 00 00 00 00 00 00 00 00


---------------  P R O C E S S  ---------------

Threads class SMR info:
_java_thread_list=0x00007f84685b96c0, length=13, elements={
0x00007f84f8017000, 0x00007f84f89b8000, 0x00007f84f89bc800, 0x00007f84f89d1000,
0x00007f84f89d3000, 0x00007f84f89d5800, 0x00007f84f89d7800, 0x00007f84f89d9800,
0x00007f84f8a61800, 0x00007f84f92ed000, 0x00007f84f945e000, 0x00007f84fb81a800,
0x00007f84fb866000
}

Java Threads: ( => current thread )
  0x00007f84f8017000 JavaThread "main" [_thread_blocked, id=831118, stack(0x00007f84fd64a000,0x00007f84fda4b000)]
  0x00007f84f89b8000 JavaThread "Reference Handler" daemon [_thread_blocked, id=831705, stack(0x00007f84badf6000,0x00007f84bb1f7000)]
  0x00007f84f89bc800 JavaThread "Finalizer" daemon [_thread_blocked, id=831712, stack(0x00007f84ba9f5000,0x00007f84badf6000)]
  0x00007f84f89d1000 JavaThread "Signal Dispatcher" daemon [_thread_blocked, id=831793, stack(0x00007f84ba5f4000,0x00007f84ba9f5000)]
  0x00007f84f89d3000 JavaThread "Service Thread" daemon [_thread_blocked, id=831795, stack(0x00007f84ba1f3000,0x00007f84ba5f4000)]
  0x00007f84f89d5800 JavaThread "C2 CompilerThread0" daemon [_thread_blocked, id=831800, stack(0x00007f84ba0f2000,0x00007f84ba1f3000)]
  0x00007f84f89d7800 JavaThread "C1 CompilerThread0" daemon [_thread_blocked, id=831801, stack(0x00007f84b9ff1000,0x00007f84ba0f2000)]
  0x00007f84f89d9800 JavaThread "Sweeper thread" daemon [_thread_blocked, id=831805, stack(0x00007f84b9bf0000,0x00007f84b9ff1000)]
  0x00007f84f8a61800 JavaThread "Common-Cleaner" daemon [_thread_blocked, id=832209, stack(0x00007f84b95ec000,0x00007f84b99ed000)]
  0x00007f84f92ed000 JavaThread "com.google.inject.internal.util.$Finalizer" daemon [_thread_blocked, id=843580, stack(0x00007f83c5dc3000,0x00007f83c61c4000)]
  0x00007f84f945e000 JavaThread "EMF Reference Cleaner" daemon [_thread_blocked, id=846289, stack(0x00007f83c57c2000,0x00007f83c5bc3000)]
  0x00007f84fb81a800 JavaThread "Deadman's trigger" daemon [_thread_in_native, id=877535, stack(0x00007f833dbf4000,0x00007f833dff5000)]
  0x00007f84fb866000 JavaThread "Server" [_thread_in_native, id=879436, stack(0x00007f833d7f3000,0x00007f833dbf4000)]

Other Threads:
  0x00007f84f89b0000 VMThread "VM Thread" [stack: 0x00007f84bb1f9000,0x00007f84bb2f9000] [id=831662]
  0x00007f84f8a50000 WatcherThread [stack: 0x00007f84b99ef000,0x00007f84b9aef000] [id=832153]
  0x00007f84f8035800 GCTaskThread "GC Thread#0" [stack: 0x00007f84fca09000,0x00007f84fcb09000] [id=831354]
  0x00007f84b0001000 GCTaskThread "GC Thread#1" [stack: 0x00007f84b80b1000,0x00007f84b84b0000] [id=842217]
  0x00007f84b0002000 GCTaskThread "GC Thread#2" [stack: 0x00007f849651b000,0x00007f849661b000] [id=842220]
  0x00007f84b0003800 GCTaskThread "GC Thread#3" [stack: 0x00007f8496419000,0x00007f8496519000] [id=842223]
  0x00007f84b0005000 GCTaskThread "GC Thread#4" [stack: 0x00007f8496317000,0x00007f8496417000] [id=842225]
  0x00007f84b0006800 GCTaskThread "GC Thread#5" [stack: 0x00007f8496215000,0x00007f8496315000] [id=842226]
  0x00007f84b0008000 GCTaskThread "GC Thread#6" [stack: 0x00007f8496113000,0x00007f8496213000] [id=842227]
  0x00007f84b0009800 GCTaskThread "GC Thread#7" [stack: 0x00007f8496011000,0x00007f8496111000] [id=842228]
  0x00007f84b000b000 GCTaskThread "GC Thread#8" [stack: 0x00007f8495f0f000,0x00007f849600f000] [id=842229]
  0x00007f84b000d000 GCTaskThread "GC Thread#9" [stack: 0x00007f8495e0d000,0x00007f8495f0d000] [id=842230]
  0x00007f84b000e800 GCTaskThread "GC Thread#10" [stack: 0x00007f8495d0b000,0x00007f8495e0b000] [id=842232]
  0x00007f84b0010000 GCTaskThread "GC Thread#11" [stack: 0x00007f8495c09000,0x00007f8495d09000] [id=842236]
  0x00007f84b0011800 GCTaskThread "GC Thread#12" [stack: 0x00007f8495b07000,0x00007f8495c07000] [id=842241]
  0x00007f84b0013000 GCTaskThread "GC Thread#13" [stack: 0x00007f8495a05000,0x00007f8495b05000] [id=842243]
  0x00007f84b0014800 GCTaskThread "GC Thread#14" [stack: 0x00007f8495903000,0x00007f8495a03000] [id=842244]
  0x00007f84b0016800 GCTaskThread "GC Thread#15" [stack: 0x00007f8495801000,0x00007f8495901000] [id=842245]
  0x00007f84b0018800 GCTaskThread "GC Thread#16" [stack: 0x00007f84956ff000,0x00007f84957ff000] [id=842247]
  0x00007f84b001a000 GCTaskThread "GC Thread#17" [stack: 0x00007f84955fd000,0x00007f84956fd000] [id=842249]
  0x00007f84b001c000 GCTaskThread "GC Thread#18" [stack: 0x00007f84954fb000,0x00007f84955fb000] [id=842250]
  0x00007f84b001d800 GCTaskThread "GC Thread#19" [stack: 0x00007f84953f9000,0x00007f84954f9000] [id=842252]
  0x00007f84b001f800 GCTaskThread "GC Thread#20" [stack: 0x00007f84952f7000,0x00007f84953f7000] [id=842253]
  0x00007f84b0021000 GCTaskThread "GC Thread#21" [stack: 0x00007f84951f5000,0x00007f84952f5000] [id=842254]
  0x00007f84b0023000 GCTaskThread "GC Thread#22" [stack: 0x00007f84950f3000,0x00007f84951f3000] [id=842255]
  0x00007f84b0025000 GCTaskThread "GC Thread#23" [stack: 0x00007f8494ff1000,0x00007f84950f1000] [id=842258]
  0x00007f84b0026800 GCTaskThread "GC Thread#24" [stack: 0x00007f8494eef000,0x00007f8494fef000] [id=842261]
  0x00007f84b0028800 GCTaskThread "GC Thread#25" [stack: 0x00007f8494ded000,0x00007f8494eed000] [id=842263]
  0x00007f84b002a000 GCTaskThread "GC Thread#26" [stack: 0x00007f8494ceb000,0x00007f8494deb000] [id=842267]
  0x00007f84b002c000 GCTaskThread "GC Thread#27" [stack: 0x00007f8494be9000,0x00007f8494ce9000] [id=842268]
  0x00007f84b002d800 GCTaskThread "GC Thread#28" [stack: 0x00007f8494ae7000,0x00007f8494be7000] [id=842271]
  0x00007f84b002f800 GCTaskThread "GC Thread#29" [stack: 0x00007f84949e5000,0x00007f8494ae5000] [id=842272]
  0x00007f84b0031800 GCTaskThread "GC Thread#30" [stack: 0x00007f84948e3000,0x00007f84949e3000] [id=842274]
  0x00007f84b0033000 GCTaskThread "GC Thread#31" [stack: 0x00007f84947e1000,0x00007f84948e1000] [id=842275]
  0x00007f84b0035000 GCTaskThread "GC Thread#32" [stack: 0x00007f84946df000,0x00007f84947df000] [id=842276]
  0x00007f84b0036800 GCTaskThread "GC Thread#33" [stack: 0x00007f84945dd000,0x00007f84946dd000] [id=842278]
  0x00007f84b0038800 GCTaskThread "GC Thread#34" [stack: 0x00007f84944db000,0x00007f84945db000] [id=842279]
  0x00007f84b003a000 GCTaskThread "GC Thread#35" [stack: 0x00007f84943d9000,0x00007f84944d9000] [id=842280]
  0x00007f84b003b800 GCTaskThread "GC Thread#36" [stack: 0x00007f84942d7000,0x00007f84943d7000] [id=842281]
  0x00007f84b003d800 GCTaskThread "GC Thread#37" [stack: 0x00007f84941d5000,0x00007f84942d5000] [id=842284]
  0x00007f84b003f000 GCTaskThread "GC Thread#38" [stack: 0x00007f84940d3000,0x00007f84941d3000] [id=842288]
  0x00007f84b0041000 GCTaskThread "GC Thread#39" [stack: 0x00007f83c7f00000,0x00007f83c8000000] [id=842291]
  0x00007f84b0042800 GCTaskThread "GC Thread#40" [stack: 0x00007f83c7dfe000,0x00007f83c7efe000] [id=842293]
  0x00007f84b0044800 GCTaskThread "GC Thread#41" [stack: 0x00007f83c7cfc000,0x00007f83c7dfc000] [id=842295]
  0x00007f84b0046000 GCTaskThread "GC Thread#42" [stack: 0x00007f83c7bfa000,0x00007f83c7cfa000] [id=842297]
  0x00007f84b0048000 GCTaskThread "GC Thread#43" [stack: 0x00007f83c7af8000,0x00007f83c7bf8000] [id=842298]
  0x00007f84b004a000 GCTaskThread "GC Thread#44" [stack: 0x00007f83c79f6000,0x00007f83c7af6000] [id=842300]
  0x00007f84b004b800 GCTaskThread "GC Thread#45" [stack: 0x00007f83c78f4000,0x00007f83c79f4000] [id=842301]
  0x00007f84b004d800 GCTaskThread "GC Thread#46" [stack: 0x00007f83c77f2000,0x00007f83c78f2000] [id=842303]
  0x00007f84b004f000 GCTaskThread "GC Thread#47" [stack: 0x00007f83c76f0000,0x00007f83c77f0000] [id=842304]
  0x00007f84b0051000 GCTaskThread "GC Thread#48" [stack: 0x00007f83c75ee000,0x00007f83c76ee000] [id=842305]
  0x00007f84f808a800 ConcurrentGCThread "G1 Main Marker" [stack: 0x00007f84cb2d3000,0x00007f84cb3d3000] [id=831358]
  0x00007f84f808c800 ConcurrentGCThread "G1 Conc#0" [stack: 0x00007f84cb1d1000,0x00007f84cb2d1000] [id=831362]
  0x00007f84c4001000 ConcurrentGCThread "G1 Conc#1" [stack: 0x00007f83c74ec000,0x00007f83c75ec000] [id=842920]
  0x00007f84c4002800 ConcurrentGCThread "G1 Conc#2" [stack: 0x00007f83c73ea000,0x00007f83c74ea000] [id=842924]
  0x00007f84c4004000 ConcurrentGCThread "G1 Conc#3" [stack: 0x00007f83c72e8000,0x00007f83c73e8000] [id=842927]
  0x00007f84c4005800 ConcurrentGCThread "G1 Conc#4" [stack: 0x00007f83c71e6000,0x00007f83c72e6000] [id=842931]
  0x00007f84c4007800 ConcurrentGCThread "G1 Conc#5" [stack: 0x00007f83c70e4000,0x00007f83c71e4000] [id=842933]
  0x00007f84c4009000 ConcurrentGCThread "G1 Conc#6" [stack: 0x00007f83c6fe2000,0x00007f83c70e2000] [id=842934]
  0x00007f84c400b000 ConcurrentGCThread "G1 Conc#7" [stack: 0x00007f83c6ee0000,0x00007f83c6fe0000] [id=842935]
  0x00007f84c400d000 ConcurrentGCThread "G1 Conc#8" [stack: 0x00007f83c6dde000,0x00007f83c6ede000] [id=842936]
  0x00007f84c400e800 ConcurrentGCThread "G1 Conc#9" [stack: 0x00007f83c6cdc000,0x00007f83c6ddc000] [id=842938]
  0x00007f84c4010800 ConcurrentGCThread "G1 Conc#10" [stack: 0x00007f83c6bda000,0x00007f83c6cda000] [id=842939]
  0x00007f84c4012000 ConcurrentGCThread "G1 Conc#11" [stack: 0x00007f83c6ad8000,0x00007f83c6bd8000] [id=842942]
  0x00007f84c4014000 ConcurrentGCThread "G1 Conc#12" [stack: 0x00007f83c69d6000,0x00007f83c6ad6000] [id=842959]
  0x00007f84c4015800 ConcurrentGCThread "G1 Conc#13" [stack: 0x00007f83c68d4000,0x00007f83c69d4000] [id=842962]
  0x00007f84c4017800 ConcurrentGCThread "G1 Conc#14" [stack: 0x00007f83c67d2000,0x00007f83c68d2000] [id=842965]
  0x00007f84c4019800 ConcurrentGCThread "G1 Conc#15" [stack: 0x00007f83c66d0000,0x00007f83c67d0000] [id=842967]
  0x00007f84c401b000 ConcurrentGCThread "G1 Conc#16" [stack: 0x00007f83c65ce000,0x00007f83c66ce000] [id=842968]
  0x00007f84c401d000 ConcurrentGCThread "G1 Conc#17" [stack: 0x00007f83c64cc000,0x00007f83c65cc000] [id=842971]
  0x00007f84c401e800 ConcurrentGCThread "G1 Conc#18" [stack: 0x00007f83c63ca000,0x00007f83c64ca000] [id=842973]
  0x00007f84c4020800 ConcurrentGCThread "G1 Conc#19" [stack: 0x00007f83c62c8000,0x00007f83c63c8000] [id=842977]
  0x00007f84c4022000 ConcurrentGCThread "G1 Conc#20" [stack: 0x00007f83c61c6000,0x00007f83c62c6000] [id=842978]
  0x00007f84f8940000 ConcurrentGCThread "G1 Refine#0" [stack: 0x00007f84bbbfd000,0x00007f84bbcfd000] [id=831550]
=>0x00007f84f8942000 ConcurrentGCThread "G1 Young RemSet Sampling" [stack: 0x00007f84bbafb000,0x00007f84bbbfb000] [id=831552]

Threads with active compile tasks:

VM state:not at safepoint (normal execution)

VM Mutex/Monitor currently owned by a thread: None

Heap address: 0x00000006c0000000, size: 5120 MB, Compressed Oops mode: Zero based, Oop shift amount: 3
Narrow klass base: 0x0000000800000000, Narrow klass shift: 0
Compressed class space size: 1073741824 Address: 0x0000000800000000

Heap:
 garbage-first heap   total 2097152K, used 116448K [0x00000006c0000000, 0x0000000800000000)
  region size 1024K, 84 young (86016K), 9 survivors (9216K)
 Metaspace       used 71010K, capacity 71787K, committed 73408K, reserved 1116160K
  class space    used 7286K, capacity 7555K, committed 7616K, reserved 1048576K
Heap Regions: E=young(eden), S=young(survivor), O=old, HS=humongous(starts), HC=humongous(continues), CS=collection set, F=free, A=archive, TAMS=top-at-mark-start (previous, next)
|   0|0x00000006c0000000, 0x00000006c0100000, 0x00000006c0100000|100%| O|  |TAMS 0x00000006c0100000, 0x00000006c0000000| Untracked 
|   1|0x00000006c0100000, 0x00000006c0200000, 0x00000006c0200000|100%| O|  |TAMS 0x00000006c0200000, 0x00000006c0100000| Untracked 
|   2|0x00000006c0200000, 0x00000006c0300000, 0x00000006c0300000|100%| O|  |TAMS 0x00000006c0300000, 0x00000006c0200000| Untracked 
|   3|0x00000006c0300000, 0x00000006c0400000, 0x00000006c0400000|100%| O|  |TAMS 0x00000006c0400000, 0x00000006c0300000| Untracked 
|   4|0x00000006c0400000, 0x00000006c0500000, 0x00000006c0500000|100%| O|  |TAMS 0x00000006c0500000, 0x00000006c0400000| Untracked 
|   5|0x00000006c0500000, 0x00000006c0600000, 0x00000006c0600000|100%| O|  |TAMS 0x00000006c0600000, 0x00000006c0500000| Untracked 
|   6|0x00000006c0600000, 0x00000006c0700000, 0x00000006c0700000|100%| O|  |TAMS 0x00000006c0700000, 0x00000006c0600000| Untracked 
|   7|0x00000006c0700000, 0x00000006c0800000, 0x00000006c0800000|100%| O|  |TAMS 0x00000006c0800000, 0x00000006c0700000| Untracked 
|   8|0x00000006c0800000, 0x00000006c0900000, 0x00000006c0900000|100%| O|  |TAMS 0x00000006c0900000, 0x00000006c0800000| Untracked 
|   9|0x00000006c0900000, 0x00000006c0a00000, 0x00000006c0a00000|100%| O|  |TAMS 0x00000006c0a00000, 0x00000006c0900000| Untracked 
|  10|0x00000006c0a00000, 0x00000006c0b00000, 0x00000006c0b00000|100%| O|  |TAMS 0x00000006c0b00000, 0x00000006c0a00000| Untracked 
|  11|0x00000006c0b00000, 0x00000006c0c00000, 0x00000006c0c00000|100%|HS|  |TAMS 0x00000006c0b00000, 0x00000006c0b00000| Complete 
|  12|0x00000006c0c00000, 0x00000006c0d00000, 0x00000006c0d00000|100%|HS|  |TAMS 0x00000006c0d00000, 0x00000006c0c00000| Complete 
|  13|0x00000006c0d00000, 0x00000006c0e00000, 0x00000006c0e00000|100%|HS|  |TAMS 0x00000006c0d00000, 0x00000006c0d00000| Complete 
|  14|0x00000006c0e00000, 0x00000006c0f00000, 0x00000006c0f00000|100%|HC|  |TAMS 0x00000006c0e00000, 0x00000006c0e00000| Complete 
|  15|0x00000006c0f00000, 0x00000006c0f00000, 0x00000006c1000000|  0%| F|  |TAMS 0x00000006c0f00000, 0x00000006c0f00000| Untracked 
|  16|0x00000006c1000000, 0x00000006c1000000, 0x00000006c1100000|  0%| F|  |TAMS 0x00000006c1000000, 0x00000006c1000000| Untracked 
|  17|0x00000006c1100000, 0x00000006c1200000, 0x00000006c1200000|100%| O|  |TAMS 0x00000006c1200000, 0x00000006c1100000| Untracked 
|  18|0x00000006c1200000, 0x00000006c1300000, 0x00000006c1300000|100%| O|  |TAMS 0x00000006c1300000, 0x00000006c1200000| Untracked 
|  19|0x00000006c1300000, 0x00000006c1400000, 0x00000006c1400000|100%| O|  |TAMS 0x00000006c1400000, 0x00000006c1300000| Untracked 
|  20|0x00000006c1400000, 0x00000006c1500000, 0x00000006c1500000|100%| O|  |TAMS 0x00000006c1500000, 0x00000006c1400000| Untracked 
|  21|0x00000006c1500000, 0x00000006c1600000, 0x00000006c1600000|100%| O|  |TAMS 0x00000006c1600000, 0x00000006c1500000| Untracked 
|  22|0x00000006c1600000, 0x00000006c1700000, 0x00000006c1700000|100%| O|  |TAMS 0x00000006c1700000, 0x00000006c1600000| Untracked 
|  23|0x00000006c1700000, 0x00000006c17b8200, 0x00000006c1800000| 71%| O|  |TAMS 0x00000006c17b8200, 0x00000006c1700000| Untracked 
|  24|0x00000006c1800000, 0x00000006c1800000, 0x00000006c1900000|  0%| F|  |TAMS 0x00000006c1800000, 0x00000006c1800000| Untracked 
|  25|0x00000006c1900000, 0x00000006c1900000, 0x00000006c1a00000|  0%| F|  |TAMS 0x00000006c1900000, 0x00000006c1900000| Untracked 
|  26|0x00000006c1a00000, 0x00000006c1b00000, 0x00000006c1b00000|100%|HS|  |TAMS 0x00000006c1b00000, 0x00000006c1a00000| Complete 
|  27|0x00000006c1b00000, 0x00000006c1c00000, 0x00000006c1c00000|100%|HC|  |TAMS 0x00000006c1c00000, 0x00000006c1b00000| Complete 
|  28|0x00000006c1c00000, 0x00000006c1d00000, 0x00000006c1d00000|100%|HC|  |TAMS 0x00000006c1d00000, 0x00000006c1c00000| Complete 
|  29|0x00000006c1d00000, 0x00000006c1e00000, 0x00000006c1e00000|100%|HS|  |TAMS 0x00000006c1d00000, 0x00000006c1d00000| Complete 
|  30|0x00000006c1e00000, 0x00000006c1f00000, 0x00000006c1f00000|100%|HC|  |TAMS 0x00000006c1e00000, 0x00000006c1e00000| Complete 
|  31|0x00000006c1f00000, 0x00000006c2000000, 0x00000006c2000000|100%|HC|  |TAMS 0x00000006c1f00000, 0x00000006c1f00000| Complete 
|  32|0x00000006c2000000, 0x00000006c2100000, 0x00000006c2100000|100%|HS|  |TAMS 0x00000006c2100000, 0x00000006c2000000| Complete 
|  33|0x00000006c2100000, 0x00000006c2200000, 0x00000006c2200000|100%|HC|  |TAMS 0x00000006c2200000, 0x00000006c2100000| Complete 
|  34|0x00000006c2200000, 0x00000006c2300000, 0x00000006c2300000|100%|HC|  |TAMS 0x00000006c2300000, 0x00000006c2200000| Complete 
|  35|0x00000006c2300000, 0x00000006c2400000, 0x00000006c2400000|100%|HS|  |TAMS 0x00000006c2400000, 0x00000006c2300000| Complete 
|  36|0x00000006c2400000, 0x00000006c2400000, 0x00000006c2500000|  0%| F|  |TAMS 0x00000006c2400000, 0x00000006c2400000| Untracked 
|  37|0x00000006c2500000, 0x00000006c2500000, 0x00000006c2600000|  0%| F|  |TAMS 0x00000006c2500000, 0x00000006c2500000| Untracked 
|  38|0x00000006c2600000, 0x00000006c2600000, 0x00000006c2700000|  0%| F|  |TAMS 0x00000006c2600000, 0x00000006c2600000| Untracked 
|  39|0x00000006c2700000, 0x00000006c2700000, 0x00000006c2800000|  0%| F|  |TAMS 0x00000006c2700000, 0x00000006c2700000| Untracked 
|  40|0x00000006c2800000, 0x00000006c2800000, 0x00000006c2900000|  0%| F|  |TAMS 0x00000006c2800000, 0x00000006c2800000| Untracked 
|  41|0x00000006c2900000, 0x00000006c2900000, 0x00000006c2a00000|  0%| F|  |TAMS 0x00000006c2900000, 0x00000006c2900000| Untracked 
|  42|0x00000006c2a00000, 0x00000006c2a00000, 0x00000006c2b00000|  0%| F|  |TAMS 0x00000006c2a00000, 0x00000006c2a00000| Untracked 
|  43|0x00000006c2b00000, 0x00000006c2b00000, 0x00000006c2c00000|  0%| F|  |TAMS 0x00000006c2b00000, 0x00000006c2b00000| Untracked 
|  44|0x00000006c2c00000, 0x00000006c2c00000, 0x00000006c2d00000|  0%| F|  |TAMS 0x00000006c2c00000, 0x00000006c2c00000| Untracked 
|  45|0x00000006c2d00000, 0x00000006c2d00000, 0x00000006c2e00000|  0%| F|  |TAMS 0x00000006c2d00000, 0x00000006c2d00000| Untracked 
|  46|0x00000006c2e00000, 0x00000006c2e00000, 0x00000006c2f00000|  0%| F|  |TAMS 0x00000006c2e00000, 0x00000006c2e00000| Untracked 
|  47|0x00000006c2f00000, 0x00000006c2f00000, 0x00000006c3000000|  0%| F|  |TAMS 0x00000006c2f00000, 0x00000006c2f00000| Untracked 
|  48|0x00000006c3000000, 0x00000006c3000000, 0x00000006c3100000|  0%| F|  |TAMS 0x00000006c3000000, 0x00000006c3000000| Untracked 
|  49|0x00000006c3100000, 0x00000006c3100000, 0x00000006c3200000|  0%| F|  |TAMS 0x00000006c3100000, 0x00000006c3100000| Untracked 
|  50|0x00000006c3200000, 0x00000006c3200000, 0x00000006c3300000|  0%| F|  |TAMS 0x00000006c3200000, 0x00000006c3200000| Untracked 
|  51|0x00000006c3300000, 0x00000006c3300000, 0x00000006c3400000|  0%| F|  |TAMS 0x00000006c3300000, 0x00000006c3300000| Untracked 
|  52|0x00000006c3400000, 0x00000006c3400000, 0x00000006c3500000|  0%| F|  |TAMS 0x00000006c3400000, 0x00000006c3400000| Untracked 
|  53|0x00000006c3500000, 0x00000006c3500000, 0x00000006c3600000|  0%| F|  |TAMS 0x00000006c3500000, 0x00000006c3500000| Untracked 
|  54|0x00000006c3600000, 0x00000006c3600000, 0x00000006c3700000|  0%| F|  |TAMS 0x00000006c3600000, 0x00000006c3600000| Untracked 
|  55|0x00000006c3700000, 0x00000006c3700000, 0x00000006c3800000|  0%| F|  |TAMS 0x00000006c3700000, 0x00000006c3700000| Untracked 
|  56|0x00000006c3800000, 0x00000006c3800000, 0x00000006c3900000|  0%| F|  |TAMS 0x00000006c3800000, 0x00000006c3800000| Untracked 
|  57|0x00000006c3900000, 0x00000006c3900000, 0x00000006c3a00000|  0%| F|  |TAMS 0x00000006c3900000, 0x00000006c3900000| Untracked 
|  58|0x00000006c3a00000, 0x00000006c3a00000, 0x00000006c3b00000|  0%| F|  |TAMS 0x00000006c3a00000, 0x00000006c3a00000| Untracked 
|  59|0x00000006c3b00000, 0x00000006c3b00000, 0x00000006c3c00000|  0%| F|  |TAMS 0x00000006c3b00000, 0x00000006c3b00000| Untracked 
|  60|0x00000006c3c00000, 0x00000006c3c00000, 0x00000006c3d00000|  0%| F|  |TAMS 0x00000006c3c00000, 0x00000006c3c00000| Untracked 
|  61|0x00000006c3d00000, 0x00000006c3d00000, 0x00000006c3e00000|  0%| F|  |TAMS 0x00000006c3d00000, 0x00000006c3d00000| Untracked 
|  62|0x00000006c3e00000, 0x00000006c3e00000, 0x00000006c3f00000|  0%| F|  |TAMS 0x00000006c3e00000, 0x00000006c3e00000| Untracked 
|  63|0x00000006c3f00000, 0x00000006c3f00000, 0x00000006c4000000|  0%| F|  |TAMS 0x00000006c3f00000, 0x00000006c3f00000| Untracked 
|  64|0x00000006c4000000, 0x00000006c4000000, 0x00000006c4100000|  0%| F|  |TAMS 0x00000006c4000000, 0x00000006c4000000| Untracked 
|  65|0x00000006c4100000, 0x00000006c4100000, 0x00000006c4200000|  0%| F|  |TAMS 0x00000006c4100000, 0x00000006c4100000| Untracked 
|  66|0x00000006c4200000, 0x00000006c4200000, 0x00000006c4300000|  0%| F|  |TAMS 0x00000006c4200000, 0x00000006c4200000| Untracked 
|  67|0x00000006c4300000, 0x00000006c4300000, 0x00000006c4400000|  0%| F|  |TAMS 0x00000006c4300000, 0x00000006c4300000| Untracked 
|  68|0x00000006c4400000, 0x00000006c4400000, 0x00000006c4500000|  0%| F|  |TAMS 0x00000006c4400000, 0x00000006c4400000| Untracked 
|  69|0x00000006c4500000, 0x00000006c4500000, 0x00000006c4600000|  0%| F|  |TAMS 0x00000006c4500000, 0x00000006c4500000| Untracked 
|  70|0x00000006c4600000, 0x00000006c4600000, 0x00000006c4700000|  0%| F|  |TAMS 0x00000006c4600000, 0x00000006c4600000| Untracked 
|  71|0x00000006c4700000, 0x00000006c4700000, 0x00000006c4800000|  0%| F|  |TAMS 0x00000006c4700000, 0x00000006c4700000| Untracked 
|  72|0x00000006c4800000, 0x00000006c4800000, 0x00000006c4900000|  0%| F|  |TAMS 0x00000006c4800000, 0x00000006c4800000| Untracked 
|  73|0x00000006c4900000, 0x00000006c4900000, 0x00000006c4a00000|  0%| F|  |TAMS 0x00000006c4900000, 0x00000006c4900000| Untracked 
|  74|0x00000006c4a00000, 0x00000006c4a00000, 0x00000006c4b00000|  0%| F|  |TAMS 0x00000006c4a00000, 0x00000006c4a00000| Untracked 
|  75|0x00000006c4b00000, 0x00000006c4b00000, 0x00000006c4c00000|  0%| F|  |TAMS 0x00000006c4b00000, 0x00000006c4b00000| Untracked 
|  76|0x00000006c4c00000, 0x00000006c4c00000, 0x00000006c4d00000|  0%| F|  |TAMS 0x00000006c4c00000, 0x00000006c4c00000| Untracked 
|  77|0x00000006c4d00000, 0x00000006c4d00000, 0x00000006c4e00000|  0%| F|  |TAMS 0x00000006c4d00000, 0x00000006c4d00000| Untracked 
|  78|0x00000006c4e00000, 0x00000006c4e00000, 0x00000006c4f00000|  0%| F|  |TAMS 0x00000006c4e00000, 0x00000006c4e00000| Untracked 
|  79|0x00000006c4f00000, 0x00000006c4f00000, 0x00000006c5000000|  0%| F|  |TAMS 0x00000006c4f00000, 0x00000006c4f00000| Untracked 
|  80|0x00000006c5000000, 0x00000006c5000000, 0x00000006c5100000|  0%| F|  |TAMS 0x00000006c5000000, 0x00000006c5000000| Untracked 
|  81|0x00000006c5100000, 0x00000006c5100000, 0x00000006c5200000|  0%| F|  |TAMS 0x00000006c5100000, 0x00000006c5100000| Untracked 
|  82|0x00000006c5200000, 0x00000006c5200000, 0x00000006c5300000|  0%| F|  |TAMS 0x00000006c5200000, 0x00000006c5200000| Untracked 
|  83|0x00000006c5300000, 0x00000006c5300000, 0x00000006c5400000|  0%| F|  |TAMS 0x00000006c5300000, 0x00000006c5300000| Untracked 
|  84|0x00000006c5400000, 0x00000006c5400000, 0x00000006c5500000|  0%| F|  |TAMS 0x00000006c5400000, 0x00000006c5400000| Untracked 
|  85|0x00000006c5500000, 0x00000006c5500000, 0x00000006c5600000|  0%| F|  |TAMS 0x00000006c5500000, 0x00000006c5500000| Untracked 
|  86|0x00000006c5600000, 0x00000006c5600000, 0x00000006c5700000|  0%| F|  |TAMS 0x00000006c5600000, 0x00000006c5600000| Untracked 
|  87|0x00000006c5700000, 0x00000006c5700000, 0x00000006c5800000|  0%| F|  |TAMS 0x00000006c5700000, 0x00000006c5700000| Untracked 
|  88|0x00000006c5800000, 0x00000006c5800000, 0x00000006c5900000|  0%| F|  |TAMS 0x00000006c5800000, 0x00000006c5800000| Untracked 
|  89|0x00000006c5900000, 0x00000006c5900000, 0x00000006c5a00000|  0%| F|  |TAMS 0x00000006c5900000, 0x00000006c5900000| Untracked 
|  90|0x00000006c5a00000, 0x00000006c5a00000, 0x00000006c5b00000|  0%| F|  |TAMS 0x00000006c5a00000, 0x00000006c5a00000| Untracked 
|  91|0x00000006c5b00000, 0x00000006c5b00000, 0x00000006c5c00000|  0%| F|  |TAMS 0x00000006c5b00000, 0x00000006c5b00000| Untracked 
|  92|0x00000006c5c00000, 0x00000006c5c00000, 0x00000006c5d00000|  0%| F|  |TAMS 0x00000006c5c00000, 0x00000006c5c00000| Untracked 
|  93|0x00000006c5d00000, 0x00000006c5d00000, 0x00000006c5e00000|  0%| F|  |TAMS 0x00000006c5d00000, 0x00000006c5d00000| Untracked 
|  94|0x00000006c5e00000, 0x00000006c5e00000, 0x00000006c5f00000|  0%| F|  |TAMS 0x00000006c5e00000, 0x00000006c5e00000| Untracked 
|  95|0x00000006c5f00000, 0x00000006c5f00000, 0x00000006c6000000|  0%| F|  |TAMS 0x00000006c5f00000, 0x00000006c5f00000| Untracked 
|  96|0x00000006c6000000, 0x00000006c6000000, 0x00000006c6100000|  0%| F|  |TAMS 0x00000006c6000000, 0x00000006c6000000| Untracked 
|  97|0x00000006c6100000, 0x00000006c6100000, 0x00000006c6200000|  0%| F|  |TAMS 0x00000006c6100000, 0x00000006c6100000| Untracked 
|  98|0x00000006c6200000, 0x00000006c6200000, 0x00000006c6300000|  0%| F|  |TAMS 0x00000006c6200000, 0x00000006c6200000| Untracked 
|  99|0x00000006c6300000, 0x00000006c6300000, 0x00000006c6400000|  0%| F|  |TAMS 0x00000006c6300000, 0x00000006c6300000| Untracked 
| 100|0x00000006c6400000, 0x00000006c6400000, 0x00000006c6500000|  0%| F|  |TAMS 0x00000006c6400000, 0x00000006c6400000| Untracked 
| 101|0x00000006c6500000, 0x00000006c6500000, 0x00000006c6600000|  0%| F|  |TAMS 0x00000006c6500000, 0x00000006c6500000| Untracked 
| 102|0x00000006c6600000, 0x00000006c6600000, 0x00000006c6700000|  0%| F|  |TAMS 0x00000006c6600000, 0x00000006c6600000| Untracked 
| 103|0x00000006c6700000, 0x00000006c6700000, 0x00000006c6800000|  0%| F|  |TAMS 0x00000006c6700000, 0x00000006c6700000| Untracked 
| 104|0x00000006c6800000, 0x00000006c6800000, 0x00000006c6900000|  0%| F|  |TAMS 0x00000006c6800000, 0x00000006c6800000| Untracked 
| 105|0x00000006c6900000, 0x00000006c6900000, 0x00000006c6a00000|  0%| F|  |TAMS 0x00000006c6900000, 0x00000006c6900000| Untracked 
| 106|0x00000006c6a00000, 0x00000006c6a00000, 0x00000006c6b00000|  0%| F|  |TAMS 0x00000006c6a00000, 0x00000006c6a00000| Untracked 
| 107|0x00000006c6b00000, 0x00000006c6b00000, 0x00000006c6c00000|  0%| F|  |TAMS 0x00000006c6b00000, 0x00000006c6b00000| Untracked 
| 108|0x00000006c6c00000, 0x00000006c6c00000, 0x00000006c6d00000|  0%| F|  |TAMS 0x00000006c6c00000, 0x00000006c6c00000| Untracked 
| 109|0x00000006c6d00000, 0x00000006c6d00000, 0x00000006c6e00000|  0%| F|  |TAMS 0x00000006c6d00000, 0x00000006c6d00000| Untracked 
| 110|0x00000006c6e00000, 0x00000006c6e00000, 0x00000006c6f00000|  0%| F|  |TAMS 0x00000006c6e00000, 0x00000006c6e00000| Untracked 
| 111|0x00000006c6f00000, 0x00000006c6f00000, 0x00000006c7000000|  0%| F|  |TAMS 0x00000006c6f00000, 0x00000006c6f00000| Untracked 
| 112|0x00000006c7000000, 0x00000006c7000000, 0x00000006c7100000|  0%| F|  |TAMS 0x00000006c7000000, 0x00000006c7000000| Untracked 
| 113|0x00000006c7100000, 0x00000006c7100000, 0x00000006c7200000|  0%| F|  |TAMS 0x00000006c7100000, 0x00000006c7100000| Untracked 
| 114|0x00000006c7200000, 0x00000006c7200000, 0x00000006c7300000|  0%| F|  |TAMS 0x00000006c7200000, 0x00000006c7200000| Untracked 
| 115|0x00000006c7300000, 0x00000006c7300000, 0x00000006c7400000|  0%| F|  |TAMS 0x00000006c7300000, 0x00000006c7300000| Untracked 
| 116|0x00000006c7400000, 0x00000006c7400000, 0x00000006c7500000|  0%| F|  |TAMS 0x00000006c7400000, 0x00000006c7400000| Untracked 
| 117|0x00000006c7500000, 0x00000006c7500000, 0x00000006c7600000|  0%| F|  |TAMS 0x00000006c7500000, 0x00000006c7500000| Untracked 
| 118|0x00000006c7600000, 0x00000006c7600000, 0x00000006c7700000|  0%| F|  |TAMS 0x00000006c7600000, 0x00000006c7600000| Untracked 
| 119|0x00000006c7700000, 0x00000006c7700000, 0x00000006c7800000|  0%| F|  |TAMS 0x00000006c7700000, 0x00000006c7700000| Untracked 
| 120|0x00000006c7800000, 0x00000006c7800000, 0x00000006c7900000|  0%| F|  |TAMS 0x00000006c7800000, 0x00000006c7800000| Untracked 
| 121|0x00000006c7900000, 0x00000006c7900000, 0x00000006c7a00000|  0%| F|  |TAMS 0x00000006c7900000, 0x00000006c7900000| Untracked 
| 122|0x00000006c7a00000, 0x00000006c7a00000, 0x00000006c7b00000|  0%| F|  |TAMS 0x00000006c7a00000, 0x00000006c7a00000| Untracked 
| 123|0x00000006c7b00000, 0x00000006c7b00000, 0x00000006c7c00000|  0%| F|  |TAMS 0x00000006c7b00000, 0x00000006c7b00000| Untracked 
| 124|0x00000006c7c00000, 0x00000006c7c00000, 0x00000006c7d00000|  0%| F|  |TAMS 0x00000006c7c00000, 0x00000006c7c00000| Untracked 
| 125|0x00000006c7d00000, 0x00000006c7d00000, 0x00000006c7e00000|  0%| F|  |TAMS 0x00000006c7d00000, 0x00000006c7d00000| Untracked 
| 126|0x00000006c7e00000, 0x00000006c7e00000, 0x00000006c7f00000|  0%| F|  |TAMS 0x00000006c7e00000, 0x00000006c7e00000| Untracked 
| 127|0x00000006c7f00000, 0x00000006c7f00000, 0x00000006c8000000|  0%| F|  |TAMS 0x00000006c7f00000, 0x00000006c7f00000| Untracked 
| 128|0x00000006c8000000, 0x00000006c8000000, 0x00000006c8100000|  0%| F|  |TAMS 0x00000006c8000000, 0x00000006c8000000| Untracked 
| 129|0x00000006c8100000, 0x00000006c8100000, 0x00000006c8200000|  0%| F|  |TAMS 0x00000006c8100000, 0x00000006c8100000| Untracked 
| 130|0x00000006c8200000, 0x00000006c8200000, 0x00000006c8300000|  0%| F|  |TAMS 0x00000006c8200000, 0x00000006c8200000| Untracked 
| 131|0x00000006c8300000, 0x00000006c8300000, 0x00000006c8400000|  0%| F|  |TAMS 0x00000006c8300000, 0x00000006c8300000| Untracked 
| 132|0x00000006c8400000, 0x00000006c8400000, 0x00000006c8500000|  0%| F|  |TAMS 0x00000006c8400000, 0x00000006c8400000| Untracked 
| 133|0x00000006c8500000, 0x00000006c8500000, 0x00000006c8600000|  0%| F|  |TAMS 0x00000006c8500000, 0x00000006c8500000| Untracked 
| 134|0x00000006c8600000, 0x00000006c8600000, 0x00000006c8700000|  0%| F|  |TAMS 0x00000006c8600000, 0x00000006c8600000| Untracked 
| 135|0x00000006c8700000, 0x00000006c8700000, 0x00000006c8800000|  0%| F|  |TAMS 0x00000006c8700000, 0x00000006c8700000| Untracked 
| 136|0x00000006c8800000, 0x00000006c8800000, 0x00000006c8900000|  0%| F|  |TAMS 0x00000006c8800000, 0x00000006c8800000| Untracked 
| 137|0x00000006c8900000, 0x00000006c8900000, 0x00000006c8a00000|  0%| F|  |TAMS 0x00000006c8900000, 0x00000006c8900000| Untracked 
| 138|0x00000006c8a00000, 0x00000006c8a00000, 0x00000006c8b00000|  0%| F|  |TAMS 0x00000006c8a00000, 0x00000006c8a00000| Untracked 
| 139|0x00000006c8b00000, 0x00000006c8b00000, 0x00000006c8c00000|  0%| F|  |TAMS 0x00000006c8b00000, 0x00000006c8b00000| Untracked 
| 140|0x00000006c8c00000, 0x00000006c8c00000, 0x00000006c8d00000|  0%| F|  |TAMS 0x00000006c8c00000, 0x00000006c8c00000| Untracked 
| 141|0x00000006c8d00000, 0x00000006c8d00000, 0x00000006c8e00000|  0%| F|  |TAMS 0x00000006c8d00000, 0x00000006c8d00000| Untracked 
| 142|0x00000006c8e00000, 0x00000006c8e00000, 0x00000006c8f00000|  0%| F|  |TAMS 0x00000006c8e00000, 0x00000006c8e00000| Untracked 
| 143|0x00000006c8f00000, 0x00000006c8f00000, 0x00000006c9000000|  0%| F|  |TAMS 0x00000006c8f00000, 0x00000006c8f00000| Untracked 
| 144|0x00000006c9000000, 0x00000006c9000000, 0x00000006c9100000|  0%| F|  |TAMS 0x00000006c9000000, 0x00000006c9000000| Untracked 
| 145|0x00000006c9100000, 0x00000006c9100000, 0x00000006c9200000|  0%| F|  |TAMS 0x00000006c9100000, 0x00000006c9100000| Untracked 
| 146|0x00000006c9200000, 0x00000006c9200000, 0x00000006c9300000|  0%| F|  |TAMS 0x00000006c9200000, 0x00000006c9200000| Untracked 
| 147|0x00000006c9300000, 0x00000006c9300000, 0x00000006c9400000|  0%| F|  |TAMS 0x00000006c9300000, 0x00000006c9300000| Untracked 
| 148|0x00000006c9400000, 0x00000006c9400000, 0x00000006c9500000|  0%| F|  |TAMS 0x00000006c9400000, 0x00000006c9400000| Untracked 
| 149|0x00000006c9500000, 0x00000006c9500000, 0x00000006c9600000|  0%| F|  |TAMS 0x00000006c9500000, 0x00000006c9500000| Untracked 
| 150|0x00000006c9600000, 0x00000006c9600000, 0x00000006c9700000|  0%| F|  |TAMS 0x00000006c9600000, 0x00000006c9600000| Untracked 
| 151|0x00000006c9700000, 0x00000006c9700000, 0x00000006c9800000|  0%| F|  |TAMS 0x00000006c9700000, 0x00000006c9700000| Untracked 
| 152|0x00000006c9800000, 0x00000006c9800000, 0x00000006c9900000|  0%| F|  |TAMS 0x00000006c9800000, 0x00000006c9800000| Untracked 
| 153|0x00000006c9900000, 0x00000006c9900000, 0x00000006c9a00000|  0%| F|  |TAMS 0x00000006c9900000, 0x00000006c9900000| Untracked 
| 154|0x00000006c9a00000, 0x00000006c9a00000, 0x00000006c9b00000|  0%| F|  |TAMS 0x00000006c9a00000, 0x00000006c9a00000| Untracked 
| 155|0x00000006c9b00000, 0x00000006c9b00000, 0x00000006c9c00000|  0%| F|  |TAMS 0x00000006c9b00000, 0x00000006c9b00000| Untracked 
| 156|0x00000006c9c00000, 0x00000006c9c00000, 0x00000006c9d00000|  0%| F|  |TAMS 0x00000006c9c00000, 0x00000006c9c00000| Untracked 
| 157|0x00000006c9d00000, 0x00000006c9d00000, 0x00000006c9e00000|  0%| F|  |TAMS 0x00000006c9d00000, 0x00000006c9d00000| Untracked 
| 158|0x00000006c9e00000, 0x00000006c9e00000, 0x00000006c9f00000|  0%| F|  |TAMS 0x00000006c9e00000, 0x00000006c9e00000| Untracked 
| 159|0x00000006c9f00000, 0x00000006c9f00000, 0x00000006ca000000|  0%| F|  |TAMS 0x00000006c9f00000, 0x00000006c9f00000| Untracked 
| 160|0x00000006ca000000, 0x00000006ca000000, 0x00000006ca100000|  0%| F|  |TAMS 0x00000006ca000000, 0x00000006ca000000| Untracked 
| 161|0x00000006ca100000, 0x00000006ca100000, 0x00000006ca200000|  0%| F|  |TAMS 0x00000006ca100000, 0x00000006ca100000| Untracked 
| 162|0x00000006ca200000, 0x00000006ca200000, 0x00000006ca300000|  0%| F|  |TAMS 0x00000006ca200000, 0x00000006ca200000| Untracked 
| 163|0x00000006ca300000, 0x00000006ca300000, 0x00000006ca400000|  0%| F|  |TAMS 0x00000006ca300000, 0x00000006ca300000| Untracked 
| 164|0x00000006ca400000, 0x00000006ca400000, 0x00000006ca500000|  0%| F|  |TAMS 0x00000006ca400000, 0x00000006ca400000| Untracked 
| 165|0x00000006ca500000, 0x00000006ca500000, 0x00000006ca600000|  0%| F|  |TAMS 0x00000006ca500000, 0x00000006ca500000| Untracked 
| 166|0x00000006ca600000, 0x00000006ca600000, 0x00000006ca700000|  0%| F|  |TAMS 0x00000006ca600000, 0x00000006ca600000| Untracked 
| 167|0x00000006ca700000, 0x00000006ca700000, 0x00000006ca800000|  0%| F|  |TAMS 0x00000006ca700000, 0x00000006ca700000| Untracked 
| 168|0x00000006ca800000, 0x00000006ca800000, 0x00000006ca900000|  0%| F|  |TAMS 0x00000006ca800000, 0x00000006ca800000| Untracked 
| 169|0x00000006ca900000, 0x00000006ca900000, 0x00000006caa00000|  0%| F|  |TAMS 0x00000006ca900000, 0x00000006ca900000| Untracked 
| 170|0x00000006caa00000, 0x00000006caa00000, 0x00000006cab00000|  0%| F|  |TAMS 0x00000006caa00000, 0x00000006caa00000| Untracked 
| 171|0x00000006cab00000, 0x00000006cab00000, 0x00000006cac00000|  0%| F|  |TAMS 0x00000006cab00000, 0x00000006cab00000| Untracked 
| 172|0x00000006cac00000, 0x00000006cac00000, 0x00000006cad00000|  0%| F|  |TAMS 0x00000006cac00000, 0x00000006cac00000| Untracked 
| 173|0x00000006cad00000, 0x00000006cad00000, 0x00000006cae00000|  0%| F|  |TAMS 0x00000006cad00000, 0x00000006cad00000| Untracked 
| 174|0x00000006cae00000, 0x00000006cae00000, 0x00000006caf00000|  0%| F|  |TAMS 0x00000006cae00000, 0x00000006cae00000| Untracked 
| 175|0x00000006caf00000, 0x00000006caf00000, 0x00000006cb000000|  0%| F|  |TAMS 0x00000006caf00000, 0x00000006caf00000| Untracked 
| 176|0x00000006cb000000, 0x00000006cb000000, 0x00000006cb100000|  0%| F|  |TAMS 0x00000006cb000000, 0x00000006cb000000| Untracked 
| 177|0x00000006cb100000, 0x00000006cb100000, 0x00000006cb200000|  0%| F|  |TAMS 0x00000006cb100000, 0x00000006cb100000| Untracked 
| 178|0x00000006cb200000, 0x00000006cb200000, 0x00000006cb300000|  0%| F|  |TAMS 0x00000006cb200000, 0x00000006cb200000| Untracked 
| 179|0x00000006cb300000, 0x00000006cb300000, 0x00000006cb400000|  0%| F|  |TAMS 0x00000006cb300000, 0x00000006cb300000| Untracked 
| 180|0x00000006cb400000, 0x00000006cb400000, 0x00000006cb500000|  0%| F|  |TAMS 0x00000006cb400000, 0x00000006cb400000| Untracked 
| 181|0x00000006cb500000, 0x00000006cb500000, 0x00000006cb600000|  0%| F|  |TAMS 0x00000006cb500000, 0x00000006cb500000| Untracked 
| 182|0x00000006cb600000, 0x00000006cb600000, 0x00000006cb700000|  0%| F|  |TAMS 0x00000006cb600000, 0x00000006cb600000| Untracked 
| 183|0x00000006cb700000, 0x00000006cb700000, 0x00000006cb800000|  0%| F|  |TAMS 0x00000006cb700000, 0x00000006cb700000| Untracked 
| 184|0x00000006cb800000, 0x00000006cb800000, 0x00000006cb900000|  0%| F|  |TAMS 0x00000006cb800000, 0x00000006cb800000| Untracked 
| 185|0x00000006cb900000, 0x00000006cb900000, 0x00000006cba00000|  0%| F|  |TAMS 0x00000006cb900000, 0x00000006cb900000| Untracked 
| 186|0x00000006cba00000, 0x00000006cba00000, 0x00000006cbb00000|  0%| F|  |TAMS 0x00000006cba00000, 0x00000006cba00000| Untracked 
| 187|0x00000006cbb00000, 0x00000006cbb00000, 0x00000006cbc00000|  0%| F|  |TAMS 0x00000006cbb00000, 0x00000006cbb00000| Untracked 
| 188|0x00000006cbc00000, 0x00000006cbc00000, 0x00000006cbd00000|  0%| F|  |TAMS 0x00000006cbc00000, 0x00000006cbc00000| Untracked 
| 189|0x00000006cbd00000, 0x00000006cbd00000, 0x00000006cbe00000|  0%| F|  |TAMS 0x00000006cbd00000, 0x00000006cbd00000| Untracked 
| 190|0x00000006cbe00000, 0x00000006cbe00000, 0x00000006cbf00000|  0%| F|  |TAMS 0x00000006cbe00000, 0x00000006cbe00000| Untracked 
| 191|0x00000006cbf00000, 0x00000006cbf00000, 0x00000006cc000000|  0%| F|  |TAMS 0x00000006cbf00000, 0x00000006cbf00000| Untracked 
| 192|0x00000006cc000000, 0x00000006cc000000, 0x00000006cc100000|  0%| F|  |TAMS 0x00000006cc000000, 0x00000006cc000000| Untracked 
| 193|0x00000006cc100000, 0x00000006cc100000, 0x00000006cc200000|  0%| F|  |TAMS 0x00000006cc100000, 0x00000006cc100000| Untracked 
| 194|0x00000006cc200000, 0x00000006cc200000, 0x00000006cc300000|  0%| F|  |TAMS 0x00000006cc200000, 0x00000006cc200000| Untracked 
| 195|0x00000006cc300000, 0x00000006cc300000, 0x00000006cc400000|  0%| F|  |TAMS 0x00000006cc300000, 0x00000006cc300000| Untracked 
| 196|0x00000006cc400000, 0x00000006cc400000, 0x00000006cc500000|  0%| F|  |TAMS 0x00000006cc400000, 0x00000006cc400000| Untracked 
| 197|0x00000006cc500000, 0x00000006cc500000, 0x00000006cc600000|  0%| F|  |TAMS 0x00000006cc500000, 0x00000006cc500000| Untracked 
| 198|0x00000006cc600000, 0x00000006cc600000, 0x00000006cc700000|  0%| F|  |TAMS 0x00000006cc600000, 0x00000006cc600000| Untracked 
| 199|0x00000006cc700000, 0x00000006cc700000, 0x00000006cc800000|  0%| F|  |TAMS 0x00000006cc700000, 0x00000006cc700000| Untracked 
| 200|0x00000006cc800000, 0x00000006cc800000, 0x00000006cc900000|  0%| F|  |TAMS 0x00000006cc800000, 0x00000006cc800000| Untracked 
| 201|0x00000006cc900000, 0x00000006cc900000, 0x00000006cca00000|  0%| F|  |TAMS 0x00000006cc900000, 0x00000006cc900000| Untracked 
| 202|0x00000006cca00000, 0x00000006cca00000, 0x00000006ccb00000|  0%| F|  |TAMS 0x00000006cca00000, 0x00000006cca00000| Untracked 
| 203|0x00000006ccb00000, 0x00000006ccb00000, 0x00000006ccc00000|  0%| F|  |TAMS 0x00000006ccb00000, 0x00000006ccb00000| Untracked 
| 204|0x00000006ccc00000, 0x00000006ccc00000, 0x00000006ccd00000|  0%| F|  |TAMS 0x00000006ccc00000, 0x00000006ccc00000| Untracked 
| 205|0x00000006ccd00000, 0x00000006ccd00000, 0x00000006cce00000|  0%| F|  |TAMS 0x00000006ccd00000, 0x00000006ccd00000| Untracked 
| 206|0x00000006cce00000, 0x00000006cce00000, 0x00000006ccf00000|  0%| F|  |TAMS 0x00000006cce00000, 0x00000006cce00000| Untracked 
| 207|0x00000006ccf00000, 0x00000006ccf00000, 0x00000006cd000000|  0%| F|  |TAMS 0x00000006ccf00000, 0x00000006ccf00000| Untracked 
| 208|0x00000006cd000000, 0x00000006cd000000, 0x00000006cd100000|  0%| F|  |TAMS 0x00000006cd000000, 0x00000006cd000000| Untracked 
| 209|0x00000006cd100000, 0x00000006cd100000, 0x00000006cd200000|  0%| F|  |TAMS 0x00000006cd100000, 0x00000006cd100000| Untracked 
| 210|0x00000006cd200000, 0x00000006cd200000, 0x00000006cd300000|  0%| F|  |TAMS 0x00000006cd200000, 0x00000006cd200000| Untracked 
| 211|0x00000006cd300000, 0x00000006cd300000, 0x00000006cd400000|  0%| F|  |TAMS 0x00000006cd300000, 0x00000006cd300000| Untracked 
| 212|0x00000006cd400000, 0x00000006cd400000, 0x00000006cd500000|  0%| F|  |TAMS 0x00000006cd400000, 0x00000006cd400000| Untracked 
| 213|0x00000006cd500000, 0x00000006cd500000, 0x00000006cd600000|  0%| F|  |TAMS 0x00000006cd500000, 0x00000006cd500000| Untracked 
| 214|0x00000006cd600000, 0x00000006cd600000, 0x00000006cd700000|  0%| F|  |TAMS 0x00000006cd600000, 0x00000006cd600000| Untracked 
| 215|0x00000006cd700000, 0x00000006cd700000, 0x00000006cd800000|  0%| F|  |TAMS 0x00000006cd700000, 0x00000006cd700000| Untracked 
| 216|0x00000006cd800000, 0x00000006cd800000, 0x00000006cd900000|  0%| F|  |TAMS 0x00000006cd800000, 0x00000006cd800000| Untracked 
| 217|0x00000006cd900000, 0x00000006cd900000, 0x00000006cda00000|  0%| F|  |TAMS 0x00000006cd900000, 0x00000006cd900000| Untracked 
| 218|0x00000006cda00000, 0x00000006cda00000, 0x00000006cdb00000|  0%| F|  |TAMS 0x00000006cda00000, 0x00000006cda00000| Untracked 
| 219|0x00000006cdb00000, 0x00000006cdb00000, 0x00000006cdc00000|  0%| F|  |TAMS 0x00000006cdb00000, 0x00000006cdb00000| Untracked 
| 220|0x00000006cdc00000, 0x00000006cdc00000, 0x00000006cdd00000|  0%| F|  |TAMS 0x00000006cdc00000, 0x00000006cdc00000| Untracked 
| 221|0x00000006cdd00000, 0x00000006cdd00000, 0x00000006cde00000|  0%| F|  |TAMS 0x00000006cdd00000, 0x00000006cdd00000| Untracked 
| 222|0x00000006cde00000, 0x00000006cde00000, 0x00000006cdf00000|  0%| F|  |TAMS 0x00000006cde00000, 0x00000006cde00000| Untracked 
| 223|0x00000006cdf00000, 0x00000006cdf00000, 0x00000006ce000000|  0%| F|  |TAMS 0x00000006cdf00000, 0x00000006cdf00000| Untracked 
| 224|0x00000006ce000000, 0x00000006ce000000, 0x00000006ce100000|  0%| F|  |TAMS 0x00000006ce000000, 0x00000006ce000000| Untracked 
| 225|0x00000006ce100000, 0x00000006ce100000, 0x00000006ce200000|  0%| F|  |TAMS 0x00000006ce100000, 0x00000006ce100000| Untracked 
| 226|0x00000006ce200000, 0x00000006ce200000, 0x00000006ce300000|  0%| F|  |TAMS 0x00000006ce200000, 0x00000006ce200000| Untracked 
| 227|0x00000006ce300000, 0x00000006ce300000, 0x00000006ce400000|  0%| F|  |TAMS 0x00000006ce300000, 0x00000006ce300000| Untracked 
| 228|0x00000006ce400000, 0x00000006ce400000, 0x00000006ce500000|  0%| F|  |TAMS 0x00000006ce400000, 0x00000006ce400000| Untracked 
| 229|0x00000006ce500000, 0x00000006ce500000, 0x00000006ce600000|  0%| F|  |TAMS 0x00000006ce500000, 0x00000006ce500000| Untracked 
| 230|0x00000006ce600000, 0x00000006ce600000, 0x00000006ce700000|  0%| F|  |TAMS 0x00000006ce600000, 0x00000006ce600000| Untracked 
| 231|0x00000006ce700000, 0x00000006ce700000, 0x00000006ce800000|  0%| F|  |TAMS 0x00000006ce700000, 0x00000006ce700000| Untracked 
| 232|0x00000006ce800000, 0x00000006ce800000, 0x00000006ce900000|  0%| F|  |TAMS 0x00000006ce800000, 0x00000006ce800000| Untracked 
| 233|0x00000006ce900000, 0x00000006ce900000, 0x00000006cea00000|  0%| F|  |TAMS 0x00000006ce900000, 0x00000006ce900000| Untracked 
| 234|0x00000006cea00000, 0x00000006cea00000, 0x00000006ceb00000|  0%| F|  |TAMS 0x00000006cea00000, 0x00000006cea00000| Untracked 
| 235|0x00000006ceb00000, 0x00000006ceb00000, 0x00000006cec00000|  0%| F|  |TAMS 0x00000006ceb00000, 0x00000006ceb00000| Untracked 
| 236|0x00000006cec00000, 0x00000006cec00000, 0x00000006ced00000|  0%| F|  |TAMS 0x00000006cec00000, 0x00000006cec00000| Untracked 
| 237|0x00000006ced00000, 0x00000006ced00000, 0x00000006cee00000|  0%| F|  |TAMS 0x00000006ced00000, 0x00000006ced00000| Untracked 
| 238|0x00000006cee00000, 0x00000006cee00000, 0x00000006cef00000|  0%| F|  |TAMS 0x00000006cee00000, 0x00000006cee00000| Untracked 
| 239|0x00000006cef00000, 0x00000006cef00000, 0x00000006cf000000|  0%| F|  |TAMS 0x00000006cef00000, 0x00000006cef00000| Untracked 
| 240|0x00000006cf000000, 0x00000006cf000000, 0x00000006cf100000|  0%| F|  |TAMS 0x00000006cf000000, 0x00000006cf000000| Untracked 
| 241|0x00000006cf100000, 0x00000006cf100000, 0x00000006cf200000|  0%| F|  |TAMS 0x00000006cf100000, 0x00000006cf100000| Untracked 
| 242|0x00000006cf200000, 0x00000006cf200000, 0x00000006cf300000|  0%| F|  |TAMS 0x00000006cf200000, 0x00000006cf200000| Untracked 
| 243|0x00000006cf300000, 0x00000006cf300000, 0x00000006cf400000|  0%| F|  |TAMS 0x00000006cf300000, 0x00000006cf300000| Untracked 
| 244|0x00000006cf400000, 0x00000006cf400000, 0x00000006cf500000|  0%| F|  |TAMS 0x00000006cf400000, 0x00000006cf400000| Untracked 
| 245|0x00000006cf500000, 0x00000006cf500000, 0x00000006cf600000|  0%| F|  |TAMS 0x00000006cf500000, 0x00000006cf500000| Untracked 
| 246|0x00000006cf600000, 0x00000006cf600000, 0x00000006cf700000|  0%| F|  |TAMS 0x00000006cf600000, 0x00000006cf600000| Untracked 
| 247|0x00000006cf700000, 0x00000006cf700000, 0x00000006cf800000|  0%| F|  |TAMS 0x00000006cf700000, 0x00000006cf700000| Untracked 
| 248|0x00000006cf800000, 0x00000006cf800000, 0x00000006cf900000|  0%| F|  |TAMS 0x00000006cf800000, 0x00000006cf800000| Untracked 
| 249|0x00000006cf900000, 0x00000006cf900000, 0x00000006cfa00000|  0%| F|  |TAMS 0x00000006cf900000, 0x00000006cf900000| Untracked 
| 250|0x00000006cfa00000, 0x00000006cfa00000, 0x00000006cfb00000|  0%| F|  |TAMS 0x00000006cfa00000, 0x00000006cfa00000| Untracked 
| 251|0x00000006cfb00000, 0x00000006cfb00000, 0x00000006cfc00000|  0%| F|  |TAMS 0x00000006cfb00000, 0x00000006cfb00000| Untracked 
| 252|0x00000006cfc00000, 0x00000006cfc00000, 0x00000006cfd00000|  0%| F|  |TAMS 0x00000006cfc00000, 0x00000006cfc00000| Untracked 
| 253|0x00000006cfd00000, 0x00000006cfd00000, 0x00000006cfe00000|  0%| F|  |TAMS 0x00000006cfd00000, 0x00000006cfd00000| Untracked 
| 254|0x00000006cfe00000, 0x00000006cfe00000, 0x00000006cff00000|  0%| F|  |TAMS 0x00000006cfe00000, 0x00000006cfe00000| Untracked 
| 255|0x00000006cff00000, 0x00000006cff00000, 0x00000006d0000000|  0%| F|  |TAMS 0x00000006cff00000, 0x00000006cff00000| Untracked 
| 256|0x00000006d0000000, 0x00000006d0000000, 0x00000006d0100000|  0%| F|  |TAMS 0x00000006d0000000, 0x00000006d0000000| Untracked 
| 257|0x00000006d0100000, 0x00000006d0100000, 0x00000006d0200000|  0%| F|  |TAMS 0x00000006d0100000, 0x00000006d0100000| Untracked 
| 258|0x00000006d0200000, 0x00000006d0200000, 0x00000006d0300000|  0%| F|  |TAMS 0x00000006d0200000, 0x00000006d0200000| Untracked 
| 259|0x00000006d0300000, 0x00000006d0300000, 0x00000006d0400000|  0%| F|  |TAMS 0x00000006d0300000, 0x00000006d0300000| Untracked 
| 260|0x00000006d0400000, 0x00000006d0400000, 0x00000006d0500000|  0%| F|  |TAMS 0x00000006d0400000, 0x00000006d0400000| Untracked 
| 261|0x00000006d0500000, 0x00000006d0500000, 0x00000006d0600000|  0%| F|  |TAMS 0x00000006d0500000, 0x00000006d0500000| Untracked 
| 262|0x00000006d0600000, 0x00000006d0600000, 0x00000006d0700000|  0%| F|  |TAMS 0x00000006d0600000, 0x00000006d0600000| Untracked 
| 263|0x00000006d0700000, 0x00000006d0700000, 0x00000006d0800000|  0%| F|  |TAMS 0x00000006d0700000, 0x00000006d0700000| Untracked 
| 264|0x00000006d0800000, 0x00000006d0800000, 0x00000006d0900000|  0%| F|  |TAMS 0x00000006d0800000, 0x00000006d0800000| Untracked 
| 265|0x00000006d0900000, 0x00000006d0900000, 0x00000006d0a00000|  0%| F|  |TAMS 0x00000006d0900000, 0x00000006d0900000| Untracked 
| 266|0x00000006d0a00000, 0x00000006d0a00000, 0x00000006d0b00000|  0%| F|  |TAMS 0x00000006d0a00000, 0x00000006d0a00000| Untracked 
| 267|0x00000006d0b00000, 0x00000006d0b00000, 0x00000006d0c00000|  0%| F|  |TAMS 0x00000006d0b00000, 0x00000006d0b00000| Untracked 
| 268|0x00000006d0c00000, 0x00000006d0c00000, 0x00000006d0d00000|  0%| F|  |TAMS 0x00000006d0c00000, 0x00000006d0c00000| Untracked 
| 269|0x00000006d0d00000, 0x00000006d0d00000, 0x00000006d0e00000|  0%| F|  |TAMS 0x00000006d0d00000, 0x00000006d0d00000| Untracked 
| 270|0x00000006d0e00000, 0x00000006d0e00000, 0x00000006d0f00000|  0%| F|  |TAMS 0x00000006d0e00000, 0x00000006d0e00000| Untracked 
| 271|0x00000006d0f00000, 0x00000006d0f00000, 0x00000006d1000000|  0%| F|  |TAMS 0x00000006d0f00000, 0x00000006d0f00000| Untracked 
| 272|0x00000006d1000000, 0x00000006d1000000, 0x00000006d1100000|  0%| F|  |TAMS 0x00000006d1000000, 0x00000006d1000000| Untracked 
| 273|0x00000006d1100000, 0x00000006d1100000, 0x00000006d1200000|  0%| F|  |TAMS 0x00000006d1100000, 0x00000006d1100000| Untracked 
| 274|0x00000006d1200000, 0x00000006d1200000, 0x00000006d1300000|  0%| F|  |TAMS 0x00000006d1200000, 0x00000006d1200000| Untracked 
| 275|0x00000006d1300000, 0x00000006d1300000, 0x00000006d1400000|  0%| F|  |TAMS 0x00000006d1300000, 0x00000006d1300000| Untracked 
| 276|0x00000006d1400000, 0x00000006d1400000, 0x00000006d1500000|  0%| F|  |TAMS 0x00000006d1400000, 0x00000006d1400000| Untracked 
| 277|0x00000006d1500000, 0x00000006d1500000, 0x00000006d1600000|  0%| F|  |TAMS 0x00000006d1500000, 0x00000006d1500000| Untracked 
| 278|0x00000006d1600000, 0x00000006d1600000, 0x00000006d1700000|  0%| F|  |TAMS 0x00000006d1600000, 0x00000006d1600000| Untracked 
| 279|0x00000006d1700000, 0x00000006d1700000, 0x00000006d1800000|  0%| F|  |TAMS 0x00000006d1700000, 0x00000006d1700000| Untracked 
| 280|0x00000006d1800000, 0x00000006d1800000, 0x00000006d1900000|  0%| F|  |TAMS 0x00000006d1800000, 0x00000006d1800000| Untracked 
| 281|0x00000006d1900000, 0x00000006d1900000, 0x00000006d1a00000|  0%| F|  |TAMS 0x00000006d1900000, 0x00000006d1900000| Untracked 
| 282|0x00000006d1a00000, 0x00000006d1a00000, 0x00000006d1b00000|  0%| F|  |TAMS 0x00000006d1a00000, 0x00000006d1a00000| Untracked 
| 283|0x00000006d1b00000, 0x00000006d1b00000, 0x00000006d1c00000|  0%| F|  |TAMS 0x00000006d1b00000, 0x00000006d1b00000| Untracked 
| 284|0x00000006d1c00000, 0x00000006d1c00000, 0x00000006d1d00000|  0%| F|  |TAMS 0x00000006d1c00000, 0x00000006d1c00000| Untracked 
| 285|0x00000006d1d00000, 0x00000006d1d00000, 0x00000006d1e00000|  0%| F|  |TAMS 0x00000006d1d00000, 0x00000006d1d00000| Untracked 
| 286|0x00000006d1e00000, 0x00000006d1e00000, 0x00000006d1f00000|  0%| F|  |TAMS 0x00000006d1e00000, 0x00000006d1e00000| Untracked 
| 287|0x00000006d1f00000, 0x00000006d1f00000, 0x00000006d2000000|  0%| F|  |TAMS 0x00000006d1f00000, 0x00000006d1f00000| Untracked 
| 288|0x00000006d2000000, 0x00000006d2000000, 0x00000006d2100000|  0%| F|  |TAMS 0x00000006d2000000, 0x00000006d2000000| Untracked 
| 289|0x00000006d2100000, 0x00000006d2100000, 0x00000006d2200000|  0%| F|  |TAMS 0x00000006d2100000, 0x00000006d2100000| Untracked 
| 290|0x00000006d2200000, 0x00000006d2200000, 0x00000006d2300000|  0%| F|  |TAMS 0x00000006d2200000, 0x00000006d2200000| Untracked 
| 291|0x00000006d2300000, 0x00000006d2300000, 0x00000006d2400000|  0%| F|  |TAMS 0x00000006d2300000, 0x00000006d2300000| Untracked 
| 292|0x00000006d2400000, 0x00000006d2400000, 0x00000006d2500000|  0%| F|  |TAMS 0x00000006d2400000, 0x00000006d2400000| Untracked 
| 293|0x00000006d2500000, 0x00000006d2500000, 0x00000006d2600000|  0%| F|  |TAMS 0x00000006d2500000, 0x00000006d2500000| Untracked 
| 294|0x00000006d2600000, 0x00000006d2600000, 0x00000006d2700000|  0%| F|  |TAMS 0x00000006d2600000, 0x00000006d2600000| Untracked 
| 295|0x00000006d2700000, 0x00000006d2700000, 0x00000006d2800000|  0%| F|  |TAMS 0x00000006d2700000, 0x00000006d2700000| Untracked 
| 296|0x00000006d2800000, 0x00000006d2800000, 0x00000006d2900000|  0%| F|  |TAMS 0x00000006d2800000, 0x00000006d2800000| Untracked 
| 297|0x00000006d2900000, 0x00000006d2900000, 0x00000006d2a00000|  0%| F|  |TAMS 0x00000006d2900000, 0x00000006d2900000| Untracked 
| 298|0x00000006d2a00000, 0x00000006d2a00000, 0x00000006d2b00000|  0%| F|  |TAMS 0x00000006d2a00000, 0x00000006d2a00000| Untracked 
| 299|0x00000006d2b00000, 0x00000006d2b00000, 0x00000006d2c00000|  0%| F|  |TAMS 0x00000006d2b00000, 0x00000006d2b00000| Untracked 
| 300|0x00000006d2c00000, 0x00000006d2c00000, 0x00000006d2d00000|  0%| F|  |TAMS 0x00000006d2c00000, 0x00000006d2c00000| Untracked 
| 301|0x00000006d2d00000, 0x00000006d2d00000, 0x00000006d2e00000|  0%| F|  |TAMS 0x00000006d2d00000, 0x00000006d2d00000| Untracked 
| 302|0x00000006d2e00000, 0x00000006d2e00000, 0x00000006d2f00000|  0%| F|  |TAMS 0x00000006d2e00000, 0x00000006d2e00000| Untracked 
| 303|0x00000006d2f00000, 0x00000006d2f00000, 0x00000006d3000000|  0%| F|  |TAMS 0x00000006d2f00000, 0x00000006d2f00000| Untracked 
| 304|0x00000006d3000000, 0x00000006d3000000, 0x00000006d3100000|  0%| F|  |TAMS 0x00000006d3000000, 0x00000006d3000000| Untracked 
| 305|0x00000006d3100000, 0x00000006d3100000, 0x00000006d3200000|  0%| F|  |TAMS 0x00000006d3100000, 0x00000006d3100000| Untracked 
| 306|0x00000006d3200000, 0x00000006d3200000, 0x00000006d3300000|  0%| F|  |TAMS 0x00000006d3200000, 0x00000006d3200000| Untracked 
| 307|0x00000006d3300000, 0x00000006d3300000, 0x00000006d3400000|  0%| F|  |TAMS 0x00000006d3300000, 0x00000006d3300000| Untracked 
| 308|0x00000006d3400000, 0x00000006d3400000, 0x00000006d3500000|  0%| F|  |TAMS 0x00000006d3400000, 0x00000006d3400000| Untracked 
| 309|0x00000006d3500000, 0x00000006d3500000, 0x00000006d3600000|  0%| F|  |TAMS 0x00000006d3500000, 0x00000006d3500000| Untracked 
| 310|0x00000006d3600000, 0x00000006d3600000, 0x00000006d3700000|  0%| F|  |TAMS 0x00000006d3600000, 0x00000006d3600000| Untracked 
| 311|0x00000006d3700000, 0x00000006d3700000, 0x00000006d3800000|  0%| F|  |TAMS 0x00000006d3700000, 0x00000006d3700000| Untracked 
| 312|0x00000006d3800000, 0x00000006d3800000, 0x00000006d3900000|  0%| F|  |TAMS 0x00000006d3800000, 0x00000006d3800000| Untracked 
| 313|0x00000006d3900000, 0x00000006d3900000, 0x00000006d3a00000|  0%| F|  |TAMS 0x00000006d3900000, 0x00000006d3900000| Untracked 
| 314|0x00000006d3a00000, 0x00000006d3a00000, 0x00000006d3b00000|  0%| F|  |TAMS 0x00000006d3a00000, 0x00000006d3a00000| Untracked 
| 315|0x00000006d3b00000, 0x00000006d3b00000, 0x00000006d3c00000|  0%| F|  |TAMS 0x00000006d3b00000, 0x00000006d3b00000| Untracked 
| 316|0x00000006d3c00000, 0x00000006d3c00000, 0x00000006d3d00000|  0%| F|  |TAMS 0x00000006d3c00000, 0x00000006d3c00000| Untracked 
| 317|0x00000006d3d00000, 0x00000006d3d00000, 0x00000006d3e00000|  0%| F|  |TAMS 0x00000006d3d00000, 0x00000006d3d00000| Untracked 
| 318|0x00000006d3e00000, 0x00000006d3e00000, 0x00000006d3f00000|  0%| F|  |TAMS 0x00000006d3e00000, 0x00000006d3e00000| Untracked 
| 319|0x00000006d3f00000, 0x00000006d3f00000, 0x00000006d4000000|  0%| F|  |TAMS 0x00000006d3f00000, 0x00000006d3f00000| Untracked 
| 320|0x00000006d4000000, 0x00000006d4000000, 0x00000006d4100000|  0%| F|  |TAMS 0x00000006d4000000, 0x00000006d4000000| Untracked 
| 321|0x00000006d4100000, 0x00000006d4100000, 0x00000006d4200000|  0%| F|  |TAMS 0x00000006d4100000, 0x00000006d4100000| Untracked 
| 322|0x00000006d4200000, 0x00000006d4200000, 0x00000006d4300000|  0%| F|  |TAMS 0x00000006d4200000, 0x00000006d4200000| Untracked 
| 323|0x00000006d4300000, 0x00000006d4300000, 0x00000006d4400000|  0%| F|  |TAMS 0x00000006d4300000, 0x00000006d4300000| Untracked 
| 324|0x00000006d4400000, 0x00000006d4400000, 0x00000006d4500000|  0%| F|  |TAMS 0x00000006d4400000, 0x00000006d4400000| Untracked 
| 325|0x00000006d4500000, 0x00000006d4500000, 0x00000006d4600000|  0%| F|  |TAMS 0x00000006d4500000, 0x00000006d4500000| Untracked 
| 326|0x00000006d4600000, 0x00000006d4600000, 0x00000006d4700000|  0%| F|  |TAMS 0x00000006d4600000, 0x00000006d4600000| Untracked 
| 327|0x00000006d4700000, 0x00000006d4700000, 0x00000006d4800000|  0%| F|  |TAMS 0x00000006d4700000, 0x00000006d4700000| Untracked 
| 328|0x00000006d4800000, 0x00000006d4800000, 0x00000006d4900000|  0%| F|  |TAMS 0x00000006d4800000, 0x00000006d4800000| Untracked 
| 329|0x00000006d4900000, 0x00000006d4900000, 0x00000006d4a00000|  0%| F|  |TAMS 0x00000006d4900000, 0x00000006d4900000| Untracked 
| 330|0x00000006d4a00000, 0x00000006d4a00000, 0x00000006d4b00000|  0%| F|  |TAMS 0x00000006d4a00000, 0x00000006d4a00000| Untracked 
| 331|0x00000006d4b00000, 0x00000006d4b00000, 0x00000006d4c00000|  0%| F|  |TAMS 0x00000006d4b00000, 0x00000006d4b00000| Untracked 
| 332|0x00000006d4c00000, 0x00000006d4c00000, 0x00000006d4d00000|  0%| F|  |TAMS 0x00000006d4c00000, 0x00000006d4c00000| Untracked 
| 333|0x00000006d4d00000, 0x00000006d4d00000, 0x00000006d4e00000|  0%| F|  |TAMS 0x00000006d4d00000, 0x00000006d4d00000| Untracked 
| 334|0x00000006d4e00000, 0x00000006d4e00000, 0x00000006d4f00000|  0%| F|  |TAMS 0x00000006d4e00000, 0x00000006d4e00000| Untracked 
| 335|0x00000006d4f00000, 0x00000006d4f00000, 0x00000006d5000000|  0%| F|  |TAMS 0x00000006d4f00000, 0x00000006d4f00000| Untracked 
| 336|0x00000006d5000000, 0x00000006d5000000, 0x00000006d5100000|  0%| F|  |TAMS 0x00000006d5000000, 0x00000006d5000000| Untracked 
| 337|0x00000006d5100000, 0x00000006d5100000, 0x00000006d5200000|  0%| F|  |TAMS 0x00000006d5100000, 0x00000006d5100000| Untracked 
| 338|0x00000006d5200000, 0x00000006d5200000, 0x00000006d5300000|  0%| F|  |TAMS 0x00000006d5200000, 0x00000006d5200000| Untracked 
| 339|0x00000006d5300000, 0x00000006d5300000, 0x00000006d5400000|  0%| F|  |TAMS 0x00000006d5300000, 0x00000006d5300000| Untracked 
| 340|0x00000006d5400000, 0x00000006d5400000, 0x00000006d5500000|  0%| F|  |TAMS 0x00000006d5400000, 0x00000006d5400000| Untracked 
| 341|0x00000006d5500000, 0x00000006d5500000, 0x00000006d5600000|  0%| F|  |TAMS 0x00000006d5500000, 0x00000006d5500000| Untracked 
| 342|0x00000006d5600000, 0x00000006d5600000, 0x00000006d5700000|  0%| F|  |TAMS 0x00000006d5600000, 0x00000006d5600000| Untracked 
| 343|0x00000006d5700000, 0x00000006d5700000, 0x00000006d5800000|  0%| F|  |TAMS 0x00000006d5700000, 0x00000006d5700000| Untracked 
| 344|0x00000006d5800000, 0x00000006d5800000, 0x00000006d5900000|  0%| F|  |TAMS 0x00000006d5800000, 0x00000006d5800000| Untracked 
| 345|0x00000006d5900000, 0x00000006d5900000, 0x00000006d5a00000|  0%| F|  |TAMS 0x00000006d5900000, 0x00000006d5900000| Untracked 
| 346|0x00000006d5a00000, 0x00000006d5a00000, 0x00000006d5b00000|  0%| F|  |TAMS 0x00000006d5a00000, 0x00000006d5a00000| Untracked 
| 347|0x00000006d5b00000, 0x00000006d5b00000, 0x00000006d5c00000|  0%| F|  |TAMS 0x00000006d5b00000, 0x00000006d5b00000| Untracked 
| 348|0x00000006d5c00000, 0x00000006d5c00000, 0x00000006d5d00000|  0%| F|  |TAMS 0x00000006d5c00000, 0x00000006d5c00000| Untracked 
| 349|0x00000006d5d00000, 0x00000006d5d00000, 0x00000006d5e00000|  0%| F|  |TAMS 0x00000006d5d00000, 0x00000006d5d00000| Untracked 
| 350|0x00000006d5e00000, 0x00000006d5e00000, 0x00000006d5f00000|  0%| F|  |TAMS 0x00000006d5e00000, 0x00000006d5e00000| Untracked 
| 351|0x00000006d5f00000, 0x00000006d5f00000, 0x00000006d6000000|  0%| F|  |TAMS 0x00000006d5f00000, 0x00000006d5f00000| Untracked 
| 352|0x00000006d6000000, 0x00000006d6000000, 0x00000006d6100000|  0%| F|  |TAMS 0x00000006d6000000, 0x00000006d6000000| Untracked 
| 353|0x00000006d6100000, 0x00000006d6100000, 0x00000006d6200000|  0%| F|  |TAMS 0x00000006d6100000, 0x00000006d6100000| Untracked 
| 354|0x00000006d6200000, 0x00000006d6200000, 0x00000006d6300000|  0%| F|  |TAMS 0x00000006d6200000, 0x00000006d6200000| Untracked 
| 355|0x00000006d6300000, 0x00000006d6300000, 0x00000006d6400000|  0%| F|  |TAMS 0x00000006d6300000, 0x00000006d6300000| Untracked 
| 356|0x00000006d6400000, 0x00000006d6400000, 0x00000006d6500000|  0%| F|  |TAMS 0x00000006d6400000, 0x00000006d6400000| Untracked 
| 357|0x00000006d6500000, 0x00000006d6500000, 0x00000006d6600000|  0%| F|  |TAMS 0x00000006d6500000, 0x00000006d6500000| Untracked 
| 358|0x00000006d6600000, 0x00000006d6600000, 0x00000006d6700000|  0%| F|  |TAMS 0x00000006d6600000, 0x00000006d6600000| Untracked 
| 359|0x00000006d6700000, 0x00000006d6700000, 0x00000006d6800000|  0%| F|  |TAMS 0x00000006d6700000, 0x00000006d6700000| Untracked 
| 360|0x00000006d6800000, 0x00000006d6800000, 0x00000006d6900000|  0%| F|  |TAMS 0x00000006d6800000, 0x00000006d6800000| Untracked 
| 361|0x00000006d6900000, 0x00000006d6900000, 0x00000006d6a00000|  0%| F|  |TAMS 0x00000006d6900000, 0x00000006d6900000| Untracked 
| 362|0x00000006d6a00000, 0x00000006d6a00000, 0x00000006d6b00000|  0%| F|  |TAMS 0x00000006d6a00000, 0x00000006d6a00000| Untracked 
| 363|0x00000006d6b00000, 0x00000006d6b00000, 0x00000006d6c00000|  0%| F|  |TAMS 0x00000006d6b00000, 0x00000006d6b00000| Untracked 
| 364|0x00000006d6c00000, 0x00000006d6c00000, 0x00000006d6d00000|  0%| F|  |TAMS 0x00000006d6c00000, 0x00000006d6c00000| Untracked 
| 365|0x00000006d6d00000, 0x00000006d6d00000, 0x00000006d6e00000|  0%| F|  |TAMS 0x00000006d6d00000, 0x00000006d6d00000| Untracked 
| 366|0x00000006d6e00000, 0x00000006d6e00000, 0x00000006d6f00000|  0%| F|  |TAMS 0x00000006d6e00000, 0x00000006d6e00000| Untracked 
| 367|0x00000006d6f00000, 0x00000006d6f00000, 0x00000006d7000000|  0%| F|  |TAMS 0x00000006d6f00000, 0x00000006d6f00000| Untracked 
| 368|0x00000006d7000000, 0x00000006d7000000, 0x00000006d7100000|  0%| F|  |TAMS 0x00000006d7000000, 0x00000006d7000000| Untracked 
| 369|0x00000006d7100000, 0x00000006d7100000, 0x00000006d7200000|  0%| F|  |TAMS 0x00000006d7100000, 0x00000006d7100000| Untracked 
| 370|0x00000006d7200000, 0x00000006d7200000, 0x00000006d7300000|  0%| F|  |TAMS 0x00000006d7200000, 0x00000006d7200000| Untracked 
| 371|0x00000006d7300000, 0x00000006d7300000, 0x00000006d7400000|  0%| F|  |TAMS 0x00000006d7300000, 0x00000006d7300000| Untracked 
| 372|0x00000006d7400000, 0x00000006d7400000, 0x00000006d7500000|  0%| F|  |TAMS 0x00000006d7400000, 0x00000006d7400000| Untracked 
| 373|0x00000006d7500000, 0x00000006d7500000, 0x00000006d7600000|  0%| F|  |TAMS 0x00000006d7500000, 0x00000006d7500000| Untracked 
| 374|0x00000006d7600000, 0x00000006d7600000, 0x00000006d7700000|  0%| F|  |TAMS 0x00000006d7600000, 0x00000006d7600000| Untracked 
| 375|0x00000006d7700000, 0x00000006d7700000, 0x00000006d7800000|  0%| F|  |TAMS 0x00000006d7700000, 0x00000006d7700000| Untracked 
| 376|0x00000006d7800000, 0x00000006d7800000, 0x00000006d7900000|  0%| F|  |TAMS 0x00000006d7800000, 0x00000006d7800000| Untracked 
| 377|0x00000006d7900000, 0x00000006d7900000, 0x00000006d7a00000|  0%| F|  |TAMS 0x00000006d7900000, 0x00000006d7900000| Untracked 
| 378|0x00000006d7a00000, 0x00000006d7a00000, 0x00000006d7b00000|  0%| F|  |TAMS 0x00000006d7a00000, 0x00000006d7a00000| Untracked 
| 379|0x00000006d7b00000, 0x00000006d7b00000, 0x00000006d7c00000|  0%| F|  |TAMS 0x00000006d7b00000, 0x00000006d7b00000| Untracked 
| 380|0x00000006d7c00000, 0x00000006d7c00000, 0x00000006d7d00000|  0%| F|  |TAMS 0x00000006d7c00000, 0x00000006d7c00000| Untracked 
| 381|0x00000006d7d00000, 0x00000006d7d00000, 0x00000006d7e00000|  0%| F|  |TAMS 0x00000006d7d00000, 0x00000006d7d00000| Untracked 
| 382|0x00000006d7e00000, 0x00000006d7e00000, 0x00000006d7f00000|  0%| F|  |TAMS 0x00000006d7e00000, 0x00000006d7e00000| Untracked 
| 383|0x00000006d7f00000, 0x00000006d7f00000, 0x00000006d8000000|  0%| F|  |TAMS 0x00000006d7f00000, 0x00000006d7f00000| Untracked 
| 384|0x00000006d8000000, 0x00000006d8000000, 0x00000006d8100000|  0%| F|  |TAMS 0x00000006d8000000, 0x00000006d8000000| Untracked 
| 385|0x00000006d8100000, 0x00000006d8100000, 0x00000006d8200000|  0%| F|  |TAMS 0x00000006d8100000, 0x00000006d8100000| Untracked 
| 386|0x00000006d8200000, 0x00000006d8200000, 0x00000006d8300000|  0%| F|  |TAMS 0x00000006d8200000, 0x00000006d8200000| Untracked 
| 387|0x00000006d8300000, 0x00000006d8300000, 0x00000006d8400000|  0%| F|  |TAMS 0x00000006d8300000, 0x00000006d8300000| Untracked 
| 388|0x00000006d8400000, 0x00000006d8400000, 0x00000006d8500000|  0%| F|  |TAMS 0x00000006d8400000, 0x00000006d8400000| Untracked 
| 389|0x00000006d8500000, 0x00000006d8500000, 0x00000006d8600000|  0%| F|  |TAMS 0x00000006d8500000, 0x00000006d8500000| Untracked 
| 390|0x00000006d8600000, 0x00000006d8600000, 0x00000006d8700000|  0%| F|  |TAMS 0x00000006d8600000, 0x00000006d8600000| Untracked 
| 391|0x00000006d8700000, 0x00000006d8700000, 0x00000006d8800000|  0%| F|  |TAMS 0x00000006d8700000, 0x00000006d8700000| Untracked 
| 392|0x00000006d8800000, 0x00000006d8800000, 0x00000006d8900000|  0%| F|  |TAMS 0x00000006d8800000, 0x00000006d8800000| Untracked 
| 393|0x00000006d8900000, 0x00000006d8900000, 0x00000006d8a00000|  0%| F|  |TAMS 0x00000006d8900000, 0x00000006d8900000| Untracked 
| 394|0x00000006d8a00000, 0x00000006d8a00000, 0x00000006d8b00000|  0%| F|  |TAMS 0x00000006d8a00000, 0x00000006d8a00000| Untracked 
| 395|0x00000006d8b00000, 0x00000006d8b00000, 0x00000006d8c00000|  0%| F|  |TAMS 0x00000006d8b00000, 0x00000006d8b00000| Untracked 
| 396|0x00000006d8c00000, 0x00000006d8c00000, 0x00000006d8d00000|  0%| F|  |TAMS 0x00000006d8c00000, 0x00000006d8c00000| Untracked 
| 397|0x00000006d8d00000, 0x00000006d8d00000, 0x00000006d8e00000|  0%| F|  |TAMS 0x00000006d8d00000, 0x00000006d8d00000| Untracked 
| 398|0x00000006d8e00000, 0x00000006d8e00000, 0x00000006d8f00000|  0%| F|  |TAMS 0x00000006d8e00000, 0x00000006d8e00000| Untracked 
| 399|0x00000006d8f00000, 0x00000006d8f00000, 0x00000006d9000000|  0%| F|  |TAMS 0x00000006d8f00000, 0x00000006d8f00000| Untracked 
| 400|0x00000006d9000000, 0x00000006d9000000, 0x00000006d9100000|  0%| F|  |TAMS 0x00000006d9000000, 0x00000006d9000000| Untracked 
| 401|0x00000006d9100000, 0x00000006d9100000, 0x00000006d9200000|  0%| F|  |TAMS 0x00000006d9100000, 0x00000006d9100000| Untracked 
| 402|0x00000006d9200000, 0x00000006d9200000, 0x00000006d9300000|  0%| F|  |TAMS 0x00000006d9200000, 0x00000006d9200000| Untracked 
| 403|0x00000006d9300000, 0x00000006d9300000, 0x00000006d9400000|  0%| F|  |TAMS 0x00000006d9300000, 0x00000006d9300000| Untracked 
| 404|0x00000006d9400000, 0x00000006d9400000, 0x00000006d9500000|  0%| F|  |TAMS 0x00000006d9400000, 0x00000006d9400000| Untracked 
| 405|0x00000006d9500000, 0x00000006d9500000, 0x00000006d9600000|  0%| F|  |TAMS 0x00000006d9500000, 0x00000006d9500000| Untracked 
| 406|0x00000006d9600000, 0x00000006d9600000, 0x00000006d9700000|  0%| F|  |TAMS 0x00000006d9600000, 0x00000006d9600000| Untracked 
| 407|0x00000006d9700000, 0x00000006d9700000, 0x00000006d9800000|  0%| F|  |TAMS 0x00000006d9700000, 0x00000006d9700000| Untracked 
| 408|0x00000006d9800000, 0x00000006d9800000, 0x00000006d9900000|  0%| F|  |TAMS 0x00000006d9800000, 0x00000006d9800000| Untracked 
| 409|0x00000006d9900000, 0x00000006d9900000, 0x00000006d9a00000|  0%| F|  |TAMS 0x00000006d9900000, 0x00000006d9900000| Untracked 
| 410|0x00000006d9a00000, 0x00000006d9a00000, 0x00000006d9b00000|  0%| F|  |TAMS 0x00000006d9a00000, 0x00000006d9a00000| Untracked 
| 411|0x00000006d9b00000, 0x00000006d9b00000, 0x00000006d9c00000|  0%| F|  |TAMS 0x00000006d9b00000, 0x00000006d9b00000| Untracked 
| 412|0x00000006d9c00000, 0x00000006d9c00000, 0x00000006d9d00000|  0%| F|  |TAMS 0x00000006d9c00000, 0x00000006d9c00000| Untracked 
| 413|0x00000006d9d00000, 0x00000006d9d00000, 0x00000006d9e00000|  0%| F|  |TAMS 0x00000006d9d00000, 0x00000006d9d00000| Untracked 
| 414|0x00000006d9e00000, 0x00000006d9e00000, 0x00000006d9f00000|  0%| F|  |TAMS 0x00000006d9e00000, 0x00000006d9e00000| Untracked 
| 415|0x00000006d9f00000, 0x00000006d9f00000, 0x00000006da000000|  0%| F|  |TAMS 0x00000006d9f00000, 0x00000006d9f00000| Untracked 
| 416|0x00000006da000000, 0x00000006da000000, 0x00000006da100000|  0%| F|  |TAMS 0x00000006da000000, 0x00000006da000000| Untracked 
| 417|0x00000006da100000, 0x00000006da100000, 0x00000006da200000|  0%| F|  |TAMS 0x00000006da100000, 0x00000006da100000| Untracked 
| 418|0x00000006da200000, 0x00000006da200000, 0x00000006da300000|  0%| F|  |TAMS 0x00000006da200000, 0x00000006da200000| Untracked 
| 419|0x00000006da300000, 0x00000006da300000, 0x00000006da400000|  0%| F|  |TAMS 0x00000006da300000, 0x00000006da300000| Untracked 
| 420|0x00000006da400000, 0x00000006da400000, 0x00000006da500000|  0%| F|  |TAMS 0x00000006da400000, 0x00000006da400000| Untracked 
| 421|0x00000006da500000, 0x00000006da500000, 0x00000006da600000|  0%| F|  |TAMS 0x00000006da500000, 0x00000006da500000| Untracked 
| 422|0x00000006da600000, 0x00000006da600000, 0x00000006da700000|  0%| F|  |TAMS 0x00000006da600000, 0x00000006da600000| Untracked 
| 423|0x00000006da700000, 0x00000006da700000, 0x00000006da800000|  0%| F|  |TAMS 0x00000006da700000, 0x00000006da700000| Untracked 
| 424|0x00000006da800000, 0x00000006da800000, 0x00000006da900000|  0%| F|  |TAMS 0x00000006da800000, 0x00000006da800000| Untracked 
| 425|0x00000006da900000, 0x00000006da900000, 0x00000006daa00000|  0%| F|  |TAMS 0x00000006da900000, 0x00000006da900000| Untracked 
| 426|0x00000006daa00000, 0x00000006daa00000, 0x00000006dab00000|  0%| F|  |TAMS 0x00000006daa00000, 0x00000006daa00000| Untracked 
| 427|0x00000006dab00000, 0x00000006dab00000, 0x00000006dac00000|  0%| F|  |TAMS 0x00000006dab00000, 0x00000006dab00000| Untracked 
| 428|0x00000006dac00000, 0x00000006dac00000, 0x00000006dad00000|  0%| F|  |TAMS 0x00000006dac00000, 0x00000006dac00000| Untracked 
| 429|0x00000006dad00000, 0x00000006dad00000, 0x00000006dae00000|  0%| F|  |TAMS 0x00000006dad00000, 0x00000006dad00000| Untracked 
| 430|0x00000006dae00000, 0x00000006dae00000, 0x00000006daf00000|  0%| F|  |TAMS 0x00000006dae00000, 0x00000006dae00000| Untracked 
| 431|0x00000006daf00000, 0x00000006daf00000, 0x00000006db000000|  0%| F|  |TAMS 0x00000006daf00000, 0x00000006daf00000| Untracked 
| 432|0x00000006db000000, 0x00000006db000000, 0x00000006db100000|  0%| F|  |TAMS 0x00000006db000000, 0x00000006db000000| Untracked 
| 433|0x00000006db100000, 0x00000006db100000, 0x00000006db200000|  0%| F|  |TAMS 0x00000006db100000, 0x00000006db100000| Untracked 
| 434|0x00000006db200000, 0x00000006db200000, 0x00000006db300000|  0%| F|  |TAMS 0x00000006db200000, 0x00000006db200000| Untracked 
| 435|0x00000006db300000, 0x00000006db300000, 0x00000006db400000|  0%| F|  |TAMS 0x00000006db300000, 0x00000006db300000| Untracked 
| 436|0x00000006db400000, 0x00000006db400000, 0x00000006db500000|  0%| F|  |TAMS 0x00000006db400000, 0x00000006db400000| Untracked 
| 437|0x00000006db500000, 0x00000006db500000, 0x00000006db600000|  0%| F|  |TAMS 0x00000006db500000, 0x00000006db500000| Untracked 
| 438|0x00000006db600000, 0x00000006db600000, 0x00000006db700000|  0%| F|  |TAMS 0x00000006db600000, 0x00000006db600000| Untracked 
| 439|0x00000006db700000, 0x00000006db700000, 0x00000006db800000|  0%| F|  |TAMS 0x00000006db700000, 0x00000006db700000| Untracked 
| 440|0x00000006db800000, 0x00000006db800000, 0x00000006db900000|  0%| F|  |TAMS 0x00000006db800000, 0x00000006db800000| Untracked 
| 441|0x00000006db900000, 0x00000006db900000, 0x00000006dba00000|  0%| F|  |TAMS 0x00000006db900000, 0x00000006db900000| Untracked 
| 442|0x00000006dba00000, 0x00000006dba00000, 0x00000006dbb00000|  0%| F|  |TAMS 0x00000006dba00000, 0x00000006dba00000| Untracked 
| 443|0x00000006dbb00000, 0x00000006dbb00000, 0x00000006dbc00000|  0%| F|  |TAMS 0x00000006dbb00000, 0x00000006dbb00000| Untracked 
| 444|0x00000006dbc00000, 0x00000006dbc00000, 0x00000006dbd00000|  0%| F|  |TAMS 0x00000006dbc00000, 0x00000006dbc00000| Untracked 
| 445|0x00000006dbd00000, 0x00000006dbd00000, 0x00000006dbe00000|  0%| F|  |TAMS 0x00000006dbd00000, 0x00000006dbd00000| Untracked 
| 446|0x00000006dbe00000, 0x00000006dbe00000, 0x00000006dbf00000|  0%| F|  |TAMS 0x00000006dbe00000, 0x00000006dbe00000| Untracked 
| 447|0x00000006dbf00000, 0x00000006dbf00000, 0x00000006dc000000|  0%| F|  |TAMS 0x00000006dbf00000, 0x00000006dbf00000| Untracked 
| 448|0x00000006dc000000, 0x00000006dc000000, 0x00000006dc100000|  0%| F|  |TAMS 0x00000006dc000000, 0x00000006dc000000| Untracked 
| 449|0x00000006dc100000, 0x00000006dc100000, 0x00000006dc200000|  0%| F|  |TAMS 0x00000006dc100000, 0x00000006dc100000| Untracked 
| 450|0x00000006dc200000, 0x00000006dc200000, 0x00000006dc300000|  0%| F|  |TAMS 0x00000006dc200000, 0x00000006dc200000| Untracked 
| 451|0x00000006dc300000, 0x00000006dc300000, 0x00000006dc400000|  0%| F|  |TAMS 0x00000006dc300000, 0x00000006dc300000| Untracked 
| 452|0x00000006dc400000, 0x00000006dc400000, 0x00000006dc500000|  0%| F|  |TAMS 0x00000006dc400000, 0x00000006dc400000| Untracked 
| 453|0x00000006dc500000, 0x00000006dc500000, 0x00000006dc600000|  0%| F|  |TAMS 0x00000006dc500000, 0x00000006dc500000| Untracked 
| 454|0x00000006dc600000, 0x00000006dc600000, 0x00000006dc700000|  0%| F|  |TAMS 0x00000006dc600000, 0x00000006dc600000| Untracked 
| 455|0x00000006dc700000, 0x00000006dc700000, 0x00000006dc800000|  0%| F|  |TAMS 0x00000006dc700000, 0x00000006dc700000| Untracked 
| 456|0x00000006dc800000, 0x00000006dc800000, 0x00000006dc900000|  0%| F|  |TAMS 0x00000006dc800000, 0x00000006dc800000| Untracked 
| 457|0x00000006dc900000, 0x00000006dc900000, 0x00000006dca00000|  0%| F|  |TAMS 0x00000006dc900000, 0x00000006dc900000| Untracked 
| 458|0x00000006dca00000, 0x00000006dca00000, 0x00000006dcb00000|  0%| F|  |TAMS 0x00000006dca00000, 0x00000006dca00000| Untracked 
| 459|0x00000006dcb00000, 0x00000006dcb00000, 0x00000006dcc00000|  0%| F|  |TAMS 0x00000006dcb00000, 0x00000006dcb00000| Untracked 
| 460|0x00000006dcc00000, 0x00000006dcc00000, 0x00000006dcd00000|  0%| F|  |TAMS 0x00000006dcc00000, 0x00000006dcc00000| Untracked 
| 461|0x00000006dcd00000, 0x00000006dcd00000, 0x00000006dce00000|  0%| F|  |TAMS 0x00000006dcd00000, 0x00000006dcd00000| Untracked 
| 462|0x00000006dce00000, 0x00000006dce00000, 0x00000006dcf00000|  0%| F|  |TAMS 0x00000006dce00000, 0x00000006dce00000| Untracked 
| 463|0x00000006dcf00000, 0x00000006dcf00000, 0x00000006dd000000|  0%| F|  |TAMS 0x00000006dcf00000, 0x00000006dcf00000| Untracked 
| 464|0x00000006dd000000, 0x00000006dd000000, 0x00000006dd100000|  0%| F|  |TAMS 0x00000006dd000000, 0x00000006dd000000| Untracked 
| 465|0x00000006dd100000, 0x00000006dd100000, 0x00000006dd200000|  0%| F|  |TAMS 0x00000006dd100000, 0x00000006dd100000| Untracked 
| 466|0x00000006dd200000, 0x00000006dd200000, 0x00000006dd300000|  0%| F|  |TAMS 0x00000006dd200000, 0x00000006dd200000| Untracked 
| 467|0x00000006dd300000, 0x00000006dd300000, 0x00000006dd400000|  0%| F|  |TAMS 0x00000006dd300000, 0x00000006dd300000| Untracked 
| 468|0x00000006dd400000, 0x00000006dd400000, 0x00000006dd500000|  0%| F|  |TAMS 0x00000006dd400000, 0x00000006dd400000| Untracked 
| 469|0x00000006dd500000, 0x00000006dd500000, 0x00000006dd600000|  0%| F|  |TAMS 0x00000006dd500000, 0x00000006dd500000| Untracked 
| 470|0x00000006dd600000, 0x00000006dd600000, 0x00000006dd700000|  0%| F|  |TAMS 0x00000006dd600000, 0x00000006dd600000| Untracked 
| 471|0x00000006dd700000, 0x00000006dd700000, 0x00000006dd800000|  0%| F|  |TAMS 0x00000006dd700000, 0x00000006dd700000| Untracked 
| 472|0x00000006dd800000, 0x00000006dd800000, 0x00000006dd900000|  0%| F|  |TAMS 0x00000006dd800000, 0x00000006dd800000| Untracked 
| 473|0x00000006dd900000, 0x00000006dd900000, 0x00000006dda00000|  0%| F|  |TAMS 0x00000006dd900000, 0x00000006dd900000| Untracked 
| 474|0x00000006dda00000, 0x00000006dda00000, 0x00000006ddb00000|  0%| F|  |TAMS 0x00000006dda00000, 0x00000006dda00000| Untracked 
| 475|0x00000006ddb00000, 0x00000006ddb00000, 0x00000006ddc00000|  0%| F|  |TAMS 0x00000006ddb00000, 0x00000006ddb00000| Untracked 
| 476|0x00000006ddc00000, 0x00000006ddc00000, 0x00000006ddd00000|  0%| F|  |TAMS 0x00000006ddc00000, 0x00000006ddc00000| Untracked 
| 477|0x00000006ddd00000, 0x00000006ddd00000, 0x00000006dde00000|  0%| F|  |TAMS 0x00000006ddd00000, 0x00000006ddd00000| Untracked 
| 478|0x00000006dde00000, 0x00000006dde00000, 0x00000006ddf00000|  0%| F|  |TAMS 0x00000006dde00000, 0x00000006dde00000| Untracked 
| 479|0x00000006ddf00000, 0x00000006ddf00000, 0x00000006de000000|  0%| F|  |TAMS 0x00000006ddf00000, 0x00000006ddf00000| Untracked 
| 480|0x00000006de000000, 0x00000006de000000, 0x00000006de100000|  0%| F|  |TAMS 0x00000006de000000, 0x00000006de000000| Untracked 
| 481|0x00000006de100000, 0x00000006de100000, 0x00000006de200000|  0%| F|  |TAMS 0x00000006de100000, 0x00000006de100000| Untracked 
| 482|0x00000006de200000, 0x00000006de200000, 0x00000006de300000|  0%| F|  |TAMS 0x00000006de200000, 0x00000006de200000| Untracked 
| 483|0x00000006de300000, 0x00000006de300000, 0x00000006de400000|  0%| F|  |TAMS 0x00000006de300000, 0x00000006de300000| Untracked 
| 484|0x00000006de400000, 0x00000006de400000, 0x00000006de500000|  0%| F|  |TAMS 0x00000006de400000, 0x00000006de400000| Untracked 
| 485|0x00000006de500000, 0x00000006de500000, 0x00000006de600000|  0%| F|  |TAMS 0x00000006de500000, 0x00000006de500000| Untracked 
| 486|0x00000006de600000, 0x00000006de600000, 0x00000006de700000|  0%| F|  |TAMS 0x00000006de600000, 0x00000006de600000| Untracked 
| 487|0x00000006de700000, 0x00000006de700000, 0x00000006de800000|  0%| F|  |TAMS 0x00000006de700000, 0x00000006de700000| Untracked 
| 488|0x00000006de800000, 0x00000006de800000, 0x00000006de900000|  0%| F|  |TAMS 0x00000006de800000, 0x00000006de800000| Untracked 
| 489|0x00000006de900000, 0x00000006de900000, 0x00000006dea00000|  0%| F|  |TAMS 0x00000006de900000, 0x00000006de900000| Untracked 
| 490|0x00000006dea00000, 0x00000006dea00000, 0x00000006deb00000|  0%| F|  |TAMS 0x00000006dea00000, 0x00000006dea00000| Untracked 
| 491|0x00000006deb00000, 0x00000006deb00000, 0x00000006dec00000|  0%| F|  |TAMS 0x00000006deb00000, 0x00000006deb00000| Untracked 
| 492|0x00000006dec00000, 0x00000006dec00000, 0x00000006ded00000|  0%| F|  |TAMS 0x00000006dec00000, 0x00000006dec00000| Untracked 
| 493|0x00000006ded00000, 0x00000006ded00000, 0x00000006dee00000|  0%| F|  |TAMS 0x00000006ded00000, 0x00000006ded00000| Untracked 
| 494|0x00000006dee00000, 0x00000006dee00000, 0x00000006def00000|  0%| F|  |TAMS 0x00000006dee00000, 0x00000006dee00000| Untracked 
| 495|0x00000006def00000, 0x00000006def00000, 0x00000006df000000|  0%| F|  |TAMS 0x00000006def00000, 0x00000006def00000| Untracked 
| 496|0x00000006df000000, 0x00000006df000000, 0x00000006df100000|  0%| F|  |TAMS 0x00000006df000000, 0x00000006df000000| Untracked 
| 497|0x00000006df100000, 0x00000006df100000, 0x00000006df200000|  0%| F|  |TAMS 0x00000006df100000, 0x00000006df100000| Untracked 
| 498|0x00000006df200000, 0x00000006df200000, 0x00000006df300000|  0%| F|  |TAMS 0x00000006df200000, 0x00000006df200000| Untracked 
| 499|0x00000006df300000, 0x00000006df300000, 0x00000006df400000|  0%| F|  |TAMS 0x00000006df300000, 0x00000006df300000| Untracked 
| 500|0x00000006df400000, 0x00000006df400000, 0x00000006df500000|  0%| F|  |TAMS 0x00000006df400000, 0x00000006df400000| Untracked 
| 501|0x00000006df500000, 0x00000006df500000, 0x00000006df600000|  0%| F|  |TAMS 0x00000006df500000, 0x00000006df500000| Untracked 
| 502|0x00000006df600000, 0x00000006df600000, 0x00000006df700000|  0%| F|  |TAMS 0x00000006df600000, 0x00000006df600000| Untracked 
| 503|0x00000006df700000, 0x00000006df700000, 0x00000006df800000|  0%| F|  |TAMS 0x00000006df700000, 0x00000006df700000| Untracked 
| 504|0x00000006df800000, 0x00000006df800000, 0x00000006df900000|  0%| F|  |TAMS 0x00000006df800000, 0x00000006df800000| Untracked 
| 505|0x00000006df900000, 0x00000006df900000, 0x00000006dfa00000|  0%| F|  |TAMS 0x00000006df900000, 0x00000006df900000| Untracked 
| 506|0x00000006dfa00000, 0x00000006dfa00000, 0x00000006dfb00000|  0%| F|  |TAMS 0x00000006dfa00000, 0x00000006dfa00000| Untracked 
| 507|0x00000006dfb00000, 0x00000006dfb00000, 0x00000006dfc00000|  0%| F|  |TAMS 0x00000006dfb00000, 0x00000006dfb00000| Untracked 
| 508|0x00000006dfc00000, 0x00000006dfc00000, 0x00000006dfd00000|  0%| F|  |TAMS 0x00000006dfc00000, 0x00000006dfc00000| Untracked 
| 509|0x00000006dfd00000, 0x00000006dfd00000, 0x00000006dfe00000|  0%| F|  |TAMS 0x00000006dfd00000, 0x00000006dfd00000| Untracked 
| 510|0x00000006dfe00000, 0x00000006dfe00000, 0x00000006dff00000|  0%| F|  |TAMS 0x00000006dfe00000, 0x00000006dfe00000| Untracked 
| 511|0x00000006dff00000, 0x00000006dff00000, 0x00000006e0000000|  0%| F|  |TAMS 0x00000006dff00000, 0x00000006dff00000| Untracked 
| 512|0x00000006e0000000, 0x00000006e0000000, 0x00000006e0100000|  0%| F|  |TAMS 0x00000006e0000000, 0x00000006e0000000| Untracked 
| 513|0x00000006e0100000, 0x00000006e0100000, 0x00000006e0200000|  0%| F|  |TAMS 0x00000006e0100000, 0x00000006e0100000| Untracked 
| 514|0x00000006e0200000, 0x00000006e0200000, 0x00000006e0300000|  0%| F|  |TAMS 0x00000006e0200000, 0x00000006e0200000| Untracked 
| 515|0x00000006e0300000, 0x00000006e0300000, 0x00000006e0400000|  0%| F|  |TAMS 0x00000006e0300000, 0x00000006e0300000| Untracked 
| 516|0x00000006e0400000, 0x00000006e0400000, 0x00000006e0500000|  0%| F|  |TAMS 0x00000006e0400000, 0x00000006e0400000| Untracked 
| 517|0x00000006e0500000, 0x00000006e0500000, 0x00000006e0600000|  0%| F|  |TAMS 0x00000006e0500000, 0x00000006e0500000| Untracked 
| 518|0x00000006e0600000, 0x00000006e0600000, 0x00000006e0700000|  0%| F|  |TAMS 0x00000006e0600000, 0x00000006e0600000| Untracked 
| 519|0x00000006e0700000, 0x00000006e0700000, 0x00000006e0800000|  0%| F|  |TAMS 0x00000006e0700000, 0x00000006e0700000| Untracked 
| 520|0x00000006e0800000, 0x00000006e0800000, 0x00000006e0900000|  0%| F|  |TAMS 0x00000006e0800000, 0x00000006e0800000| Untracked 
| 521|0x00000006e0900000, 0x00000006e0900000, 0x00000006e0a00000|  0%| F|  |TAMS 0x00000006e0900000, 0x00000006e0900000| Untracked 
| 522|0x00000006e0a00000, 0x00000006e0a00000, 0x00000006e0b00000|  0%| F|  |TAMS 0x00000006e0a00000, 0x00000006e0a00000| Untracked 
| 523|0x00000006e0b00000, 0x00000006e0b00000, 0x00000006e0c00000|  0%| F|  |TAMS 0x00000006e0b00000, 0x00000006e0b00000| Untracked 
| 524|0x00000006e0c00000, 0x00000006e0c00000, 0x00000006e0d00000|  0%| F|  |TAMS 0x00000006e0c00000, 0x00000006e0c00000| Untracked 
| 525|0x00000006e0d00000, 0x00000006e0d00000, 0x00000006e0e00000|  0%| F|  |TAMS 0x00000006e0d00000, 0x00000006e0d00000| Untracked 
| 526|0x00000006e0e00000, 0x00000006e0e00000, 0x00000006e0f00000|  0%| F|  |TAMS 0x00000006e0e00000, 0x00000006e0e00000| Untracked 
| 527|0x00000006e0f00000, 0x00000006e0f00000, 0x00000006e1000000|  0%| F|  |TAMS 0x00000006e0f00000, 0x00000006e0f00000| Untracked 
| 528|0x00000006e1000000, 0x00000006e1000000, 0x00000006e1100000|  0%| F|  |TAMS 0x00000006e1000000, 0x00000006e1000000| Untracked 
| 529|0x00000006e1100000, 0x00000006e1100000, 0x00000006e1200000|  0%| F|  |TAMS 0x00000006e1100000, 0x00000006e1100000| Untracked 
| 530|0x00000006e1200000, 0x00000006e1200000, 0x00000006e1300000|  0%| F|  |TAMS 0x00000006e1200000, 0x00000006e1200000| Untracked 
| 531|0x00000006e1300000, 0x00000006e1300000, 0x00000006e1400000|  0%| F|  |TAMS 0x00000006e1300000, 0x00000006e1300000| Untracked 
| 532|0x00000006e1400000, 0x00000006e1400000, 0x00000006e1500000|  0%| F|  |TAMS 0x00000006e1400000, 0x00000006e1400000| Untracked 
| 533|0x00000006e1500000, 0x00000006e1500000, 0x00000006e1600000|  0%| F|  |TAMS 0x00000006e1500000, 0x00000006e1500000| Untracked 
| 534|0x00000006e1600000, 0x00000006e1600000, 0x00000006e1700000|  0%| F|  |TAMS 0x00000006e1600000, 0x00000006e1600000| Untracked 
| 535|0x00000006e1700000, 0x00000006e1700000, 0x00000006e1800000|  0%| F|  |TAMS 0x00000006e1700000, 0x00000006e1700000| Untracked 
| 536|0x00000006e1800000, 0x00000006e1800000, 0x00000006e1900000|  0%| F|  |TAMS 0x00000006e1800000, 0x00000006e1800000| Untracked 
| 537|0x00000006e1900000, 0x00000006e1900000, 0x00000006e1a00000|  0%| F|  |TAMS 0x00000006e1900000, 0x00000006e1900000| Untracked 
| 538|0x00000006e1a00000, 0x00000006e1a00000, 0x00000006e1b00000|  0%| F|  |TAMS 0x00000006e1a00000, 0x00000006e1a00000| Untracked 
| 539|0x00000006e1b00000, 0x00000006e1b00000, 0x00000006e1c00000|  0%| F|  |TAMS 0x00000006e1b00000, 0x00000006e1b00000| Untracked 
| 540|0x00000006e1c00000, 0x00000006e1c00000, 0x00000006e1d00000|  0%| F|  |TAMS 0x00000006e1c00000, 0x00000006e1c00000| Untracked 
| 541|0x00000006e1d00000, 0x00000006e1d00000, 0x00000006e1e00000|  0%| F|  |TAMS 0x00000006e1d00000, 0x00000006e1d00000| Untracked 
| 542|0x00000006e1e00000, 0x00000006e1e00000, 0x00000006e1f00000|  0%| F|  |TAMS 0x00000006e1e00000, 0x00000006e1e00000| Untracked 
| 543|0x00000006e1f00000, 0x00000006e1f00000, 0x00000006e2000000|  0%| F|  |TAMS 0x00000006e1f00000, 0x00000006e1f00000| Untracked 
| 544|0x00000006e2000000, 0x00000006e2000000, 0x00000006e2100000|  0%| F|  |TAMS 0x00000006e2000000, 0x00000006e2000000| Untracked 
| 545|0x00000006e2100000, 0x00000006e2100000, 0x00000006e2200000|  0%| F|  |TAMS 0x00000006e2100000, 0x00000006e2100000| Untracked 
| 546|0x00000006e2200000, 0x00000006e2200000, 0x00000006e2300000|  0%| F|  |TAMS 0x00000006e2200000, 0x00000006e2200000| Untracked 
| 547|0x00000006e2300000, 0x00000006e2300000, 0x00000006e2400000|  0%| F|  |TAMS 0x00000006e2300000, 0x00000006e2300000| Untracked 
| 548|0x00000006e2400000, 0x00000006e2400000, 0x00000006e2500000|  0%| F|  |TAMS 0x00000006e2400000, 0x00000006e2400000| Untracked 
| 549|0x00000006e2500000, 0x00000006e2500000, 0x00000006e2600000|  0%| F|  |TAMS 0x00000006e2500000, 0x00000006e2500000| Untracked 
| 550|0x00000006e2600000, 0x00000006e2600000, 0x00000006e2700000|  0%| F|  |TAMS 0x00000006e2600000, 0x00000006e2600000| Untracked 
| 551|0x00000006e2700000, 0x00000006e2700000, 0x00000006e2800000|  0%| F|  |TAMS 0x00000006e2700000, 0x00000006e2700000| Untracked 
| 552|0x00000006e2800000, 0x00000006e2800000, 0x00000006e2900000|  0%| F|  |TAMS 0x00000006e2800000, 0x00000006e2800000| Untracked 
| 553|0x00000006e2900000, 0x00000006e2900000, 0x00000006e2a00000|  0%| F|  |TAMS 0x00000006e2900000, 0x00000006e2900000| Untracked 
| 554|0x00000006e2a00000, 0x00000006e2a00000, 0x00000006e2b00000|  0%| F|  |TAMS 0x00000006e2a00000, 0x00000006e2a00000| Untracked 
| 555|0x00000006e2b00000, 0x00000006e2b00000, 0x00000006e2c00000|  0%| F|  |TAMS 0x00000006e2b00000, 0x00000006e2b00000| Untracked 
| 556|0x00000006e2c00000, 0x00000006e2c00000, 0x00000006e2d00000|  0%| F|  |TAMS 0x00000006e2c00000, 0x00000006e2c00000| Untracked 
| 557|0x00000006e2d00000, 0x00000006e2d00000, 0x00000006e2e00000|  0%| F|  |TAMS 0x00000006e2d00000, 0x00000006e2d00000| Untracked 
| 558|0x00000006e2e00000, 0x00000006e2e00000, 0x00000006e2f00000|  0%| F|  |TAMS 0x00000006e2e00000, 0x00000006e2e00000| Untracked 
| 559|0x00000006e2f00000, 0x00000006e2f00000, 0x00000006e3000000|  0%| F|  |TAMS 0x00000006e2f00000, 0x00000006e2f00000| Untracked 
| 560|0x00000006e3000000, 0x00000006e3000000, 0x00000006e3100000|  0%| F|  |TAMS 0x00000006e3000000, 0x00000006e3000000| Untracked 
| 561|0x00000006e3100000, 0x00000006e3100000, 0x00000006e3200000|  0%| F|  |TAMS 0x00000006e3100000, 0x00000006e3100000| Untracked 
| 562|0x00000006e3200000, 0x00000006e3200000, 0x00000006e3300000|  0%| F|  |TAMS 0x00000006e3200000, 0x00000006e3200000| Untracked 
| 563|0x00000006e3300000, 0x00000006e3300000, 0x00000006e3400000|  0%| F|  |TAMS 0x00000006e3300000, 0x00000006e3300000| Untracked 
| 564|0x00000006e3400000, 0x00000006e3400000, 0x00000006e3500000|  0%| F|  |TAMS 0x00000006e3400000, 0x00000006e3400000| Untracked 
| 565|0x00000006e3500000, 0x00000006e3500000, 0x00000006e3600000|  0%| F|  |TAMS 0x00000006e3500000, 0x00000006e3500000| Untracked 
| 566|0x00000006e3600000, 0x00000006e3600000, 0x00000006e3700000|  0%| F|  |TAMS 0x00000006e3600000, 0x00000006e3600000| Untracked 
| 567|0x00000006e3700000, 0x00000006e3700000, 0x00000006e3800000|  0%| F|  |TAMS 0x00000006e3700000, 0x00000006e3700000| Untracked 
| 568|0x00000006e3800000, 0x00000006e3800000, 0x00000006e3900000|  0%| F|  |TAMS 0x00000006e3800000, 0x00000006e3800000| Untracked 
| 569|0x00000006e3900000, 0x00000006e3900000, 0x00000006e3a00000|  0%| F|  |TAMS 0x00000006e3900000, 0x00000006e3900000| Untracked 
| 570|0x00000006e3a00000, 0x00000006e3a00000, 0x00000006e3b00000|  0%| F|  |TAMS 0x00000006e3a00000, 0x00000006e3a00000| Untracked 
| 571|0x00000006e3b00000, 0x00000006e3b00000, 0x00000006e3c00000|  0%| F|  |TAMS 0x00000006e3b00000, 0x00000006e3b00000| Untracked 
| 572|0x00000006e3c00000, 0x00000006e3c00000, 0x00000006e3d00000|  0%| F|  |TAMS 0x00000006e3c00000, 0x00000006e3c00000| Untracked 
| 573|0x00000006e3d00000, 0x00000006e3d00000, 0x00000006e3e00000|  0%| F|  |TAMS 0x00000006e3d00000, 0x00000006e3d00000| Untracked 
| 574|0x00000006e3e00000, 0x00000006e3e00000, 0x00000006e3f00000|  0%| F|  |TAMS 0x00000006e3e00000, 0x00000006e3e00000| Untracked 
| 575|0x00000006e3f00000, 0x00000006e3f00000, 0x00000006e4000000|  0%| F|  |TAMS 0x00000006e3f00000, 0x00000006e3f00000| Untracked 
| 576|0x00000006e4000000, 0x00000006e4000000, 0x00000006e4100000|  0%| F|  |TAMS 0x00000006e4000000, 0x00000006e4000000| Untracked 
| 577|0x00000006e4100000, 0x00000006e4100000, 0x00000006e4200000|  0%| F|  |TAMS 0x00000006e4100000, 0x00000006e4100000| Untracked 
| 578|0x00000006e4200000, 0x00000006e4200000, 0x00000006e4300000|  0%| F|  |TAMS 0x00000006e4200000, 0x00000006e4200000| Untracked 
| 579|0x00000006e4300000, 0x00000006e4300000, 0x00000006e4400000|  0%| F|  |TAMS 0x00000006e4300000, 0x00000006e4300000| Untracked 
| 580|0x00000006e4400000, 0x00000006e4400000, 0x00000006e4500000|  0%| F|  |TAMS 0x00000006e4400000, 0x00000006e4400000| Untracked 
| 581|0x00000006e4500000, 0x00000006e4500000, 0x00000006e4600000|  0%| F|  |TAMS 0x00000006e4500000, 0x00000006e4500000| Untracked 
| 582|0x00000006e4600000, 0x00000006e4600000, 0x00000006e4700000|  0%| F|  |TAMS 0x00000006e4600000, 0x00000006e4600000| Untracked 
| 583|0x00000006e4700000, 0x00000006e4700000, 0x00000006e4800000|  0%| F|  |TAMS 0x00000006e4700000, 0x00000006e4700000| Untracked 
| 584|0x00000006e4800000, 0x00000006e4800000, 0x00000006e4900000|  0%| F|  |TAMS 0x00000006e4800000, 0x00000006e4800000| Untracked 
| 585|0x00000006e4900000, 0x00000006e4900000, 0x00000006e4a00000|  0%| F|  |TAMS 0x00000006e4900000, 0x00000006e4900000| Untracked 
| 586|0x00000006e4a00000, 0x00000006e4a00000, 0x00000006e4b00000|  0%| F|  |TAMS 0x00000006e4a00000, 0x00000006e4a00000| Untracked 
| 587|0x00000006e4b00000, 0x00000006e4b00000, 0x00000006e4c00000|  0%| F|  |TAMS 0x00000006e4b00000, 0x00000006e4b00000| Untracked 
| 588|0x00000006e4c00000, 0x00000006e4c00000, 0x00000006e4d00000|  0%| F|  |TAMS 0x00000006e4c00000, 0x00000006e4c00000| Untracked 
| 589|0x00000006e4d00000, 0x00000006e4d00000, 0x00000006e4e00000|  0%| F|  |TAMS 0x00000006e4d00000, 0x00000006e4d00000| Untracked 
| 590|0x00000006e4e00000, 0x00000006e4e00000, 0x00000006e4f00000|  0%| F|  |TAMS 0x00000006e4e00000, 0x00000006e4e00000| Untracked 
| 591|0x00000006e4f00000, 0x00000006e4f00000, 0x00000006e5000000|  0%| F|  |TAMS 0x00000006e4f00000, 0x00000006e4f00000| Untracked 
| 592|0x00000006e5000000, 0x00000006e5000000, 0x00000006e5100000|  0%| F|  |TAMS 0x00000006e5000000, 0x00000006e5000000| Untracked 
| 593|0x00000006e5100000, 0x00000006e5100000, 0x00000006e5200000|  0%| F|  |TAMS 0x00000006e5100000, 0x00000006e5100000| Untracked 
| 594|0x00000006e5200000, 0x00000006e5200000, 0x00000006e5300000|  0%| F|  |TAMS 0x00000006e5200000, 0x00000006e5200000| Untracked 
| 595|0x00000006e5300000, 0x00000006e5300000, 0x00000006e5400000|  0%| F|  |TAMS 0x00000006e5300000, 0x00000006e5300000| Untracked 
| 596|0x00000006e5400000, 0x00000006e5400000, 0x00000006e5500000|  0%| F|  |TAMS 0x00000006e5400000, 0x00000006e5400000| Untracked 
| 597|0x00000006e5500000, 0x00000006e5500000, 0x00000006e5600000|  0%| F|  |TAMS 0x00000006e5500000, 0x00000006e5500000| Untracked 
| 598|0x00000006e5600000, 0x00000006e5600000, 0x00000006e5700000|  0%| F|  |TAMS 0x00000006e5600000, 0x00000006e5600000| Untracked 
| 599|0x00000006e5700000, 0x00000006e5700000, 0x00000006e5800000|  0%| F|  |TAMS 0x00000006e5700000, 0x00000006e5700000| Untracked 
| 600|0x00000006e5800000, 0x00000006e5800000, 0x00000006e5900000|  0%| F|  |TAMS 0x00000006e5800000, 0x00000006e5800000| Untracked 
| 601|0x00000006e5900000, 0x00000006e5900000, 0x00000006e5a00000|  0%| F|  |TAMS 0x00000006e5900000, 0x00000006e5900000| Untracked 
| 602|0x00000006e5a00000, 0x00000006e5a00000, 0x00000006e5b00000|  0%| F|  |TAMS 0x00000006e5a00000, 0x00000006e5a00000| Untracked 
| 603|0x00000006e5b00000, 0x00000006e5b00000, 0x00000006e5c00000|  0%| F|  |TAMS 0x00000006e5b00000, 0x00000006e5b00000| Untracked 
| 604|0x00000006e5c00000, 0x00000006e5c00000, 0x00000006e5d00000|  0%| F|  |TAMS 0x00000006e5c00000, 0x00000006e5c00000| Untracked 
| 605|0x00000006e5d00000, 0x00000006e5d00000, 0x00000006e5e00000|  0%| F|  |TAMS 0x00000006e5d00000, 0x00000006e5d00000| Untracked 
| 606|0x00000006e5e00000, 0x00000006e5e00000, 0x00000006e5f00000|  0%| F|  |TAMS 0x00000006e5e00000, 0x00000006e5e00000| Untracked 
| 607|0x00000006e5f00000, 0x00000006e5f00000, 0x00000006e6000000|  0%| F|  |TAMS 0x00000006e5f00000, 0x00000006e5f00000| Untracked 
| 608|0x00000006e6000000, 0x00000006e6000000, 0x00000006e6100000|  0%| F|  |TAMS 0x00000006e6000000, 0x00000006e6000000| Untracked 
| 609|0x00000006e6100000, 0x00000006e6100000, 0x00000006e6200000|  0%| F|  |TAMS 0x00000006e6100000, 0x00000006e6100000| Untracked 
| 610|0x00000006e6200000, 0x00000006e6200000, 0x00000006e6300000|  0%| F|  |TAMS 0x00000006e6200000, 0x00000006e6200000| Untracked 
| 611|0x00000006e6300000, 0x00000006e6300000, 0x00000006e6400000|  0%| F|  |TAMS 0x00000006e6300000, 0x00000006e6300000| Untracked 
| 612|0x00000006e6400000, 0x00000006e6400000, 0x00000006e6500000|  0%| F|  |TAMS 0x00000006e6400000, 0x00000006e6400000| Untracked 
| 613|0x00000006e6500000, 0x00000006e6500000, 0x00000006e6600000|  0%| F|  |TAMS 0x00000006e6500000, 0x00000006e6500000| Untracked 
| 614|0x00000006e6600000, 0x00000006e6600000, 0x00000006e6700000|  0%| F|  |TAMS 0x00000006e6600000, 0x00000006e6600000| Untracked 
| 615|0x00000006e6700000, 0x00000006e6700000, 0x00000006e6800000|  0%| F|  |TAMS 0x00000006e6700000, 0x00000006e6700000| Untracked 
| 616|0x00000006e6800000, 0x00000006e6800000, 0x00000006e6900000|  0%| F|  |TAMS 0x00000006e6800000, 0x00000006e6800000| Untracked 
| 617|0x00000006e6900000, 0x00000006e6900000, 0x00000006e6a00000|  0%| F|  |TAMS 0x00000006e6900000, 0x00000006e6900000| Untracked 
| 618|0x00000006e6a00000, 0x00000006e6a00000, 0x00000006e6b00000|  0%| F|  |TAMS 0x00000006e6a00000, 0x00000006e6a00000| Untracked 
| 619|0x00000006e6b00000, 0x00000006e6b00000, 0x00000006e6c00000|  0%| F|  |TAMS 0x00000006e6b00000, 0x00000006e6b00000| Untracked 
| 620|0x00000006e6c00000, 0x00000006e6c00000, 0x00000006e6d00000|  0%| F|  |TAMS 0x00000006e6c00000, 0x00000006e6c00000| Untracked 
| 621|0x00000006e6d00000, 0x00000006e6d00000, 0x00000006e6e00000|  0%| F|  |TAMS 0x00000006e6d00000, 0x00000006e6d00000| Untracked 
| 622|0x00000006e6e00000, 0x00000006e6e00000, 0x00000006e6f00000|  0%| F|  |TAMS 0x00000006e6e00000, 0x00000006e6e00000| Untracked 
| 623|0x00000006e6f00000, 0x00000006e6f00000, 0x00000006e7000000|  0%| F|  |TAMS 0x00000006e6f00000, 0x00000006e6f00000| Untracked 
| 624|0x00000006e7000000, 0x00000006e7000000, 0x00000006e7100000|  0%| F|  |TAMS 0x00000006e7000000, 0x00000006e7000000| Untracked 
| 625|0x00000006e7100000, 0x00000006e7100000, 0x00000006e7200000|  0%| F|  |TAMS 0x00000006e7100000, 0x00000006e7100000| Untracked 
| 626|0x00000006e7200000, 0x00000006e7200000, 0x00000006e7300000|  0%| F|  |TAMS 0x00000006e7200000, 0x00000006e7200000| Untracked 
| 627|0x00000006e7300000, 0x00000006e7300000, 0x00000006e7400000|  0%| F|  |TAMS 0x00000006e7300000, 0x00000006e7300000| Untracked 
| 628|0x00000006e7400000, 0x00000006e7400000, 0x00000006e7500000|  0%| F|  |TAMS 0x00000006e7400000, 0x00000006e7400000| Untracked 
| 629|0x00000006e7500000, 0x00000006e7500000, 0x00000006e7600000|  0%| F|  |TAMS 0x00000006e7500000, 0x00000006e7500000| Untracked 
| 630|0x00000006e7600000, 0x00000006e7600000, 0x00000006e7700000|  0%| F|  |TAMS 0x00000006e7600000, 0x00000006e7600000| Untracked 
| 631|0x00000006e7700000, 0x00000006e7700000, 0x00000006e7800000|  0%| F|  |TAMS 0x00000006e7700000, 0x00000006e7700000| Untracked 
| 632|0x00000006e7800000, 0x00000006e7800000, 0x00000006e7900000|  0%| F|  |TAMS 0x00000006e7800000, 0x00000006e7800000| Untracked 
| 633|0x00000006e7900000, 0x00000006e7900000, 0x00000006e7a00000|  0%| F|  |TAMS 0x00000006e7900000, 0x00000006e7900000| Untracked 
| 634|0x00000006e7a00000, 0x00000006e7a00000, 0x00000006e7b00000|  0%| F|  |TAMS 0x00000006e7a00000, 0x00000006e7a00000| Untracked 
| 635|0x00000006e7b00000, 0x00000006e7b00000, 0x00000006e7c00000|  0%| F|  |TAMS 0x00000006e7b00000, 0x00000006e7b00000| Untracked 
| 636|0x00000006e7c00000, 0x00000006e7c00000, 0x00000006e7d00000|  0%| F|  |TAMS 0x00000006e7c00000, 0x00000006e7c00000| Untracked 
| 637|0x00000006e7d00000, 0x00000006e7d00000, 0x00000006e7e00000|  0%| F|  |TAMS 0x00000006e7d00000, 0x00000006e7d00000| Untracked 
| 638|0x00000006e7e00000, 0x00000006e7e00000, 0x00000006e7f00000|  0%| F|  |TAMS 0x00000006e7e00000, 0x00000006e7e00000| Untracked 
| 639|0x00000006e7f00000, 0x00000006e7f00000, 0x00000006e8000000|  0%| F|  |TAMS 0x00000006e7f00000, 0x00000006e7f00000| Untracked 
| 640|0x00000006e8000000, 0x00000006e8000000, 0x00000006e8100000|  0%| F|  |TAMS 0x00000006e8000000, 0x00000006e8000000| Untracked 
| 641|0x00000006e8100000, 0x00000006e8100000, 0x00000006e8200000|  0%| F|  |TAMS 0x00000006e8100000, 0x00000006e8100000| Untracked 
| 642|0x00000006e8200000, 0x00000006e8200000, 0x00000006e8300000|  0%| F|  |TAMS 0x00000006e8200000, 0x00000006e8200000| Untracked 
| 643|0x00000006e8300000, 0x00000006e8300000, 0x00000006e8400000|  0%| F|  |TAMS 0x00000006e8300000, 0x00000006e8300000| Untracked 
| 644|0x00000006e8400000, 0x00000006e8400000, 0x00000006e8500000|  0%| F|  |TAMS 0x00000006e8400000, 0x00000006e8400000| Untracked 
| 645|0x00000006e8500000, 0x00000006e8500000, 0x00000006e8600000|  0%| F|  |TAMS 0x00000006e8500000, 0x00000006e8500000| Untracked 
| 646|0x00000006e8600000, 0x00000006e8600000, 0x00000006e8700000|  0%| F|  |TAMS 0x00000006e8600000, 0x00000006e8600000| Untracked 
| 647|0x00000006e8700000, 0x00000006e8700000, 0x00000006e8800000|  0%| F|  |TAMS 0x00000006e8700000, 0x00000006e8700000| Untracked 
| 648|0x00000006e8800000, 0x00000006e8800000, 0x00000006e8900000|  0%| F|  |TAMS 0x00000006e8800000, 0x00000006e8800000| Untracked 
| 649|0x00000006e8900000, 0x00000006e8900000, 0x00000006e8a00000|  0%| F|  |TAMS 0x00000006e8900000, 0x00000006e8900000| Untracked 
| 650|0x00000006e8a00000, 0x00000006e8a00000, 0x00000006e8b00000|  0%| F|  |TAMS 0x00000006e8a00000, 0x00000006e8a00000| Untracked 
| 651|0x00000006e8b00000, 0x00000006e8b00000, 0x00000006e8c00000|  0%| F|  |TAMS 0x00000006e8b00000, 0x00000006e8b00000| Untracked 
| 652|0x00000006e8c00000, 0x00000006e8c00000, 0x00000006e8d00000|  0%| F|  |TAMS 0x00000006e8c00000, 0x00000006e8c00000| Untracked 
| 653|0x00000006e8d00000, 0x00000006e8d00000, 0x00000006e8e00000|  0%| F|  |TAMS 0x00000006e8d00000, 0x00000006e8d00000| Untracked 
| 654|0x00000006e8e00000, 0x00000006e8e00000, 0x00000006e8f00000|  0%| F|  |TAMS 0x00000006e8e00000, 0x00000006e8e00000| Untracked 
| 655|0x00000006e8f00000, 0x00000006e8f00000, 0x00000006e9000000|  0%| F|  |TAMS 0x00000006e8f00000, 0x00000006e8f00000| Untracked 
| 656|0x00000006e9000000, 0x00000006e9000000, 0x00000006e9100000|  0%| F|  |TAMS 0x00000006e9000000, 0x00000006e9000000| Untracked 
| 657|0x00000006e9100000, 0x00000006e9100000, 0x00000006e9200000|  0%| F|  |TAMS 0x00000006e9100000, 0x00000006e9100000| Untracked 
| 658|0x00000006e9200000, 0x00000006e9200000, 0x00000006e9300000|  0%| F|  |TAMS 0x00000006e9200000, 0x00000006e9200000| Untracked 
| 659|0x00000006e9300000, 0x00000006e9300000, 0x00000006e9400000|  0%| F|  |TAMS 0x00000006e9300000, 0x00000006e9300000| Untracked 
| 660|0x00000006e9400000, 0x00000006e9400000, 0x00000006e9500000|  0%| F|  |TAMS 0x00000006e9400000, 0x00000006e9400000| Untracked 
| 661|0x00000006e9500000, 0x00000006e9500000, 0x00000006e9600000|  0%| F|  |TAMS 0x00000006e9500000, 0x00000006e9500000| Untracked 
| 662|0x00000006e9600000, 0x00000006e9600000, 0x00000006e9700000|  0%| F|  |TAMS 0x00000006e9600000, 0x00000006e9600000| Untracked 
| 663|0x00000006e9700000, 0x00000006e9700000, 0x00000006e9800000|  0%| F|  |TAMS 0x00000006e9700000, 0x00000006e9700000| Untracked 
| 664|0x00000006e9800000, 0x00000006e9800000, 0x00000006e9900000|  0%| F|  |TAMS 0x00000006e9800000, 0x00000006e9800000| Untracked 
| 665|0x00000006e9900000, 0x00000006e9900000, 0x00000006e9a00000|  0%| F|  |TAMS 0x00000006e9900000, 0x00000006e9900000| Untracked 
| 666|0x00000006e9a00000, 0x00000006e9a00000, 0x00000006e9b00000|  0%| F|  |TAMS 0x00000006e9a00000, 0x00000006e9a00000| Untracked 
| 667|0x00000006e9b00000, 0x00000006e9b00000, 0x00000006e9c00000|  0%| F|  |TAMS 0x00000006e9b00000, 0x00000006e9b00000| Untracked 
| 668|0x00000006e9c00000, 0x00000006e9c00000, 0x00000006e9d00000|  0%| F|  |TAMS 0x00000006e9c00000, 0x00000006e9c00000| Untracked 
| 669|0x00000006e9d00000, 0x00000006e9d00000, 0x00000006e9e00000|  0%| F|  |TAMS 0x00000006e9d00000, 0x00000006e9d00000| Untracked 
| 670|0x00000006e9e00000, 0x00000006e9e00000, 0x00000006e9f00000|  0%| F|  |TAMS 0x00000006e9e00000, 0x00000006e9e00000| Untracked 
| 671|0x00000006e9f00000, 0x00000006e9f00000, 0x00000006ea000000|  0%| F|  |TAMS 0x00000006e9f00000, 0x00000006e9f00000| Untracked 
| 672|0x00000006ea000000, 0x00000006ea000000, 0x00000006ea100000|  0%| F|  |TAMS 0x00000006ea000000, 0x00000006ea000000| Untracked 
| 673|0x00000006ea100000, 0x00000006ea100000, 0x00000006ea200000|  0%| F|  |TAMS 0x00000006ea100000, 0x00000006ea100000| Untracked 
| 674|0x00000006ea200000, 0x00000006ea200000, 0x00000006ea300000|  0%| F|  |TAMS 0x00000006ea200000, 0x00000006ea200000| Untracked 
| 675|0x00000006ea300000, 0x00000006ea300000, 0x00000006ea400000|  0%| F|  |TAMS 0x00000006ea300000, 0x00000006ea300000| Untracked 
| 676|0x00000006ea400000, 0x00000006ea400000, 0x00000006ea500000|  0%| F|  |TAMS 0x00000006ea400000, 0x00000006ea400000| Untracked 
| 677|0x00000006ea500000, 0x00000006ea500000, 0x00000006ea600000|  0%| F|  |TAMS 0x00000006ea500000, 0x00000006ea500000| Untracked 
| 678|0x00000006ea600000, 0x00000006ea600000, 0x00000006ea700000|  0%| F|  |TAMS 0x00000006ea600000, 0x00000006ea600000| Untracked 
| 679|0x00000006ea700000, 0x00000006ea700000, 0x00000006ea800000|  0%| F|  |TAMS 0x00000006ea700000, 0x00000006ea700000| Untracked 
| 680|0x00000006ea800000, 0x00000006ea800000, 0x00000006ea900000|  0%| F|  |TAMS 0x00000006ea800000, 0x00000006ea800000| Untracked 
| 681|0x00000006ea900000, 0x00000006ea900000, 0x00000006eaa00000|  0%| F|  |TAMS 0x00000006ea900000, 0x00000006ea900000| Untracked 
| 682|0x00000006eaa00000, 0x00000006eaa00000, 0x00000006eab00000|  0%| F|  |TAMS 0x00000006eaa00000, 0x00000006eaa00000| Untracked 
| 683|0x00000006eab00000, 0x00000006eab00000, 0x00000006eac00000|  0%| F|  |TAMS 0x00000006eab00000, 0x00000006eab00000| Untracked 
| 684|0x00000006eac00000, 0x00000006eac00000, 0x00000006ead00000|  0%| F|  |TAMS 0x00000006eac00000, 0x00000006eac00000| Untracked 
| 685|0x00000006ead00000, 0x00000006ead00000, 0x00000006eae00000|  0%| F|  |TAMS 0x00000006ead00000, 0x00000006ead00000| Untracked 
| 686|0x00000006eae00000, 0x00000006eae00000, 0x00000006eaf00000|  0%| F|  |TAMS 0x00000006eae00000, 0x00000006eae00000| Untracked 
| 687|0x00000006eaf00000, 0x00000006eaf00000, 0x00000006eb000000|  0%| F|  |TAMS 0x00000006eaf00000, 0x00000006eaf00000| Untracked 
| 688|0x00000006eb000000, 0x00000006eb000000, 0x00000006eb100000|  0%| F|  |TAMS 0x00000006eb000000, 0x00000006eb000000| Untracked 
| 689|0x00000006eb100000, 0x00000006eb100000, 0x00000006eb200000|  0%| F|  |TAMS 0x00000006eb100000, 0x00000006eb100000| Untracked 
| 690|0x00000006eb200000, 0x00000006eb200000, 0x00000006eb300000|  0%| F|  |TAMS 0x00000006eb200000, 0x00000006eb200000| Untracked 
| 691|0x00000006eb300000, 0x00000006eb300000, 0x00000006eb400000|  0%| F|  |TAMS 0x00000006eb300000, 0x00000006eb300000| Untracked 
| 692|0x00000006eb400000, 0x00000006eb400000, 0x00000006eb500000|  0%| F|  |TAMS 0x00000006eb400000, 0x00000006eb400000| Untracked 
| 693|0x00000006eb500000, 0x00000006eb500000, 0x00000006eb600000|  0%| F|  |TAMS 0x00000006eb500000, 0x00000006eb500000| Untracked 
| 694|0x00000006eb600000, 0x00000006eb600000, 0x00000006eb700000|  0%| F|  |TAMS 0x00000006eb600000, 0x00000006eb600000| Untracked 
| 695|0x00000006eb700000, 0x00000006eb700000, 0x00000006eb800000|  0%| F|  |TAMS 0x00000006eb700000, 0x00000006eb700000| Untracked 
| 696|0x00000006eb800000, 0x00000006eb800000, 0x00000006eb900000|  0%| F|  |TAMS 0x00000006eb800000, 0x00000006eb800000| Untracked 
| 697|0x00000006eb900000, 0x00000006eb900000, 0x00000006eba00000|  0%| F|  |TAMS 0x00000006eb900000, 0x00000006eb900000| Untracked 
| 698|0x00000006eba00000, 0x00000006eba00000, 0x00000006ebb00000|  0%| F|  |TAMS 0x00000006eba00000, 0x00000006eba00000| Untracked 
| 699|0x00000006ebb00000, 0x00000006ebb00000, 0x00000006ebc00000|  0%| F|  |TAMS 0x00000006ebb00000, 0x00000006ebb00000| Untracked 
| 700|0x00000006ebc00000, 0x00000006ebc00000, 0x00000006ebd00000|  0%| F|  |TAMS 0x00000006ebc00000, 0x00000006ebc00000| Untracked 
| 701|0x00000006ebd00000, 0x00000006ebd00000, 0x00000006ebe00000|  0%| F|  |TAMS 0x00000006ebd00000, 0x00000006ebd00000| Untracked 
| 702|0x00000006ebe00000, 0x00000006ebe00000, 0x00000006ebf00000|  0%| F|  |TAMS 0x00000006ebe00000, 0x00000006ebe00000| Untracked 
| 703|0x00000006ebf00000, 0x00000006ebf00000, 0x00000006ec000000|  0%| F|  |TAMS 0x00000006ebf00000, 0x00000006ebf00000| Untracked 
| 704|0x00000006ec000000, 0x00000006ec000000, 0x00000006ec100000|  0%| F|  |TAMS 0x00000006ec000000, 0x00000006ec000000| Untracked 
| 705|0x00000006ec100000, 0x00000006ec100000, 0x00000006ec200000|  0%| F|  |TAMS 0x00000006ec100000, 0x00000006ec100000| Untracked 
| 706|0x00000006ec200000, 0x00000006ec200000, 0x00000006ec300000|  0%| F|  |TAMS 0x00000006ec200000, 0x00000006ec200000| Untracked 
| 707|0x00000006ec300000, 0x00000006ec300000, 0x00000006ec400000|  0%| F|  |TAMS 0x00000006ec300000, 0x00000006ec300000| Untracked 
| 708|0x00000006ec400000, 0x00000006ec400000, 0x00000006ec500000|  0%| F|  |TAMS 0x00000006ec400000, 0x00000006ec400000| Untracked 
| 709|0x00000006ec500000, 0x00000006ec500000, 0x00000006ec600000|  0%| F|  |TAMS 0x00000006ec500000, 0x00000006ec500000| Untracked 
| 710|0x00000006ec600000, 0x00000006ec600000, 0x00000006ec700000|  0%| F|  |TAMS 0x00000006ec600000, 0x00000006ec600000| Untracked 
| 711|0x00000006ec700000, 0x00000006ec700000, 0x00000006ec800000|  0%| F|  |TAMS 0x00000006ec700000, 0x00000006ec700000| Untracked 
| 712|0x00000006ec800000, 0x00000006ec800000, 0x00000006ec900000|  0%| F|  |TAMS 0x00000006ec800000, 0x00000006ec800000| Untracked 
| 713|0x00000006ec900000, 0x00000006ec900000, 0x00000006eca00000|  0%| F|  |TAMS 0x00000006ec900000, 0x00000006ec900000| Untracked 
| 714|0x00000006eca00000, 0x00000006eca00000, 0x00000006ecb00000|  0%| F|  |TAMS 0x00000006eca00000, 0x00000006eca00000| Untracked 
| 715|0x00000006ecb00000, 0x00000006ecb00000, 0x00000006ecc00000|  0%| F|  |TAMS 0x00000006ecb00000, 0x00000006ecb00000| Untracked 
| 716|0x00000006ecc00000, 0x00000006ecc00000, 0x00000006ecd00000|  0%| F|  |TAMS 0x00000006ecc00000, 0x00000006ecc00000| Untracked 
| 717|0x00000006ecd00000, 0x00000006ecd00000, 0x00000006ece00000|  0%| F|  |TAMS 0x00000006ecd00000, 0x00000006ecd00000| Untracked 
| 718|0x00000006ece00000, 0x00000006ece00000, 0x00000006ecf00000|  0%| F|  |TAMS 0x00000006ece00000, 0x00000006ece00000| Untracked 
| 719|0x00000006ecf00000, 0x00000006ecf00000, 0x00000006ed000000|  0%| F|  |TAMS 0x00000006ecf00000, 0x00000006ecf00000| Untracked 
| 720|0x00000006ed000000, 0x00000006ed000000, 0x00000006ed100000|  0%| F|  |TAMS 0x00000006ed000000, 0x00000006ed000000| Untracked 
| 721|0x00000006ed100000, 0x00000006ed100000, 0x00000006ed200000|  0%| F|  |TAMS 0x00000006ed100000, 0x00000006ed100000| Untracked 
| 722|0x00000006ed200000, 0x00000006ed200000, 0x00000006ed300000|  0%| F|  |TAMS 0x00000006ed200000, 0x00000006ed200000| Untracked 
| 723|0x00000006ed300000, 0x00000006ed300000, 0x00000006ed400000|  0%| F|  |TAMS 0x00000006ed300000, 0x00000006ed300000| Untracked 
| 724|0x00000006ed400000, 0x00000006ed400000, 0x00000006ed500000|  0%| F|  |TAMS 0x00000006ed400000, 0x00000006ed400000| Untracked 
| 725|0x00000006ed500000, 0x00000006ed500000, 0x00000006ed600000|  0%| F|  |TAMS 0x00000006ed500000, 0x00000006ed500000| Untracked 
| 726|0x00000006ed600000, 0x00000006ed600000, 0x00000006ed700000|  0%| F|  |TAMS 0x00000006ed600000, 0x00000006ed600000| Untracked 
| 727|0x00000006ed700000, 0x00000006ed700000, 0x00000006ed800000|  0%| F|  |TAMS 0x00000006ed700000, 0x00000006ed700000| Untracked 
| 728|0x00000006ed800000, 0x00000006ed800000, 0x00000006ed900000|  0%| F|  |TAMS 0x00000006ed800000, 0x00000006ed800000| Untracked 
| 729|0x00000006ed900000, 0x00000006ed900000, 0x00000006eda00000|  0%| F|  |TAMS 0x00000006ed900000, 0x00000006ed900000| Untracked 
| 730|0x00000006eda00000, 0x00000006eda00000, 0x00000006edb00000|  0%| F|  |TAMS 0x00000006eda00000, 0x00000006eda00000| Untracked 
| 731|0x00000006edb00000, 0x00000006edb00000, 0x00000006edc00000|  0%| F|  |TAMS 0x00000006edb00000, 0x00000006edb00000| Untracked 
| 732|0x00000006edc00000, 0x00000006edc00000, 0x00000006edd00000|  0%| F|  |TAMS 0x00000006edc00000, 0x00000006edc00000| Untracked 
| 733|0x00000006edd00000, 0x00000006edd00000, 0x00000006ede00000|  0%| F|  |TAMS 0x00000006edd00000, 0x00000006edd00000| Untracked 
| 734|0x00000006ede00000, 0x00000006ede00000, 0x00000006edf00000|  0%| F|  |TAMS 0x00000006ede00000, 0x00000006ede00000| Untracked 
| 735|0x00000006edf00000, 0x00000006edf00000, 0x00000006ee000000|  0%| F|  |TAMS 0x00000006edf00000, 0x00000006edf00000| Untracked 
| 736|0x00000006ee000000, 0x00000006ee000000, 0x00000006ee100000|  0%| F|  |TAMS 0x00000006ee000000, 0x00000006ee000000| Untracked 
| 737|0x00000006ee100000, 0x00000006ee100000, 0x00000006ee200000|  0%| F|  |TAMS 0x00000006ee100000, 0x00000006ee100000| Untracked 
| 738|0x00000006ee200000, 0x00000006ee200000, 0x00000006ee300000|  0%| F|  |TAMS 0x00000006ee200000, 0x00000006ee200000| Untracked 
| 739|0x00000006ee300000, 0x00000006ee300000, 0x00000006ee400000|  0%| F|  |TAMS 0x00000006ee300000, 0x00000006ee300000| Untracked 
| 740|0x00000006ee400000, 0x00000006ee400000, 0x00000006ee500000|  0%| F|  |TAMS 0x00000006ee400000, 0x00000006ee400000| Untracked 
| 741|0x00000006ee500000, 0x00000006ee500000, 0x00000006ee600000|  0%| F|  |TAMS 0x00000006ee500000, 0x00000006ee500000| Untracked 
| 742|0x00000006ee600000, 0x00000006ee600000, 0x00000006ee700000|  0%| F|  |TAMS 0x00000006ee600000, 0x00000006ee600000| Untracked 
| 743|0x00000006ee700000, 0x00000006ee700000, 0x00000006ee800000|  0%| F|  |TAMS 0x00000006ee700000, 0x00000006ee700000| Untracked 
| 744|0x00000006ee800000, 0x00000006ee800000, 0x00000006ee900000|  0%| F|  |TAMS 0x00000006ee800000, 0x00000006ee800000| Untracked 
| 745|0x00000006ee900000, 0x00000006ee900000, 0x00000006eea00000|  0%| F|  |TAMS 0x00000006ee900000, 0x00000006ee900000| Untracked 
| 746|0x00000006eea00000, 0x00000006eea00000, 0x00000006eeb00000|  0%| F|  |TAMS 0x00000006eea00000, 0x00000006eea00000| Untracked 
| 747|0x00000006eeb00000, 0x00000006eeb00000, 0x00000006eec00000|  0%| F|  |TAMS 0x00000006eeb00000, 0x00000006eeb00000| Untracked 
| 748|0x00000006eec00000, 0x00000006eec00000, 0x00000006eed00000|  0%| F|  |TAMS 0x00000006eec00000, 0x00000006eec00000| Untracked 
| 749|0x00000006eed00000, 0x00000006eed00000, 0x00000006eee00000|  0%| F|  |TAMS 0x00000006eed00000, 0x00000006eed00000| Untracked 
| 750|0x00000006eee00000, 0x00000006eee00000, 0x00000006eef00000|  0%| F|  |TAMS 0x00000006eee00000, 0x00000006eee00000| Untracked 
| 751|0x00000006eef00000, 0x00000006eef00000, 0x00000006ef000000|  0%| F|  |TAMS 0x00000006eef00000, 0x00000006eef00000| Untracked 
| 752|0x00000006ef000000, 0x00000006ef000000, 0x00000006ef100000|  0%| F|  |TAMS 0x00000006ef000000, 0x00000006ef000000| Untracked 
| 753|0x00000006ef100000, 0x00000006ef100000, 0x00000006ef200000|  0%| F|  |TAMS 0x00000006ef100000, 0x00000006ef100000| Untracked 
| 754|0x00000006ef200000, 0x00000006ef200000, 0x00000006ef300000|  0%| F|  |TAMS 0x00000006ef200000, 0x00000006ef200000| Untracked 
| 755|0x00000006ef300000, 0x00000006ef300000, 0x00000006ef400000|  0%| F|  |TAMS 0x00000006ef300000, 0x00000006ef300000| Untracked 
| 756|0x00000006ef400000, 0x00000006ef400000, 0x00000006ef500000|  0%| F|  |TAMS 0x00000006ef400000, 0x00000006ef400000| Untracked 
| 757|0x00000006ef500000, 0x00000006ef500000, 0x00000006ef600000|  0%| F|  |TAMS 0x00000006ef500000, 0x00000006ef500000| Untracked 
| 758|0x00000006ef600000, 0x00000006ef600000, 0x00000006ef700000|  0%| F|  |TAMS 0x00000006ef600000, 0x00000006ef600000| Untracked 
| 759|0x00000006ef700000, 0x00000006ef700000, 0x00000006ef800000|  0%| F|  |TAMS 0x00000006ef700000, 0x00000006ef700000| Untracked 
| 760|0x00000006ef800000, 0x00000006ef800000, 0x00000006ef900000|  0%| F|  |TAMS 0x00000006ef800000, 0x00000006ef800000| Untracked 
| 761|0x00000006ef900000, 0x00000006ef900000, 0x00000006efa00000|  0%| F|  |TAMS 0x00000006ef900000, 0x00000006ef900000| Untracked 
| 762|0x00000006efa00000, 0x00000006efa00000, 0x00000006efb00000|  0%| F|  |TAMS 0x00000006efa00000, 0x00000006efa00000| Untracked 
| 763|0x00000006efb00000, 0x00000006efb00000, 0x00000006efc00000|  0%| F|  |TAMS 0x00000006efb00000, 0x00000006efb00000| Untracked 
| 764|0x00000006efc00000, 0x00000006efc00000, 0x00000006efd00000|  0%| F|  |TAMS 0x00000006efc00000, 0x00000006efc00000| Untracked 
| 765|0x00000006efd00000, 0x00000006efd00000, 0x00000006efe00000|  0%| F|  |TAMS 0x00000006efd00000, 0x00000006efd00000| Untracked 
| 766|0x00000006efe00000, 0x00000006efe00000, 0x00000006eff00000|  0%| F|  |TAMS 0x00000006efe00000, 0x00000006efe00000| Untracked 
| 767|0x00000006eff00000, 0x00000006eff00000, 0x00000006f0000000|  0%| F|  |TAMS 0x00000006eff00000, 0x00000006eff00000| Untracked 
| 768|0x00000006f0000000, 0x00000006f0000000, 0x00000006f0100000|  0%| F|  |TAMS 0x00000006f0000000, 0x00000006f0000000| Untracked 
| 769|0x00000006f0100000, 0x00000006f0100000, 0x00000006f0200000|  0%| F|  |TAMS 0x00000006f0100000, 0x00000006f0100000| Untracked 
| 770|0x00000006f0200000, 0x00000006f0200000, 0x00000006f0300000|  0%| F|  |TAMS 0x00000006f0200000, 0x00000006f0200000| Untracked 
| 771|0x00000006f0300000, 0x00000006f0300000, 0x00000006f0400000|  0%| F|  |TAMS 0x00000006f0300000, 0x00000006f0300000| Untracked 
| 772|0x00000006f0400000, 0x00000006f0400000, 0x00000006f0500000|  0%| F|  |TAMS 0x00000006f0400000, 0x00000006f0400000| Untracked 
| 773|0x00000006f0500000, 0x00000006f0500000, 0x00000006f0600000|  0%| F|  |TAMS 0x00000006f0500000, 0x00000006f0500000| Untracked 
| 774|0x00000006f0600000, 0x00000006f0600000, 0x00000006f0700000|  0%| F|  |TAMS 0x00000006f0600000, 0x00000006f0600000| Untracked 
| 775|0x00000006f0700000, 0x00000006f0700000, 0x00000006f0800000|  0%| F|  |TAMS 0x00000006f0700000, 0x00000006f0700000| Untracked 
| 776|0x00000006f0800000, 0x00000006f0800000, 0x00000006f0900000|  0%| F|  |TAMS 0x00000006f0800000, 0x00000006f0800000| Untracked 
| 777|0x00000006f0900000, 0x00000006f0900000, 0x00000006f0a00000|  0%| F|  |TAMS 0x00000006f0900000, 0x00000006f0900000| Untracked 
| 778|0x00000006f0a00000, 0x00000006f0a00000, 0x00000006f0b00000|  0%| F|  |TAMS 0x00000006f0a00000, 0x00000006f0a00000| Untracked 
| 779|0x00000006f0b00000, 0x00000006f0b00000, 0x00000006f0c00000|  0%| F|  |TAMS 0x00000006f0b00000, 0x00000006f0b00000| Untracked 
| 780|0x00000006f0c00000, 0x00000006f0c00000, 0x00000006f0d00000|  0%| F|  |TAMS 0x00000006f0c00000, 0x00000006f0c00000| Untracked 
| 781|0x00000006f0d00000, 0x00000006f0d00000, 0x00000006f0e00000|  0%| F|  |TAMS 0x00000006f0d00000, 0x00000006f0d00000| Untracked 
| 782|0x00000006f0e00000, 0x00000006f0e00000, 0x00000006f0f00000|  0%| F|  |TAMS 0x00000006f0e00000, 0x00000006f0e00000| Untracked 
| 783|0x00000006f0f00000, 0x00000006f0f00000, 0x00000006f1000000|  0%| F|  |TAMS 0x00000006f0f00000, 0x00000006f0f00000| Untracked 
| 784|0x00000006f1000000, 0x00000006f1000000, 0x00000006f1100000|  0%| F|  |TAMS 0x00000006f1000000, 0x00000006f1000000| Untracked 
| 785|0x00000006f1100000, 0x00000006f1100000, 0x00000006f1200000|  0%| F|  |TAMS 0x00000006f1100000, 0x00000006f1100000| Untracked 
| 786|0x00000006f1200000, 0x00000006f1200000, 0x00000006f1300000|  0%| F|  |TAMS 0x00000006f1200000, 0x00000006f1200000| Untracked 
| 787|0x00000006f1300000, 0x00000006f1300000, 0x00000006f1400000|  0%| F|  |TAMS 0x00000006f1300000, 0x00000006f1300000| Untracked 
| 788|0x00000006f1400000, 0x00000006f1400000, 0x00000006f1500000|  0%| F|  |TAMS 0x00000006f1400000, 0x00000006f1400000| Untracked 
| 789|0x00000006f1500000, 0x00000006f1500000, 0x00000006f1600000|  0%| F|  |TAMS 0x00000006f1500000, 0x00000006f1500000| Untracked 
| 790|0x00000006f1600000, 0x00000006f1600000, 0x00000006f1700000|  0%| F|  |TAMS 0x00000006f1600000, 0x00000006f1600000| Untracked 
| 791|0x00000006f1700000, 0x00000006f1700000, 0x00000006f1800000|  0%| F|  |TAMS 0x00000006f1700000, 0x00000006f1700000| Untracked 
| 792|0x00000006f1800000, 0x00000006f1800000, 0x00000006f1900000|  0%| F|  |TAMS 0x00000006f1800000, 0x00000006f1800000| Untracked 
| 793|0x00000006f1900000, 0x00000006f1900000, 0x00000006f1a00000|  0%| F|  |TAMS 0x00000006f1900000, 0x00000006f1900000| Untracked 
| 794|0x00000006f1a00000, 0x00000006f1a00000, 0x00000006f1b00000|  0%| F|  |TAMS 0x00000006f1a00000, 0x00000006f1a00000| Untracked 
| 795|0x00000006f1b00000, 0x00000006f1b00000, 0x00000006f1c00000|  0%| F|  |TAMS 0x00000006f1b00000, 0x00000006f1b00000| Untracked 
| 796|0x00000006f1c00000, 0x00000006f1c00000, 0x00000006f1d00000|  0%| F|  |TAMS 0x00000006f1c00000, 0x00000006f1c00000| Untracked 
| 797|0x00000006f1d00000, 0x00000006f1d00000, 0x00000006f1e00000|  0%| F|  |TAMS 0x00000006f1d00000, 0x00000006f1d00000| Untracked 
| 798|0x00000006f1e00000, 0x00000006f1e00000, 0x00000006f1f00000|  0%| F|  |TAMS 0x00000006f1e00000, 0x00000006f1e00000| Untracked 
| 799|0x00000006f1f00000, 0x00000006f1f00000, 0x00000006f2000000|  0%| F|  |TAMS 0x00000006f1f00000, 0x00000006f1f00000| Untracked 
| 800|0x00000006f2000000, 0x00000006f2000000, 0x00000006f2100000|  0%| F|  |TAMS 0x00000006f2000000, 0x00000006f2000000| Untracked 
| 801|0x00000006f2100000, 0x00000006f2100000, 0x00000006f2200000|  0%| F|  |TAMS 0x00000006f2100000, 0x00000006f2100000| Untracked 
| 802|0x00000006f2200000, 0x00000006f2200000, 0x00000006f2300000|  0%| F|  |TAMS 0x00000006f2200000, 0x00000006f2200000| Untracked 
| 803|0x00000006f2300000, 0x00000006f2300000, 0x00000006f2400000|  0%| F|  |TAMS 0x00000006f2300000, 0x00000006f2300000| Untracked 
| 804|0x00000006f2400000, 0x00000006f2400000, 0x00000006f2500000|  0%| F|  |TAMS 0x00000006f2400000, 0x00000006f2400000| Untracked 
| 805|0x00000006f2500000, 0x00000006f2500000, 0x00000006f2600000|  0%| F|  |TAMS 0x00000006f2500000, 0x00000006f2500000| Untracked 
| 806|0x00000006f2600000, 0x00000006f2600000, 0x00000006f2700000|  0%| F|  |TAMS 0x00000006f2600000, 0x00000006f2600000| Untracked 
| 807|0x00000006f2700000, 0x00000006f2700000, 0x00000006f2800000|  0%| F|  |TAMS 0x00000006f2700000, 0x00000006f2700000| Untracked 
| 808|0x00000006f2800000, 0x00000006f2800000, 0x00000006f2900000|  0%| F|  |TAMS 0x00000006f2800000, 0x00000006f2800000| Untracked 
| 809|0x00000006f2900000, 0x00000006f2900000, 0x00000006f2a00000|  0%| F|  |TAMS 0x00000006f2900000, 0x00000006f2900000| Untracked 
| 810|0x00000006f2a00000, 0x00000006f2a00000, 0x00000006f2b00000|  0%| F|  |TAMS 0x00000006f2a00000, 0x00000006f2a00000| Untracked 
| 811|0x00000006f2b00000, 0x00000006f2b00000, 0x00000006f2c00000|  0%| F|  |TAMS 0x00000006f2b00000, 0x00000006f2b00000| Untracked 
| 812|0x00000006f2c00000, 0x00000006f2c00000, 0x00000006f2d00000|  0%| F|  |TAMS 0x00000006f2c00000, 0x00000006f2c00000| Untracked 
| 813|0x00000006f2d00000, 0x00000006f2d00000, 0x00000006f2e00000|  0%| F|  |TAMS 0x00000006f2d00000, 0x00000006f2d00000| Untracked 
| 814|0x00000006f2e00000, 0x00000006f2e00000, 0x00000006f2f00000|  0%| F|  |TAMS 0x00000006f2e00000, 0x00000006f2e00000| Untracked 
| 815|0x00000006f2f00000, 0x00000006f2f00000, 0x00000006f3000000|  0%| F|  |TAMS 0x00000006f2f00000, 0x00000006f2f00000| Untracked 
| 816|0x00000006f3000000, 0x00000006f3000000, 0x00000006f3100000|  0%| F|  |TAMS 0x00000006f3000000, 0x00000006f3000000| Untracked 
| 817|0x00000006f3100000, 0x00000006f3100000, 0x00000006f3200000|  0%| F|  |TAMS 0x00000006f3100000, 0x00000006f3100000| Untracked 
| 818|0x00000006f3200000, 0x00000006f3200000, 0x00000006f3300000|  0%| F|  |TAMS 0x00000006f3200000, 0x00000006f3200000| Untracked 
| 819|0x00000006f3300000, 0x00000006f3300000, 0x00000006f3400000|  0%| F|  |TAMS 0x00000006f3300000, 0x00000006f3300000| Untracked 
| 820|0x00000006f3400000, 0x00000006f3400000, 0x00000006f3500000|  0%| F|  |TAMS 0x00000006f3400000, 0x00000006f3400000| Untracked 
| 821|0x00000006f3500000, 0x00000006f3500000, 0x00000006f3600000|  0%| F|  |TAMS 0x00000006f3500000, 0x00000006f3500000| Untracked 
| 822|0x00000006f3600000, 0x00000006f3600000, 0x00000006f3700000|  0%| F|  |TAMS 0x00000006f3600000, 0x00000006f3600000| Untracked 
| 823|0x00000006f3700000, 0x00000006f3700000, 0x00000006f3800000|  0%| F|  |TAMS 0x00000006f3700000, 0x00000006f3700000| Untracked 
| 824|0x00000006f3800000, 0x00000006f3800000, 0x00000006f3900000|  0%| F|  |TAMS 0x00000006f3800000, 0x00000006f3800000| Untracked 
| 825|0x00000006f3900000, 0x00000006f3900000, 0x00000006f3a00000|  0%| F|  |TAMS 0x00000006f3900000, 0x00000006f3900000| Untracked 
| 826|0x00000006f3a00000, 0x00000006f3a00000, 0x00000006f3b00000|  0%| F|  |TAMS 0x00000006f3a00000, 0x00000006f3a00000| Untracked 
| 827|0x00000006f3b00000, 0x00000006f3b00000, 0x00000006f3c00000|  0%| F|  |TAMS 0x00000006f3b00000, 0x00000006f3b00000| Untracked 
| 828|0x00000006f3c00000, 0x00000006f3c00000, 0x00000006f3d00000|  0%| F|  |TAMS 0x00000006f3c00000, 0x00000006f3c00000| Untracked 
| 829|0x00000006f3d00000, 0x00000006f3d00000, 0x00000006f3e00000|  0%| F|  |TAMS 0x00000006f3d00000, 0x00000006f3d00000| Untracked 
| 830|0x00000006f3e00000, 0x00000006f3e00000, 0x00000006f3f00000|  0%| F|  |TAMS 0x00000006f3e00000, 0x00000006f3e00000| Untracked 
| 831|0x00000006f3f00000, 0x00000006f3f00000, 0x00000006f4000000|  0%| F|  |TAMS 0x00000006f3f00000, 0x00000006f3f00000| Untracked 
| 832|0x00000006f4000000, 0x00000006f4000000, 0x00000006f4100000|  0%| F|  |TAMS 0x00000006f4000000, 0x00000006f4000000| Untracked 
| 833|0x00000006f4100000, 0x00000006f4100000, 0x00000006f4200000|  0%| F|  |TAMS 0x00000006f4100000, 0x00000006f4100000| Untracked 
| 834|0x00000006f4200000, 0x00000006f4200000, 0x00000006f4300000|  0%| F|  |TAMS 0x00000006f4200000, 0x00000006f4200000| Untracked 
| 835|0x00000006f4300000, 0x00000006f4300000, 0x00000006f4400000|  0%| F|  |TAMS 0x00000006f4300000, 0x00000006f4300000| Untracked 
| 836|0x00000006f4400000, 0x00000006f4400000, 0x00000006f4500000|  0%| F|  |TAMS 0x00000006f4400000, 0x00000006f4400000| Untracked 
| 837|0x00000006f4500000, 0x00000006f4500000, 0x00000006f4600000|  0%| F|  |TAMS 0x00000006f4500000, 0x00000006f4500000| Untracked 
| 838|0x00000006f4600000, 0x00000006f4600000, 0x00000006f4700000|  0%| F|  |TAMS 0x00000006f4600000, 0x00000006f4600000| Untracked 
| 839|0x00000006f4700000, 0x00000006f4700000, 0x00000006f4800000|  0%| F|  |TAMS 0x00000006f4700000, 0x00000006f4700000| Untracked 
| 840|0x00000006f4800000, 0x00000006f4800000, 0x00000006f4900000|  0%| F|  |TAMS 0x00000006f4800000, 0x00000006f4800000| Untracked 
| 841|0x00000006f4900000, 0x00000006f4900000, 0x00000006f4a00000|  0%| F|  |TAMS 0x00000006f4900000, 0x00000006f4900000| Untracked 
| 842|0x00000006f4a00000, 0x00000006f4a00000, 0x00000006f4b00000|  0%| F|  |TAMS 0x00000006f4a00000, 0x00000006f4a00000| Untracked 
| 843|0x00000006f4b00000, 0x00000006f4b00000, 0x00000006f4c00000|  0%| F|  |TAMS 0x00000006f4b00000, 0x00000006f4b00000| Untracked 
| 844|0x00000006f4c00000, 0x00000006f4c00000, 0x00000006f4d00000|  0%| F|  |TAMS 0x00000006f4c00000, 0x00000006f4c00000| Untracked 
| 845|0x00000006f4d00000, 0x00000006f4d00000, 0x00000006f4e00000|  0%| F|  |TAMS 0x00000006f4d00000, 0x00000006f4d00000| Untracked 
| 846|0x00000006f4e00000, 0x00000006f4e00000, 0x00000006f4f00000|  0%| F|  |TAMS 0x00000006f4e00000, 0x00000006f4e00000| Untracked 
| 847|0x00000006f4f00000, 0x00000006f4f00000, 0x00000006f5000000|  0%| F|  |TAMS 0x00000006f4f00000, 0x00000006f4f00000| Untracked 
| 848|0x00000006f5000000, 0x00000006f5000000, 0x00000006f5100000|  0%| F|  |TAMS 0x00000006f5000000, 0x00000006f5000000| Untracked 
| 849|0x00000006f5100000, 0x00000006f5100000, 0x00000006f5200000|  0%| F|  |TAMS 0x00000006f5100000, 0x00000006f5100000| Untracked 
| 850|0x00000006f5200000, 0x00000006f5200000, 0x00000006f5300000|  0%| F|  |TAMS 0x00000006f5200000, 0x00000006f5200000| Untracked 
| 851|0x00000006f5300000, 0x00000006f5300000, 0x00000006f5400000|  0%| F|  |TAMS 0x00000006f5300000, 0x00000006f5300000| Untracked 
| 852|0x00000006f5400000, 0x00000006f5400000, 0x00000006f5500000|  0%| F|  |TAMS 0x00000006f5400000, 0x00000006f5400000| Untracked 
| 853|0x00000006f5500000, 0x00000006f5500000, 0x00000006f5600000|  0%| F|  |TAMS 0x00000006f5500000, 0x00000006f5500000| Untracked 
| 854|0x00000006f5600000, 0x00000006f5600000, 0x00000006f5700000|  0%| F|  |TAMS 0x00000006f5600000, 0x00000006f5600000| Untracked 
| 855|0x00000006f5700000, 0x00000006f5700000, 0x00000006f5800000|  0%| F|  |TAMS 0x00000006f5700000, 0x00000006f5700000| Untracked 
| 856|0x00000006f5800000, 0x00000006f5800000, 0x00000006f5900000|  0%| F|  |TAMS 0x00000006f5800000, 0x00000006f5800000| Untracked 
| 857|0x00000006f5900000, 0x00000006f5900000, 0x00000006f5a00000|  0%| F|  |TAMS 0x00000006f5900000, 0x00000006f5900000| Untracked 
| 858|0x00000006f5a00000, 0x00000006f5a00000, 0x00000006f5b00000|  0%| F|  |TAMS 0x00000006f5a00000, 0x00000006f5a00000| Untracked 
| 859|0x00000006f5b00000, 0x00000006f5b00000, 0x00000006f5c00000|  0%| F|  |TAMS 0x00000006f5b00000, 0x00000006f5b00000| Untracked 
| 860|0x00000006f5c00000, 0x00000006f5c00000, 0x00000006f5d00000|  0%| F|  |TAMS 0x00000006f5c00000, 0x00000006f5c00000| Untracked 
| 861|0x00000006f5d00000, 0x00000006f5d00000, 0x00000006f5e00000|  0%| F|  |TAMS 0x00000006f5d00000, 0x00000006f5d00000| Untracked 
| 862|0x00000006f5e00000, 0x00000006f5e00000, 0x00000006f5f00000|  0%| F|  |TAMS 0x00000006f5e00000, 0x00000006f5e00000| Untracked 
| 863|0x00000006f5f00000, 0x00000006f5f00000, 0x00000006f6000000|  0%| F|  |TAMS 0x00000006f5f00000, 0x00000006f5f00000| Untracked 
| 864|0x00000006f6000000, 0x00000006f6000000, 0x00000006f6100000|  0%| F|  |TAMS 0x00000006f6000000, 0x00000006f6000000| Untracked 
| 865|0x00000006f6100000, 0x00000006f6100000, 0x00000006f6200000|  0%| F|  |TAMS 0x00000006f6100000, 0x00000006f6100000| Untracked 
| 866|0x00000006f6200000, 0x00000006f6200000, 0x00000006f6300000|  0%| F|  |TAMS 0x00000006f6200000, 0x00000006f6200000| Untracked 
| 867|0x00000006f6300000, 0x00000006f6300000, 0x00000006f6400000|  0%| F|  |TAMS 0x00000006f6300000, 0x00000006f6300000| Untracked 
| 868|0x00000006f6400000, 0x00000006f6400000, 0x00000006f6500000|  0%| F|  |TAMS 0x00000006f6400000, 0x00000006f6400000| Untracked 
| 869|0x00000006f6500000, 0x00000006f6500000, 0x00000006f6600000|  0%| F|  |TAMS 0x00000006f6500000, 0x00000006f6500000| Untracked 
| 870|0x00000006f6600000, 0x00000006f6600000, 0x00000006f6700000|  0%| F|  |TAMS 0x00000006f6600000, 0x00000006f6600000| Untracked 
| 871|0x00000006f6700000, 0x00000006f6700000, 0x00000006f6800000|  0%| F|  |TAMS 0x00000006f6700000, 0x00000006f6700000| Untracked 
| 872|0x00000006f6800000, 0x00000006f6800000, 0x00000006f6900000|  0%| F|  |TAMS 0x00000006f6800000, 0x00000006f6800000| Untracked 
| 873|0x00000006f6900000, 0x00000006f6900000, 0x00000006f6a00000|  0%| F|  |TAMS 0x00000006f6900000, 0x00000006f6900000| Untracked 
| 874|0x00000006f6a00000, 0x00000006f6a00000, 0x00000006f6b00000|  0%| F|  |TAMS 0x00000006f6a00000, 0x00000006f6a00000| Untracked 
| 875|0x00000006f6b00000, 0x00000006f6b00000, 0x00000006f6c00000|  0%| F|  |TAMS 0x00000006f6b00000, 0x00000006f6b00000| Untracked 
| 876|0x00000006f6c00000, 0x00000006f6c00000, 0x00000006f6d00000|  0%| F|  |TAMS 0x00000006f6c00000, 0x00000006f6c00000| Untracked 
| 877|0x00000006f6d00000, 0x00000006f6d00000, 0x00000006f6e00000|  0%| F|  |TAMS 0x00000006f6d00000, 0x00000006f6d00000| Untracked 
| 878|0x00000006f6e00000, 0x00000006f6e00000, 0x00000006f6f00000|  0%| F|  |TAMS 0x00000006f6e00000, 0x00000006f6e00000| Untracked 
| 879|0x00000006f6f00000, 0x00000006f6f00000, 0x00000006f7000000|  0%| F|  |TAMS 0x00000006f6f00000, 0x00000006f6f00000| Untracked 
| 880|0x00000006f7000000, 0x00000006f7000000, 0x00000006f7100000|  0%| F|  |TAMS 0x00000006f7000000, 0x00000006f7000000| Untracked 
| 881|0x00000006f7100000, 0x00000006f7100000, 0x00000006f7200000|  0%| F|  |TAMS 0x00000006f7100000, 0x00000006f7100000| Untracked 
| 882|0x00000006f7200000, 0x00000006f7200000, 0x00000006f7300000|  0%| F|  |TAMS 0x00000006f7200000, 0x00000006f7200000| Untracked 
| 883|0x00000006f7300000, 0x00000006f7300000, 0x00000006f7400000|  0%| F|  |TAMS 0x00000006f7300000, 0x00000006f7300000| Untracked 
| 884|0x00000006f7400000, 0x00000006f7400000, 0x00000006f7500000|  0%| F|  |TAMS 0x00000006f7400000, 0x00000006f7400000| Untracked 
| 885|0x00000006f7500000, 0x00000006f7500000, 0x00000006f7600000|  0%| F|  |TAMS 0x00000006f7500000, 0x00000006f7500000| Untracked 
| 886|0x00000006f7600000, 0x00000006f7600000, 0x00000006f7700000|  0%| F|  |TAMS 0x00000006f7600000, 0x00000006f7600000| Untracked 
| 887|0x00000006f7700000, 0x00000006f7700000, 0x00000006f7800000|  0%| F|  |TAMS 0x00000006f7700000, 0x00000006f7700000| Untracked 
| 888|0x00000006f7800000, 0x00000006f7800000, 0x00000006f7900000|  0%| F|  |TAMS 0x00000006f7800000, 0x00000006f7800000| Untracked 
| 889|0x00000006f7900000, 0x00000006f7900000, 0x00000006f7a00000|  0%| F|  |TAMS 0x00000006f7900000, 0x00000006f7900000| Untracked 
| 890|0x00000006f7a00000, 0x00000006f7a00000, 0x00000006f7b00000|  0%| F|  |TAMS 0x00000006f7a00000, 0x00000006f7a00000| Untracked 
| 891|0x00000006f7b00000, 0x00000006f7b00000, 0x00000006f7c00000|  0%| F|  |TAMS 0x00000006f7b00000, 0x00000006f7b00000| Untracked 
| 892|0x00000006f7c00000, 0x00000006f7c00000, 0x00000006f7d00000|  0%| F|  |TAMS 0x00000006f7c00000, 0x00000006f7c00000| Untracked 
| 893|0x00000006f7d00000, 0x00000006f7d00000, 0x00000006f7e00000|  0%| F|  |TAMS 0x00000006f7d00000, 0x00000006f7d00000| Untracked 
| 894|0x00000006f7e00000, 0x00000006f7e00000, 0x00000006f7f00000|  0%| F|  |TAMS 0x00000006f7e00000, 0x00000006f7e00000| Untracked 
| 895|0x00000006f7f00000, 0x00000006f7f00000, 0x00000006f8000000|  0%| F|  |TAMS 0x00000006f7f00000, 0x00000006f7f00000| Untracked 
| 896|0x00000006f8000000, 0x00000006f8000000, 0x00000006f8100000|  0%| F|  |TAMS 0x00000006f8000000, 0x00000006f8000000| Untracked 
| 897|0x00000006f8100000, 0x00000006f8100000, 0x00000006f8200000|  0%| F|  |TAMS 0x00000006f8100000, 0x00000006f8100000| Untracked 
| 898|0x00000006f8200000, 0x00000006f8200000, 0x00000006f8300000|  0%| F|  |TAMS 0x00000006f8200000, 0x00000006f8200000| Untracked 
| 899|0x00000006f8300000, 0x00000006f8300000, 0x00000006f8400000|  0%| F|  |TAMS 0x00000006f8300000, 0x00000006f8300000| Untracked 
| 900|0x00000006f8400000, 0x00000006f8400000, 0x00000006f8500000|  0%| F|  |TAMS 0x00000006f8400000, 0x00000006f8400000| Untracked 
| 901|0x00000006f8500000, 0x00000006f8500000, 0x00000006f8600000|  0%| F|  |TAMS 0x00000006f8500000, 0x00000006f8500000| Untracked 
| 902|0x00000006f8600000, 0x00000006f8600000, 0x00000006f8700000|  0%| F|  |TAMS 0x00000006f8600000, 0x00000006f8600000| Untracked 
| 903|0x00000006f8700000, 0x00000006f8700000, 0x00000006f8800000|  0%| F|  |TAMS 0x00000006f8700000, 0x00000006f8700000| Untracked 
| 904|0x00000006f8800000, 0x00000006f8800000, 0x00000006f8900000|  0%| F|  |TAMS 0x00000006f8800000, 0x00000006f8800000| Untracked 
| 905|0x00000006f8900000, 0x00000006f8900000, 0x00000006f8a00000|  0%| F|  |TAMS 0x00000006f8900000, 0x00000006f8900000| Untracked 
| 906|0x00000006f8a00000, 0x00000006f8a00000, 0x00000006f8b00000|  0%| F|  |TAMS 0x00000006f8a00000, 0x00000006f8a00000| Untracked 
| 907|0x00000006f8b00000, 0x00000006f8b00000, 0x00000006f8c00000|  0%| F|  |TAMS 0x00000006f8b00000, 0x00000006f8b00000| Untracked 
| 908|0x00000006f8c00000, 0x00000006f8c00000, 0x00000006f8d00000|  0%| F|  |TAMS 0x00000006f8c00000, 0x00000006f8c00000| Untracked 
| 909|0x00000006f8d00000, 0x00000006f8d00000, 0x00000006f8e00000|  0%| F|  |TAMS 0x00000006f8d00000, 0x00000006f8d00000| Untracked 
| 910|0x00000006f8e00000, 0x00000006f8e00000, 0x00000006f8f00000|  0%| F|  |TAMS 0x00000006f8e00000, 0x00000006f8e00000| Untracked 
| 911|0x00000006f8f00000, 0x00000006f8f00000, 0x00000006f9000000|  0%| F|  |TAMS 0x00000006f8f00000, 0x00000006f8f00000| Untracked 
| 912|0x00000006f9000000, 0x00000006f9000000, 0x00000006f9100000|  0%| F|  |TAMS 0x00000006f9000000, 0x00000006f9000000| Untracked 
| 913|0x00000006f9100000, 0x00000006f9100000, 0x00000006f9200000|  0%| F|  |TAMS 0x00000006f9100000, 0x00000006f9100000| Untracked 
| 914|0x00000006f9200000, 0x00000006f9200000, 0x00000006f9300000|  0%| F|  |TAMS 0x00000006f9200000, 0x00000006f9200000| Untracked 
| 915|0x00000006f9300000, 0x00000006f9300000, 0x00000006f9400000|  0%| F|  |TAMS 0x00000006f9300000, 0x00000006f9300000| Untracked 
| 916|0x00000006f9400000, 0x00000006f9400000, 0x00000006f9500000|  0%| F|  |TAMS 0x00000006f9400000, 0x00000006f9400000| Untracked 
| 917|0x00000006f9500000, 0x00000006f9500000, 0x00000006f9600000|  0%| F|  |TAMS 0x00000006f9500000, 0x00000006f9500000| Untracked 
| 918|0x00000006f9600000, 0x00000006f9600000, 0x00000006f9700000|  0%| F|  |TAMS 0x00000006f9600000, 0x00000006f9600000| Untracked 
| 919|0x00000006f9700000, 0x00000006f9700000, 0x00000006f9800000|  0%| F|  |TAMS 0x00000006f9700000, 0x00000006f9700000| Untracked 
| 920|0x00000006f9800000, 0x00000006f9800000, 0x00000006f9900000|  0%| F|  |TAMS 0x00000006f9800000, 0x00000006f9800000| Untracked 
| 921|0x00000006f9900000, 0x00000006f9900000, 0x00000006f9a00000|  0%| F|  |TAMS 0x00000006f9900000, 0x00000006f9900000| Untracked 
| 922|0x00000006f9a00000, 0x00000006f9a00000, 0x00000006f9b00000|  0%| F|  |TAMS 0x00000006f9a00000, 0x00000006f9a00000| Untracked 
| 923|0x00000006f9b00000, 0x00000006f9b00000, 0x00000006f9c00000|  0%| F|  |TAMS 0x00000006f9b00000, 0x00000006f9b00000| Untracked 
| 924|0x00000006f9c00000, 0x00000006f9c00000, 0x00000006f9d00000|  0%| F|  |TAMS 0x00000006f9c00000, 0x00000006f9c00000| Untracked 
| 925|0x00000006f9d00000, 0x00000006f9d00000, 0x00000006f9e00000|  0%| F|  |TAMS 0x00000006f9d00000, 0x00000006f9d00000| Untracked 
| 926|0x00000006f9e00000, 0x00000006f9e00000, 0x00000006f9f00000|  0%| F|  |TAMS 0x00000006f9e00000, 0x00000006f9e00000| Untracked 
| 927|0x00000006f9f00000, 0x00000006f9f00000, 0x00000006fa000000|  0%| F|  |TAMS 0x00000006f9f00000, 0x00000006f9f00000| Untracked 
| 928|0x00000006fa000000, 0x00000006fa000000, 0x00000006fa100000|  0%| F|  |TAMS 0x00000006fa000000, 0x00000006fa000000| Untracked 
| 929|0x00000006fa100000, 0x00000006fa100000, 0x00000006fa200000|  0%| F|  |TAMS 0x00000006fa100000, 0x00000006fa100000| Untracked 
| 930|0x00000006fa200000, 0x00000006fa200000, 0x00000006fa300000|  0%| F|  |TAMS 0x00000006fa200000, 0x00000006fa200000| Untracked 
| 931|0x00000006fa300000, 0x00000006fa300000, 0x00000006fa400000|  0%| F|  |TAMS 0x00000006fa300000, 0x00000006fa300000| Untracked 
| 932|0x00000006fa400000, 0x00000006fa400000, 0x00000006fa500000|  0%| F|  |TAMS 0x00000006fa400000, 0x00000006fa400000| Untracked 
| 933|0x00000006fa500000, 0x00000006fa500000, 0x00000006fa600000|  0%| F|  |TAMS 0x00000006fa500000, 0x00000006fa500000| Untracked 
| 934|0x00000006fa600000, 0x00000006fa600000, 0x00000006fa700000|  0%| F|  |TAMS 0x00000006fa600000, 0x00000006fa600000| Untracked 
| 935|0x00000006fa700000, 0x00000006fa700000, 0x00000006fa800000|  0%| F|  |TAMS 0x00000006fa700000, 0x00000006fa700000| Untracked 
| 936|0x00000006fa800000, 0x00000006fa800000, 0x00000006fa900000|  0%| F|  |TAMS 0x00000006fa800000, 0x00000006fa800000| Untracked 
| 937|0x00000006fa900000, 0x00000006fa900000, 0x00000006faa00000|  0%| F|  |TAMS 0x00000006fa900000, 0x00000006fa900000| Untracked 
| 938|0x00000006faa00000, 0x00000006faa00000, 0x00000006fab00000|  0%| F|  |TAMS 0x00000006faa00000, 0x00000006faa00000| Untracked 
| 939|0x00000006fab00000, 0x00000006fab00000, 0x00000006fac00000|  0%| F|  |TAMS 0x00000006fab00000, 0x00000006fab00000| Untracked 
| 940|0x00000006fac00000, 0x00000006fac00000, 0x00000006fad00000|  0%| F|  |TAMS 0x00000006fac00000, 0x00000006fac00000| Untracked 
| 941|0x00000006fad00000, 0x00000006fad00000, 0x00000006fae00000|  0%| F|  |TAMS 0x00000006fad00000, 0x00000006fad00000| Untracked 
| 942|0x00000006fae00000, 0x00000006fae00000, 0x00000006faf00000|  0%| F|  |TAMS 0x00000006fae00000, 0x00000006fae00000| Untracked 
| 943|0x00000006faf00000, 0x00000006faf00000, 0x00000006fb000000|  0%| F|  |TAMS 0x00000006faf00000, 0x00000006faf00000| Untracked 
| 944|0x00000006fb000000, 0x00000006fb000000, 0x00000006fb100000|  0%| F|  |TAMS 0x00000006fb000000, 0x00000006fb000000| Untracked 
| 945|0x00000006fb100000, 0x00000006fb100000, 0x00000006fb200000|  0%| F|  |TAMS 0x00000006fb100000, 0x00000006fb100000| Untracked 
| 946|0x00000006fb200000, 0x00000006fb200000, 0x00000006fb300000|  0%| F|  |TAMS 0x00000006fb200000, 0x00000006fb200000| Untracked 
| 947|0x00000006fb300000, 0x00000006fb300000, 0x00000006fb400000|  0%| F|  |TAMS 0x00000006fb300000, 0x00000006fb300000| Untracked 
| 948|0x00000006fb400000, 0x00000006fb400000, 0x00000006fb500000|  0%| F|  |TAMS 0x00000006fb400000, 0x00000006fb400000| Untracked 
| 949|0x00000006fb500000, 0x00000006fb500000, 0x00000006fb600000|  0%| F|  |TAMS 0x00000006fb500000, 0x00000006fb500000| Untracked 
| 950|0x00000006fb600000, 0x00000006fb600000, 0x00000006fb700000|  0%| F|  |TAMS 0x00000006fb600000, 0x00000006fb600000| Untracked 
| 951|0x00000006fb700000, 0x00000006fb700000, 0x00000006fb800000|  0%| F|  |TAMS 0x00000006fb700000, 0x00000006fb700000| Untracked 
| 952|0x00000006fb800000, 0x00000006fb800000, 0x00000006fb900000|  0%| F|  |TAMS 0x00000006fb800000, 0x00000006fb800000| Untracked 
| 953|0x00000006fb900000, 0x00000006fb900000, 0x00000006fba00000|  0%| F|  |TAMS 0x00000006fb900000, 0x00000006fb900000| Untracked 
| 954|0x00000006fba00000, 0x00000006fba00000, 0x00000006fbb00000|  0%| F|  |TAMS 0x00000006fba00000, 0x00000006fba00000| Untracked 
| 955|0x00000006fbb00000, 0x00000006fbb00000, 0x00000006fbc00000|  0%| F|  |TAMS 0x00000006fbb00000, 0x00000006fbb00000| Untracked 
| 956|0x00000006fbc00000, 0x00000006fbc00000, 0x00000006fbd00000|  0%| F|  |TAMS 0x00000006fbc00000, 0x00000006fbc00000| Untracked 
| 957|0x00000006fbd00000, 0x00000006fbd00000, 0x00000006fbe00000|  0%| F|  |TAMS 0x00000006fbd00000, 0x00000006fbd00000| Untracked 
| 958|0x00000006fbe00000, 0x00000006fbe00000, 0x00000006fbf00000|  0%| F|  |TAMS 0x00000006fbe00000, 0x00000006fbe00000| Untracked 
| 959|0x00000006fbf00000, 0x00000006fbf00000, 0x00000006fc000000|  0%| F|  |TAMS 0x00000006fbf00000, 0x00000006fbf00000| Untracked 
| 960|0x00000006fc000000, 0x00000006fc000000, 0x00000006fc100000|  0%| F|  |TAMS 0x00000006fc000000, 0x00000006fc000000| Untracked 
| 961|0x00000006fc100000, 0x00000006fc100000, 0x00000006fc200000|  0%| F|  |TAMS 0x00000006fc100000, 0x00000006fc100000| Untracked 
| 962|0x00000006fc200000, 0x00000006fc200000, 0x00000006fc300000|  0%| F|  |TAMS 0x00000006fc200000, 0x00000006fc200000| Untracked 
| 963|0x00000006fc300000, 0x00000006fc300000, 0x00000006fc400000|  0%| F|  |TAMS 0x00000006fc300000, 0x00000006fc300000| Untracked 
| 964|0x00000006fc400000, 0x00000006fc400000, 0x00000006fc500000|  0%| F|  |TAMS 0x00000006fc400000, 0x00000006fc400000| Untracked 
| 965|0x00000006fc500000, 0x00000006fc500000, 0x00000006fc600000|  0%| F|  |TAMS 0x00000006fc500000, 0x00000006fc500000| Untracked 
| 966|0x00000006fc600000, 0x00000006fc600000, 0x00000006fc700000|  0%| F|  |TAMS 0x00000006fc600000, 0x00000006fc600000| Untracked 
| 967|0x00000006fc700000, 0x00000006fc700000, 0x00000006fc800000|  0%| F|  |TAMS 0x00000006fc700000, 0x00000006fc700000| Untracked 
| 968|0x00000006fc800000, 0x00000006fc800000, 0x00000006fc900000|  0%| F|  |TAMS 0x00000006fc800000, 0x00000006fc800000| Untracked 
| 969|0x00000006fc900000, 0x00000006fc900000, 0x00000006fca00000|  0%| F|  |TAMS 0x00000006fc900000, 0x00000006fc900000| Untracked 
| 970|0x00000006fca00000, 0x00000006fca00000, 0x00000006fcb00000|  0%| F|  |TAMS 0x00000006fca00000, 0x00000006fca00000| Untracked 
| 971|0x00000006fcb00000, 0x00000006fcb00000, 0x00000006fcc00000|  0%| F|  |TAMS 0x00000006fcb00000, 0x00000006fcb00000| Untracked 
| 972|0x00000006fcc00000, 0x00000006fcc00000, 0x00000006fcd00000|  0%| F|  |TAMS 0x00000006fcc00000, 0x00000006fcc00000| Untracked 
| 973|0x00000006fcd00000, 0x00000006fcd00000, 0x00000006fce00000|  0%| F|  |TAMS 0x00000006fcd00000, 0x00000006fcd00000| Untracked 
| 974|0x00000006fce00000, 0x00000006fce00000, 0x00000006fcf00000|  0%| F|  |TAMS 0x00000006fce00000, 0x00000006fce00000| Untracked 
| 975|0x00000006fcf00000, 0x00000006fcf00000, 0x00000006fd000000|  0%| F|  |TAMS 0x00000006fcf00000, 0x00000006fcf00000| Untracked 
| 976|0x00000006fd000000, 0x00000006fd000000, 0x00000006fd100000|  0%| F|  |TAMS 0x00000006fd000000, 0x00000006fd000000| Untracked 
| 977|0x00000006fd100000, 0x00000006fd100000, 0x00000006fd200000|  0%| F|  |TAMS 0x00000006fd100000, 0x00000006fd100000| Untracked 
| 978|0x00000006fd200000, 0x00000006fd200000, 0x00000006fd300000|  0%| F|  |TAMS 0x00000006fd200000, 0x00000006fd200000| Untracked 
| 979|0x00000006fd300000, 0x00000006fd300000, 0x00000006fd400000|  0%| F|  |TAMS 0x00000006fd300000, 0x00000006fd300000| Untracked 
| 980|0x00000006fd400000, 0x00000006fd400000, 0x00000006fd500000|  0%| F|  |TAMS 0x00000006fd400000, 0x00000006fd400000| Untracked 
| 981|0x00000006fd500000, 0x00000006fd500000, 0x00000006fd600000|  0%| F|  |TAMS 0x00000006fd500000, 0x00000006fd500000| Untracked 
| 982|0x00000006fd600000, 0x00000006fd600000, 0x00000006fd700000|  0%| F|  |TAMS 0x00000006fd600000, 0x00000006fd600000| Untracked 
| 983|0x00000006fd700000, 0x00000006fd700000, 0x00000006fd800000|  0%| F|  |TAMS 0x00000006fd700000, 0x00000006fd700000| Untracked 
| 984|0x00000006fd800000, 0x00000006fd800000, 0x00000006fd900000|  0%| F|  |TAMS 0x00000006fd800000, 0x00000006fd800000| Untracked 
| 985|0x00000006fd900000, 0x00000006fd900000, 0x00000006fda00000|  0%| F|  |TAMS 0x00000006fd900000, 0x00000006fd900000| Untracked 
| 986|0x00000006fda00000, 0x00000006fda00000, 0x00000006fdb00000|  0%| F|  |TAMS 0x00000006fda00000, 0x00000006fda00000| Untracked 
| 987|0x00000006fdb00000, 0x00000006fdb00000, 0x00000006fdc00000|  0%| F|  |TAMS 0x00000006fdb00000, 0x00000006fdb00000| Untracked 
| 988|0x00000006fdc00000, 0x00000006fdc00000, 0x00000006fdd00000|  0%| F|  |TAMS 0x00000006fdc00000, 0x00000006fdc00000| Untracked 
| 989|0x00000006fdd00000, 0x00000006fdd00000, 0x00000006fde00000|  0%| F|  |TAMS 0x00000006fdd00000, 0x00000006fdd00000| Untracked 
| 990|0x00000006fde00000, 0x00000006fde00000, 0x00000006fdf00000|  0%| F|  |TAMS 0x00000006fde00000, 0x00000006fde00000| Untracked 
| 991|0x00000006fdf00000, 0x00000006fdf00000, 0x00000006fe000000|  0%| F|  |TAMS 0x00000006fdf00000, 0x00000006fdf00000| Untracked 
| 992|0x00000006fe000000, 0x00000006fe000000, 0x00000006fe100000|  0%| F|  |TAMS 0x00000006fe000000, 0x00000006fe000000| Untracked 
| 993|0x00000006fe100000, 0x00000006fe100000, 0x00000006fe200000|  0%| F|  |TAMS 0x00000006fe100000, 0x00000006fe100000| Untracked 
| 994|0x00000006fe200000, 0x00000006fe200000, 0x00000006fe300000|  0%| F|  |TAMS 0x00000006fe200000, 0x00000006fe200000| Untracked 
| 995|0x00000006fe300000, 0x00000006fe300000, 0x00000006fe400000|  0%| F|  |TAMS 0x00000006fe300000, 0x00000006fe300000| Untracked 
| 996|0x00000006fe400000, 0x00000006fe400000, 0x00000006fe500000|  0%| F|  |TAMS 0x00000006fe400000, 0x00000006fe400000| Untracked 
| 997|0x00000006fe500000, 0x00000006fe500000, 0x00000006fe600000|  0%| F|  |TAMS 0x00000006fe500000, 0x00000006fe500000| Untracked 
| 998|0x00000006fe600000, 0x00000006fe600000, 0x00000006fe700000|  0%| F|  |TAMS 0x00000006fe600000, 0x00000006fe600000| Untracked 
| 999|0x00000006fe700000, 0x00000006fe700000, 0x00000006fe800000|  0%| F|  |TAMS 0x00000006fe700000, 0x00000006fe700000| Untracked 
|1000|0x00000006fe800000, 0x00000006fe800000, 0x00000006fe900000|  0%| F|  |TAMS 0x00000006fe800000, 0x00000006fe800000| Untracked 
|1001|0x00000006fe900000, 0x00000006fe900000, 0x00000006fea00000|  0%| F|  |TAMS 0x00000006fe900000, 0x00000006fe900000| Untracked 
|1002|0x00000006fea00000, 0x00000006fea00000, 0x00000006feb00000|  0%| F|  |TAMS 0x00000006fea00000, 0x00000006fea00000| Untracked 
|1003|0x00000006feb00000, 0x00000006feb00000, 0x00000006fec00000|  0%| F|  |TAMS 0x00000006feb00000, 0x00000006feb00000| Untracked 
|1004|0x00000006fec00000, 0x00000006fec00000, 0x00000006fed00000|  0%| F|  |TAMS 0x00000006fec00000, 0x00000006fec00000| Untracked 
|1005|0x00000006fed00000, 0x00000006fed00000, 0x00000006fee00000|  0%| F|  |TAMS 0x00000006fed00000, 0x00000006fed00000| Untracked 
|1006|0x00000006fee00000, 0x00000006fee00000, 0x00000006fef00000|  0%| F|  |TAMS 0x00000006fee00000, 0x00000006fee00000| Untracked 
|1007|0x00000006fef00000, 0x00000006fef00000, 0x00000006ff000000|  0%| F|  |TAMS 0x00000006fef00000, 0x00000006fef00000| Untracked 
|1008|0x00000006ff000000, 0x00000006ff000000, 0x00000006ff100000|  0%| F|  |TAMS 0x00000006ff000000, 0x00000006ff000000| Untracked 
|1009|0x00000006ff100000, 0x00000006ff100000, 0x00000006ff200000|  0%| F|  |TAMS 0x00000006ff100000, 0x00000006ff100000| Untracked 
|1010|0x00000006ff200000, 0x00000006ff200000, 0x00000006ff300000|  0%| F|  |TAMS 0x00000006ff200000, 0x00000006ff200000| Untracked 
|1011|0x00000006ff300000, 0x00000006ff300000, 0x00000006ff400000|  0%| F|  |TAMS 0x00000006ff300000, 0x00000006ff300000| Untracked 
|1012|0x00000006ff400000, 0x00000006ff400000, 0x00000006ff500000|  0%| F|  |TAMS 0x00000006ff400000, 0x00000006ff400000| Untracked 
|1013|0x00000006ff500000, 0x00000006ff500000, 0x00000006ff600000|  0%| F|  |TAMS 0x00000006ff500000, 0x00000006ff500000| Untracked 
|1014|0x00000006ff600000, 0x00000006ff600000, 0x00000006ff700000|  0%| F|  |TAMS 0x00000006ff600000, 0x00000006ff600000| Untracked 
|1015|0x00000006ff700000, 0x00000006ff700000, 0x00000006ff800000|  0%| F|  |TAMS 0x00000006ff700000, 0x00000006ff700000| Untracked 
|1016|0x00000006ff800000, 0x00000006ff800000, 0x00000006ff900000|  0%| F|  |TAMS 0x00000006ff800000, 0x00000006ff800000| Untracked 
|1017|0x00000006ff900000, 0x00000006ff900000, 0x00000006ffa00000|  0%| F|  |TAMS 0x00000006ff900000, 0x00000006ff900000| Untracked 
|1018|0x00000006ffa00000, 0x00000006ffa00000, 0x00000006ffb00000|  0%| F|  |TAMS 0x00000006ffa00000, 0x00000006ffa00000| Untracked 
|1019|0x00000006ffb00000, 0x00000006ffb00000, 0x00000006ffc00000|  0%| F|  |TAMS 0x00000006ffb00000, 0x00000006ffb00000| Untracked 
|1020|0x00000006ffc00000, 0x00000006ffc00000, 0x00000006ffd00000|  0%| F|  |TAMS 0x00000006ffc00000, 0x00000006ffc00000| Untracked 
|1021|0x00000006ffd00000, 0x00000006ffd00000, 0x00000006ffe00000|  0%| F|  |TAMS 0x00000006ffd00000, 0x00000006ffd00000| Untracked 
|1022|0x00000006ffe00000, 0x00000006ffe00000, 0x00000006fff00000|  0%| F|  |TAMS 0x00000006ffe00000, 0x00000006ffe00000| Untracked 
|1023|0x00000006fff00000, 0x00000006fff00000, 0x0000000700000000|  0%| F|  |TAMS 0x00000006fff00000, 0x00000006fff00000| Untracked 
|1024|0x0000000700000000, 0x0000000700000000, 0x0000000700100000|  0%| F|  |TAMS 0x0000000700000000, 0x0000000700000000| Untracked 
|1025|0x0000000700100000, 0x0000000700100000, 0x0000000700200000|  0%| F|  |TAMS 0x0000000700100000, 0x0000000700100000| Untracked 
|1026|0x0000000700200000, 0x0000000700200000, 0x0000000700300000|  0%| F|  |TAMS 0x0000000700200000, 0x0000000700200000| Untracked 
|1027|0x0000000700300000, 0x0000000700300000, 0x0000000700400000|  0%| F|  |TAMS 0x0000000700300000, 0x0000000700300000| Untracked 
|1028|0x0000000700400000, 0x0000000700400000, 0x0000000700500000|  0%| F|  |TAMS 0x0000000700400000, 0x0000000700400000| Untracked 
|1029|0x0000000700500000, 0x0000000700500000, 0x0000000700600000|  0%| F|  |TAMS 0x0000000700500000, 0x0000000700500000| Untracked 
|1030|0x0000000700600000, 0x0000000700600000, 0x0000000700700000|  0%| F|  |TAMS 0x0000000700600000, 0x0000000700600000| Untracked 
|1031|0x0000000700700000, 0x0000000700700000, 0x0000000700800000|  0%| F|  |TAMS 0x0000000700700000, 0x0000000700700000| Untracked 
|1032|0x0000000700800000, 0x0000000700800000, 0x0000000700900000|  0%| F|  |TAMS 0x0000000700800000, 0x0000000700800000| Untracked 
|1033|0x0000000700900000, 0x0000000700900000, 0x0000000700a00000|  0%| F|  |TAMS 0x0000000700900000, 0x0000000700900000| Untracked 
|1034|0x0000000700a00000, 0x0000000700a00000, 0x0000000700b00000|  0%| F|  |TAMS 0x0000000700a00000, 0x0000000700a00000| Untracked 
|1035|0x0000000700b00000, 0x0000000700b00000, 0x0000000700c00000|  0%| F|  |TAMS 0x0000000700b00000, 0x0000000700b00000| Untracked 
|1036|0x0000000700c00000, 0x0000000700c00000, 0x0000000700d00000|  0%| F|  |TAMS 0x0000000700c00000, 0x0000000700c00000| Untracked 
|1037|0x0000000700d00000, 0x0000000700d00000, 0x0000000700e00000|  0%| F|  |TAMS 0x0000000700d00000, 0x0000000700d00000| Untracked 
|1038|0x0000000700e00000, 0x0000000700e00000, 0x0000000700f00000|  0%| F|  |TAMS 0x0000000700e00000, 0x0000000700e00000| Untracked 
|1039|0x0000000700f00000, 0x0000000700f00000, 0x0000000701000000|  0%| F|  |TAMS 0x0000000700f00000, 0x0000000700f00000| Untracked 
|1040|0x0000000701000000, 0x0000000701000000, 0x0000000701100000|  0%| F|  |TAMS 0x0000000701000000, 0x0000000701000000| Untracked 
|1041|0x0000000701100000, 0x0000000701100000, 0x0000000701200000|  0%| F|  |TAMS 0x0000000701100000, 0x0000000701100000| Untracked 
|1042|0x0000000701200000, 0x0000000701200000, 0x0000000701300000|  0%| F|  |TAMS 0x0000000701200000, 0x0000000701200000| Untracked 
|1043|0x0000000701300000, 0x0000000701300000, 0x0000000701400000|  0%| F|  |TAMS 0x0000000701300000, 0x0000000701300000| Untracked 
|1044|0x0000000701400000, 0x0000000701400000, 0x0000000701500000|  0%| F|  |TAMS 0x0000000701400000, 0x0000000701400000| Untracked 
|1045|0x0000000701500000, 0x0000000701500000, 0x0000000701600000|  0%| F|  |TAMS 0x0000000701500000, 0x0000000701500000| Untracked 
|1046|0x0000000701600000, 0x0000000701600000, 0x0000000701700000|  0%| F|  |TAMS 0x0000000701600000, 0x0000000701600000| Untracked 
|1047|0x0000000701700000, 0x0000000701700000, 0x0000000701800000|  0%| F|  |TAMS 0x0000000701700000, 0x0000000701700000| Untracked 
|1048|0x0000000701800000, 0x0000000701800000, 0x0000000701900000|  0%| F|  |TAMS 0x0000000701800000, 0x0000000701800000| Untracked 
|1049|0x0000000701900000, 0x0000000701900000, 0x0000000701a00000|  0%| F|  |TAMS 0x0000000701900000, 0x0000000701900000| Untracked 
|1050|0x0000000701a00000, 0x0000000701a00000, 0x0000000701b00000|  0%| F|  |TAMS 0x0000000701a00000, 0x0000000701a00000| Untracked 
|1051|0x0000000701b00000, 0x0000000701b00000, 0x0000000701c00000|  0%| F|  |TAMS 0x0000000701b00000, 0x0000000701b00000| Untracked 
|1052|0x0000000701c00000, 0x0000000701c00000, 0x0000000701d00000|  0%| F|  |TAMS 0x0000000701c00000, 0x0000000701c00000| Untracked 
|1053|0x0000000701d00000, 0x0000000701d00000, 0x0000000701e00000|  0%| F|  |TAMS 0x0000000701d00000, 0x0000000701d00000| Untracked 
|1054|0x0000000701e00000, 0x0000000701e00000, 0x0000000701f00000|  0%| F|  |TAMS 0x0000000701e00000, 0x0000000701e00000| Untracked 
|1055|0x0000000701f00000, 0x0000000701f00000, 0x0000000702000000|  0%| F|  |TAMS 0x0000000701f00000, 0x0000000701f00000| Untracked 
|1056|0x0000000702000000, 0x0000000702000000, 0x0000000702100000|  0%| F|  |TAMS 0x0000000702000000, 0x0000000702000000| Untracked 
|1057|0x0000000702100000, 0x0000000702100000, 0x0000000702200000|  0%| F|  |TAMS 0x0000000702100000, 0x0000000702100000| Untracked 
|1058|0x0000000702200000, 0x0000000702200000, 0x0000000702300000|  0%| F|  |TAMS 0x0000000702200000, 0x0000000702200000| Untracked 
|1059|0x0000000702300000, 0x0000000702300000, 0x0000000702400000|  0%| F|  |TAMS 0x0000000702300000, 0x0000000702300000| Untracked 
|1060|0x0000000702400000, 0x0000000702400000, 0x0000000702500000|  0%| F|  |TAMS 0x0000000702400000, 0x0000000702400000| Untracked 
|1061|0x0000000702500000, 0x0000000702500000, 0x0000000702600000|  0%| F|  |TAMS 0x0000000702500000, 0x0000000702500000| Untracked 
|1062|0x0000000702600000, 0x0000000702600000, 0x0000000702700000|  0%| F|  |TAMS 0x0000000702600000, 0x0000000702600000| Untracked 
|1063|0x0000000702700000, 0x0000000702700000, 0x0000000702800000|  0%| F|  |TAMS 0x0000000702700000, 0x0000000702700000| Untracked 
|1064|0x0000000702800000, 0x0000000702800000, 0x0000000702900000|  0%| F|  |TAMS 0x0000000702800000, 0x0000000702800000| Untracked 
|1065|0x0000000702900000, 0x0000000702900000, 0x0000000702a00000|  0%| F|  |TAMS 0x0000000702900000, 0x0000000702900000| Untracked 
|1066|0x0000000702a00000, 0x0000000702a00000, 0x0000000702b00000|  0%| F|  |TAMS 0x0000000702a00000, 0x0000000702a00000| Untracked 
|1067|0x0000000702b00000, 0x0000000702b00000, 0x0000000702c00000|  0%| F|  |TAMS 0x0000000702b00000, 0x0000000702b00000| Untracked 
|1068|0x0000000702c00000, 0x0000000702c00000, 0x0000000702d00000|  0%| F|  |TAMS 0x0000000702c00000, 0x0000000702c00000| Untracked 
|1069|0x0000000702d00000, 0x0000000702d00000, 0x0000000702e00000|  0%| F|  |TAMS 0x0000000702d00000, 0x0000000702d00000| Untracked 
|1070|0x0000000702e00000, 0x0000000702e00000, 0x0000000702f00000|  0%| F|  |TAMS 0x0000000702e00000, 0x0000000702e00000| Untracked 
|1071|0x0000000702f00000, 0x0000000702f00000, 0x0000000703000000|  0%| F|  |TAMS 0x0000000702f00000, 0x0000000702f00000| Untracked 
|1072|0x0000000703000000, 0x0000000703000000, 0x0000000703100000|  0%| F|  |TAMS 0x0000000703000000, 0x0000000703000000| Untracked 
|1073|0x0000000703100000, 0x0000000703100000, 0x0000000703200000|  0%| F|  |TAMS 0x0000000703100000, 0x0000000703100000| Untracked 
|1074|0x0000000703200000, 0x0000000703200000, 0x0000000703300000|  0%| F|  |TAMS 0x0000000703200000, 0x0000000703200000| Untracked 
|1075|0x0000000703300000, 0x0000000703300000, 0x0000000703400000|  0%| F|  |TAMS 0x0000000703300000, 0x0000000703300000| Untracked 
|1076|0x0000000703400000, 0x0000000703400000, 0x0000000703500000|  0%| F|  |TAMS 0x0000000703400000, 0x0000000703400000| Untracked 
|1077|0x0000000703500000, 0x0000000703500000, 0x0000000703600000|  0%| F|  |TAMS 0x0000000703500000, 0x0000000703500000| Untracked 
|1078|0x0000000703600000, 0x0000000703600000, 0x0000000703700000|  0%| F|  |TAMS 0x0000000703600000, 0x0000000703600000| Untracked 
|1079|0x0000000703700000, 0x0000000703700000, 0x0000000703800000|  0%| F|  |TAMS 0x0000000703700000, 0x0000000703700000| Untracked 
|1080|0x0000000703800000, 0x0000000703800000, 0x0000000703900000|  0%| F|  |TAMS 0x0000000703800000, 0x0000000703800000| Untracked 
|1081|0x0000000703900000, 0x0000000703900000, 0x0000000703a00000|  0%| F|  |TAMS 0x0000000703900000, 0x0000000703900000| Untracked 
|1082|0x0000000703a00000, 0x0000000703a00000, 0x0000000703b00000|  0%| F|  |TAMS 0x0000000703a00000, 0x0000000703a00000| Untracked 
|1083|0x0000000703b00000, 0x0000000703b00000, 0x0000000703c00000|  0%| F|  |TAMS 0x0000000703b00000, 0x0000000703b00000| Untracked 
|1084|0x0000000703c00000, 0x0000000703c00000, 0x0000000703d00000|  0%| F|  |TAMS 0x0000000703c00000, 0x0000000703c00000| Untracked 
|1085|0x0000000703d00000, 0x0000000703d00000, 0x0000000703e00000|  0%| F|  |TAMS 0x0000000703d00000, 0x0000000703d00000| Untracked 
|1086|0x0000000703e00000, 0x0000000703e00000, 0x0000000703f00000|  0%| F|  |TAMS 0x0000000703e00000, 0x0000000703e00000| Untracked 
|1087|0x0000000703f00000, 0x0000000703f00000, 0x0000000704000000|  0%| F|  |TAMS 0x0000000703f00000, 0x0000000703f00000| Untracked 
|1088|0x0000000704000000, 0x0000000704000000, 0x0000000704100000|  0%| F|  |TAMS 0x0000000704000000, 0x0000000704000000| Untracked 
|1089|0x0000000704100000, 0x0000000704100000, 0x0000000704200000|  0%| F|  |TAMS 0x0000000704100000, 0x0000000704100000| Untracked 
|1090|0x0000000704200000, 0x0000000704200000, 0x0000000704300000|  0%| F|  |TAMS 0x0000000704200000, 0x0000000704200000| Untracked 
|1091|0x0000000704300000, 0x0000000704300000, 0x0000000704400000|  0%| F|  |TAMS 0x0000000704300000, 0x0000000704300000| Untracked 
|1092|0x0000000704400000, 0x0000000704400000, 0x0000000704500000|  0%| F|  |TAMS 0x0000000704400000, 0x0000000704400000| Untracked 
|1093|0x0000000704500000, 0x0000000704500000, 0x0000000704600000|  0%| F|  |TAMS 0x0000000704500000, 0x0000000704500000| Untracked 
|1094|0x0000000704600000, 0x0000000704600000, 0x0000000704700000|  0%| F|  |TAMS 0x0000000704600000, 0x0000000704600000| Untracked 
|1095|0x0000000704700000, 0x0000000704700000, 0x0000000704800000|  0%| F|  |TAMS 0x0000000704700000, 0x0000000704700000| Untracked 
|1096|0x0000000704800000, 0x0000000704800000, 0x0000000704900000|  0%| F|  |TAMS 0x0000000704800000, 0x0000000704800000| Untracked 
|1097|0x0000000704900000, 0x0000000704900000, 0x0000000704a00000|  0%| F|  |TAMS 0x0000000704900000, 0x0000000704900000| Untracked 
|1098|0x0000000704a00000, 0x0000000704a00000, 0x0000000704b00000|  0%| F|  |TAMS 0x0000000704a00000, 0x0000000704a00000| Untracked 
|1099|0x0000000704b00000, 0x0000000704b00000, 0x0000000704c00000|  0%| F|  |TAMS 0x0000000704b00000, 0x0000000704b00000| Untracked 
|1100|0x0000000704c00000, 0x0000000704c00000, 0x0000000704d00000|  0%| F|  |TAMS 0x0000000704c00000, 0x0000000704c00000| Untracked 
|1101|0x0000000704d00000, 0x0000000704d00000, 0x0000000704e00000|  0%| F|  |TAMS 0x0000000704d00000, 0x0000000704d00000| Untracked 
|1102|0x0000000704e00000, 0x0000000704e00000, 0x0000000704f00000|  0%| F|  |TAMS 0x0000000704e00000, 0x0000000704e00000| Untracked 
|1103|0x0000000704f00000, 0x0000000704f00000, 0x0000000705000000|  0%| F|  |TAMS 0x0000000704f00000, 0x0000000704f00000| Untracked 
|1104|0x0000000705000000, 0x0000000705000000, 0x0000000705100000|  0%| F|  |TAMS 0x0000000705000000, 0x0000000705000000| Untracked 
|1105|0x0000000705100000, 0x0000000705100000, 0x0000000705200000|  0%| F|  |TAMS 0x0000000705100000, 0x0000000705100000| Untracked 
|1106|0x0000000705200000, 0x0000000705200000, 0x0000000705300000|  0%| F|  |TAMS 0x0000000705200000, 0x0000000705200000| Untracked 
|1107|0x0000000705300000, 0x0000000705300000, 0x0000000705400000|  0%| F|  |TAMS 0x0000000705300000, 0x0000000705300000| Untracked 
|1108|0x0000000705400000, 0x0000000705400000, 0x0000000705500000|  0%| F|  |TAMS 0x0000000705400000, 0x0000000705400000| Untracked 
|1109|0x0000000705500000, 0x0000000705500000, 0x0000000705600000|  0%| F|  |TAMS 0x0000000705500000, 0x0000000705500000| Untracked 
|1110|0x0000000705600000, 0x0000000705600000, 0x0000000705700000|  0%| F|  |TAMS 0x0000000705600000, 0x0000000705600000| Untracked 
|1111|0x0000000705700000, 0x0000000705700000, 0x0000000705800000|  0%| F|  |TAMS 0x0000000705700000, 0x0000000705700000| Untracked 
|1112|0x0000000705800000, 0x0000000705800000, 0x0000000705900000|  0%| F|  |TAMS 0x0000000705800000, 0x0000000705800000| Untracked 
|1113|0x0000000705900000, 0x0000000705900000, 0x0000000705a00000|  0%| F|  |TAMS 0x0000000705900000, 0x0000000705900000| Untracked 
|1114|0x0000000705a00000, 0x0000000705a00000, 0x0000000705b00000|  0%| F|  |TAMS 0x0000000705a00000, 0x0000000705a00000| Untracked 
|1115|0x0000000705b00000, 0x0000000705b00000, 0x0000000705c00000|  0%| F|  |TAMS 0x0000000705b00000, 0x0000000705b00000| Untracked 
|1116|0x0000000705c00000, 0x0000000705c00000, 0x0000000705d00000|  0%| F|  |TAMS 0x0000000705c00000, 0x0000000705c00000| Untracked 
|1117|0x0000000705d00000, 0x0000000705d00000, 0x0000000705e00000|  0%| F|  |TAMS 0x0000000705d00000, 0x0000000705d00000| Untracked 
|1118|0x0000000705e00000, 0x0000000705e00000, 0x0000000705f00000|  0%| F|  |TAMS 0x0000000705e00000, 0x0000000705e00000| Untracked 
|1119|0x0000000705f00000, 0x0000000705f00000, 0x0000000706000000|  0%| F|  |TAMS 0x0000000705f00000, 0x0000000705f00000| Untracked 
|1120|0x0000000706000000, 0x0000000706000000, 0x0000000706100000|  0%| F|  |TAMS 0x0000000706000000, 0x0000000706000000| Untracked 
|1121|0x0000000706100000, 0x0000000706100000, 0x0000000706200000|  0%| F|  |TAMS 0x0000000706100000, 0x0000000706100000| Untracked 
|1122|0x0000000706200000, 0x0000000706200000, 0x0000000706300000|  0%| F|  |TAMS 0x0000000706200000, 0x0000000706200000| Untracked 
|1123|0x0000000706300000, 0x0000000706300000, 0x0000000706400000|  0%| F|  |TAMS 0x0000000706300000, 0x0000000706300000| Untracked 
|1124|0x0000000706400000, 0x0000000706400000, 0x0000000706500000|  0%| F|  |TAMS 0x0000000706400000, 0x0000000706400000| Untracked 
|1125|0x0000000706500000, 0x0000000706500000, 0x0000000706600000|  0%| F|  |TAMS 0x0000000706500000, 0x0000000706500000| Untracked 
|1126|0x0000000706600000, 0x0000000706600000, 0x0000000706700000|  0%| F|  |TAMS 0x0000000706600000, 0x0000000706600000| Untracked 
|1127|0x0000000706700000, 0x0000000706700000, 0x0000000706800000|  0%| F|  |TAMS 0x0000000706700000, 0x0000000706700000| Untracked 
|1128|0x0000000706800000, 0x0000000706800000, 0x0000000706900000|  0%| F|  |TAMS 0x0000000706800000, 0x0000000706800000| Untracked 
|1129|0x0000000706900000, 0x0000000706900000, 0x0000000706a00000|  0%| F|  |TAMS 0x0000000706900000, 0x0000000706900000| Untracked 
|1130|0x0000000706a00000, 0x0000000706a00000, 0x0000000706b00000|  0%| F|  |TAMS 0x0000000706a00000, 0x0000000706a00000| Untracked 
|1131|0x0000000706b00000, 0x0000000706b00000, 0x0000000706c00000|  0%| F|  |TAMS 0x0000000706b00000, 0x0000000706b00000| Untracked 
|1132|0x0000000706c00000, 0x0000000706c00000, 0x0000000706d00000|  0%| F|  |TAMS 0x0000000706c00000, 0x0000000706c00000| Untracked 
|1133|0x0000000706d00000, 0x0000000706d00000, 0x0000000706e00000|  0%| F|  |TAMS 0x0000000706d00000, 0x0000000706d00000| Untracked 
|1134|0x0000000706e00000, 0x0000000706e00000, 0x0000000706f00000|  0%| F|  |TAMS 0x0000000706e00000, 0x0000000706e00000| Untracked 
|1135|0x0000000706f00000, 0x0000000706f00000, 0x0000000707000000|  0%| F|  |TAMS 0x0000000706f00000, 0x0000000706f00000| Untracked 
|1136|0x0000000707000000, 0x0000000707000000, 0x0000000707100000|  0%| F|  |TAMS 0x0000000707000000, 0x0000000707000000| Untracked 
|1137|0x0000000707100000, 0x0000000707100000, 0x0000000707200000|  0%| F|  |TAMS 0x0000000707100000, 0x0000000707100000| Untracked 
|1138|0x0000000707200000, 0x0000000707200000, 0x0000000707300000|  0%| F|  |TAMS 0x0000000707200000, 0x0000000707200000| Untracked 
|1139|0x0000000707300000, 0x0000000707300000, 0x0000000707400000|  0%| F|  |TAMS 0x0000000707300000, 0x0000000707300000| Untracked 
|1140|0x0000000707400000, 0x0000000707400000, 0x0000000707500000|  0%| F|  |TAMS 0x0000000707400000, 0x0000000707400000| Untracked 
|1141|0x0000000707500000, 0x0000000707500000, 0x0000000707600000|  0%| F|  |TAMS 0x0000000707500000, 0x0000000707500000| Untracked 
|1142|0x0000000707600000, 0x0000000707600000, 0x0000000707700000|  0%| F|  |TAMS 0x0000000707600000, 0x0000000707600000| Untracked 
|1143|0x0000000707700000, 0x0000000707700000, 0x0000000707800000|  0%| F|  |TAMS 0x0000000707700000, 0x0000000707700000| Untracked 
|1144|0x0000000707800000, 0x0000000707800000, 0x0000000707900000|  0%| F|  |TAMS 0x0000000707800000, 0x0000000707800000| Untracked 
|1145|0x0000000707900000, 0x0000000707900000, 0x0000000707a00000|  0%| F|  |TAMS 0x0000000707900000, 0x0000000707900000| Untracked 
|1146|0x0000000707a00000, 0x0000000707a00000, 0x0000000707b00000|  0%| F|  |TAMS 0x0000000707a00000, 0x0000000707a00000| Untracked 
|1147|0x0000000707b00000, 0x0000000707b00000, 0x0000000707c00000|  0%| F|  |TAMS 0x0000000707b00000, 0x0000000707b00000| Untracked 
|1148|0x0000000707c00000, 0x0000000707c00000, 0x0000000707d00000|  0%| F|  |TAMS 0x0000000707c00000, 0x0000000707c00000| Untracked 
|1149|0x0000000707d00000, 0x0000000707d00000, 0x0000000707e00000|  0%| F|  |TAMS 0x0000000707d00000, 0x0000000707d00000| Untracked 
|1150|0x0000000707e00000, 0x0000000707e00000, 0x0000000707f00000|  0%| F|  |TAMS 0x0000000707e00000, 0x0000000707e00000| Untracked 
|1151|0x0000000707f00000, 0x0000000707f00000, 0x0000000708000000|  0%| F|  |TAMS 0x0000000707f00000, 0x0000000707f00000| Untracked 
|1152|0x0000000708000000, 0x0000000708000000, 0x0000000708100000|  0%| F|  |TAMS 0x0000000708000000, 0x0000000708000000| Untracked 
|1153|0x0000000708100000, 0x0000000708100000, 0x0000000708200000|  0%| F|  |TAMS 0x0000000708100000, 0x0000000708100000| Untracked 
|1154|0x0000000708200000, 0x0000000708200000, 0x0000000708300000|  0%| F|  |TAMS 0x0000000708200000, 0x0000000708200000| Untracked 
|1155|0x0000000708300000, 0x0000000708300000, 0x0000000708400000|  0%| F|  |TAMS 0x0000000708300000, 0x0000000708300000| Untracked 
|1156|0x0000000708400000, 0x0000000708400000, 0x0000000708500000|  0%| F|  |TAMS 0x0000000708400000, 0x0000000708400000| Untracked 
|1157|0x0000000708500000, 0x0000000708500000, 0x0000000708600000|  0%| F|  |TAMS 0x0000000708500000, 0x0000000708500000| Untracked 
|1158|0x0000000708600000, 0x0000000708600000, 0x0000000708700000|  0%| F|  |TAMS 0x0000000708600000, 0x0000000708600000| Untracked 
|1159|0x0000000708700000, 0x0000000708700000, 0x0000000708800000|  0%| F|  |TAMS 0x0000000708700000, 0x0000000708700000| Untracked 
|1160|0x0000000708800000, 0x0000000708800000, 0x0000000708900000|  0%| F|  |TAMS 0x0000000708800000, 0x0000000708800000| Untracked 
|1161|0x0000000708900000, 0x0000000708900000, 0x0000000708a00000|  0%| F|  |TAMS 0x0000000708900000, 0x0000000708900000| Untracked 
|1162|0x0000000708a00000, 0x0000000708a00000, 0x0000000708b00000|  0%| F|  |TAMS 0x0000000708a00000, 0x0000000708a00000| Untracked 
|1163|0x0000000708b00000, 0x0000000708b00000, 0x0000000708c00000|  0%| F|  |TAMS 0x0000000708b00000, 0x0000000708b00000| Untracked 
|1164|0x0000000708c00000, 0x0000000708c00000, 0x0000000708d00000|  0%| F|  |TAMS 0x0000000708c00000, 0x0000000708c00000| Untracked 
|1165|0x0000000708d00000, 0x0000000708d00000, 0x0000000708e00000|  0%| F|  |TAMS 0x0000000708d00000, 0x0000000708d00000| Untracked 
|1166|0x0000000708e00000, 0x0000000708e00000, 0x0000000708f00000|  0%| F|  |TAMS 0x0000000708e00000, 0x0000000708e00000| Untracked 
|1167|0x0000000708f00000, 0x0000000708f00000, 0x0000000709000000|  0%| F|  |TAMS 0x0000000708f00000, 0x0000000708f00000| Untracked 
|1168|0x0000000709000000, 0x0000000709000000, 0x0000000709100000|  0%| F|  |TAMS 0x0000000709000000, 0x0000000709000000| Untracked 
|1169|0x0000000709100000, 0x0000000709100000, 0x0000000709200000|  0%| F|  |TAMS 0x0000000709100000, 0x0000000709100000| Untracked 
|1170|0x0000000709200000, 0x0000000709200000, 0x0000000709300000|  0%| F|  |TAMS 0x0000000709200000, 0x0000000709200000| Untracked 
|1171|0x0000000709300000, 0x0000000709300000, 0x0000000709400000|  0%| F|  |TAMS 0x0000000709300000, 0x0000000709300000| Untracked 
|1172|0x0000000709400000, 0x0000000709400000, 0x0000000709500000|  0%| F|  |TAMS 0x0000000709400000, 0x0000000709400000| Untracked 
|1173|0x0000000709500000, 0x0000000709500000, 0x0000000709600000|  0%| F|  |TAMS 0x0000000709500000, 0x0000000709500000| Untracked 
|1174|0x0000000709600000, 0x0000000709600000, 0x0000000709700000|  0%| F|  |TAMS 0x0000000709600000, 0x0000000709600000| Untracked 
|1175|0x0000000709700000, 0x0000000709700000, 0x0000000709800000|  0%| F|  |TAMS 0x0000000709700000, 0x0000000709700000| Untracked 
|1176|0x0000000709800000, 0x0000000709800000, 0x0000000709900000|  0%| F|  |TAMS 0x0000000709800000, 0x0000000709800000| Untracked 
|1177|0x0000000709900000, 0x0000000709900000, 0x0000000709a00000|  0%| F|  |TAMS 0x0000000709900000, 0x0000000709900000| Untracked 
|1178|0x0000000709a00000, 0x0000000709a00000, 0x0000000709b00000|  0%| F|  |TAMS 0x0000000709a00000, 0x0000000709a00000| Untracked 
|1179|0x0000000709b00000, 0x0000000709b00000, 0x0000000709c00000|  0%| F|  |TAMS 0x0000000709b00000, 0x0000000709b00000| Untracked 
|1180|0x0000000709c00000, 0x0000000709c00000, 0x0000000709d00000|  0%| F|  |TAMS 0x0000000709c00000, 0x0000000709c00000| Untracked 
|1181|0x0000000709d00000, 0x0000000709d00000, 0x0000000709e00000|  0%| F|  |TAMS 0x0000000709d00000, 0x0000000709d00000| Untracked 
|1182|0x0000000709e00000, 0x0000000709e00000, 0x0000000709f00000|  0%| F|  |TAMS 0x0000000709e00000, 0x0000000709e00000| Untracked 
|1183|0x0000000709f00000, 0x0000000709f00000, 0x000000070a000000|  0%| F|  |TAMS 0x0000000709f00000, 0x0000000709f00000| Untracked 
|1184|0x000000070a000000, 0x000000070a000000, 0x000000070a100000|  0%| F|  |TAMS 0x000000070a000000, 0x000000070a000000| Untracked 
|1185|0x000000070a100000, 0x000000070a100000, 0x000000070a200000|  0%| F|  |TAMS 0x000000070a100000, 0x000000070a100000| Untracked 
|1186|0x000000070a200000, 0x000000070a200000, 0x000000070a300000|  0%| F|  |TAMS 0x000000070a200000, 0x000000070a200000| Untracked 
|1187|0x000000070a300000, 0x000000070a300000, 0x000000070a400000|  0%| F|  |TAMS 0x000000070a300000, 0x000000070a300000| Untracked 
|1188|0x000000070a400000, 0x000000070a400000, 0x000000070a500000|  0%| F|  |TAMS 0x000000070a400000, 0x000000070a400000| Untracked 
|1189|0x000000070a500000, 0x000000070a500000, 0x000000070a600000|  0%| F|  |TAMS 0x000000070a500000, 0x000000070a500000| Untracked 
|1190|0x000000070a600000, 0x000000070a600000, 0x000000070a700000|  0%| F|  |TAMS 0x000000070a600000, 0x000000070a600000| Untracked 
|1191|0x000000070a700000, 0x000000070a700000, 0x000000070a800000|  0%| F|  |TAMS 0x000000070a700000, 0x000000070a700000| Untracked 
|1192|0x000000070a800000, 0x000000070a800000, 0x000000070a900000|  0%| F|  |TAMS 0x000000070a800000, 0x000000070a800000| Untracked 
|1193|0x000000070a900000, 0x000000070a900000, 0x000000070aa00000|  0%| F|  |TAMS 0x000000070a900000, 0x000000070a900000| Untracked 
|1194|0x000000070aa00000, 0x000000070aa00000, 0x000000070ab00000|  0%| F|  |TAMS 0x000000070aa00000, 0x000000070aa00000| Untracked 
|1195|0x000000070ab00000, 0x000000070ab00000, 0x000000070ac00000|  0%| F|  |TAMS 0x000000070ab00000, 0x000000070ab00000| Untracked 
|1196|0x000000070ac00000, 0x000000070ac00000, 0x000000070ad00000|  0%| F|  |TAMS 0x000000070ac00000, 0x000000070ac00000| Untracked 
|1197|0x000000070ad00000, 0x000000070ad00000, 0x000000070ae00000|  0%| F|  |TAMS 0x000000070ad00000, 0x000000070ad00000| Untracked 
|1198|0x000000070ae00000, 0x000000070ae00000, 0x000000070af00000|  0%| F|  |TAMS 0x000000070ae00000, 0x000000070ae00000| Untracked 
|1199|0x000000070af00000, 0x000000070af00000, 0x000000070b000000|  0%| F|  |TAMS 0x000000070af00000, 0x000000070af00000| Untracked 
|1200|0x000000070b000000, 0x000000070b000000, 0x000000070b100000|  0%| F|  |TAMS 0x000000070b000000, 0x000000070b000000| Untracked 
|1201|0x000000070b100000, 0x000000070b100000, 0x000000070b200000|  0%| F|  |TAMS 0x000000070b100000, 0x000000070b100000| Untracked 
|1202|0x000000070b200000, 0x000000070b200000, 0x000000070b300000|  0%| F|  |TAMS 0x000000070b200000, 0x000000070b200000| Untracked 
|1203|0x000000070b300000, 0x000000070b300000, 0x000000070b400000|  0%| F|  |TAMS 0x000000070b300000, 0x000000070b300000| Untracked 
|1204|0x000000070b400000, 0x000000070b400000, 0x000000070b500000|  0%| F|  |TAMS 0x000000070b400000, 0x000000070b400000| Untracked 
|1205|0x000000070b500000, 0x000000070b500000, 0x000000070b600000|  0%| F|  |TAMS 0x000000070b500000, 0x000000070b500000| Untracked 
|1206|0x000000070b600000, 0x000000070b600000, 0x000000070b700000|  0%| F|  |TAMS 0x000000070b600000, 0x000000070b600000| Untracked 
|1207|0x000000070b700000, 0x000000070b700000, 0x000000070b800000|  0%| F|  |TAMS 0x000000070b700000, 0x000000070b700000| Untracked 
|1208|0x000000070b800000, 0x000000070b800000, 0x000000070b900000|  0%| F|  |TAMS 0x000000070b800000, 0x000000070b800000| Untracked 
|1209|0x000000070b900000, 0x000000070b900000, 0x000000070ba00000|  0%| F|  |TAMS 0x000000070b900000, 0x000000070b900000| Untracked 
|1210|0x000000070ba00000, 0x000000070ba00000, 0x000000070bb00000|  0%| F|  |TAMS 0x000000070ba00000, 0x000000070ba00000| Untracked 
|1211|0x000000070bb00000, 0x000000070bb00000, 0x000000070bc00000|  0%| F|  |TAMS 0x000000070bb00000, 0x000000070bb00000| Untracked 
|1212|0x000000070bc00000, 0x000000070bc00000, 0x000000070bd00000|  0%| F|  |TAMS 0x000000070bc00000, 0x000000070bc00000| Untracked 
|1213|0x000000070bd00000, 0x000000070bd00000, 0x000000070be00000|  0%| F|  |TAMS 0x000000070bd00000, 0x000000070bd00000| Untracked 
|1214|0x000000070be00000, 0x000000070be00000, 0x000000070bf00000|  0%| F|  |TAMS 0x000000070be00000, 0x000000070be00000| Untracked 
|1215|0x000000070bf00000, 0x000000070bf00000, 0x000000070c000000|  0%| F|  |TAMS 0x000000070bf00000, 0x000000070bf00000| Untracked 
|1216|0x000000070c000000, 0x000000070c000000, 0x000000070c100000|  0%| F|  |TAMS 0x000000070c000000, 0x000000070c000000| Untracked 
|1217|0x000000070c100000, 0x000000070c100000, 0x000000070c200000|  0%| F|  |TAMS 0x000000070c100000, 0x000000070c100000| Untracked 
|1218|0x000000070c200000, 0x000000070c200000, 0x000000070c300000|  0%| F|  |TAMS 0x000000070c200000, 0x000000070c200000| Untracked 
|1219|0x000000070c300000, 0x000000070c300000, 0x000000070c400000|  0%| F|  |TAMS 0x000000070c300000, 0x000000070c300000| Untracked 
|1220|0x000000070c400000, 0x000000070c400000, 0x000000070c500000|  0%| F|  |TAMS 0x000000070c400000, 0x000000070c400000| Untracked 
|1221|0x000000070c500000, 0x000000070c500000, 0x000000070c600000|  0%| F|  |TAMS 0x000000070c500000, 0x000000070c500000| Untracked 
|1222|0x000000070c600000, 0x000000070c600000, 0x000000070c700000|  0%| F|  |TAMS 0x000000070c600000, 0x000000070c600000| Untracked 
|1223|0x000000070c700000, 0x000000070c700000, 0x000000070c800000|  0%| F|  |TAMS 0x000000070c700000, 0x000000070c700000| Untracked 
|1224|0x000000070c800000, 0x000000070c800000, 0x000000070c900000|  0%| F|  |TAMS 0x000000070c800000, 0x000000070c800000| Untracked 
|1225|0x000000070c900000, 0x000000070c900000, 0x000000070ca00000|  0%| F|  |TAMS 0x000000070c900000, 0x000000070c900000| Untracked 
|1226|0x000000070ca00000, 0x000000070ca00000, 0x000000070cb00000|  0%| F|  |TAMS 0x000000070ca00000, 0x000000070ca00000| Untracked 
|1227|0x000000070cb00000, 0x000000070cb00000, 0x000000070cc00000|  0%| F|  |TAMS 0x000000070cb00000, 0x000000070cb00000| Untracked 
|1228|0x000000070cc00000, 0x000000070cc00000, 0x000000070cd00000|  0%| F|  |TAMS 0x000000070cc00000, 0x000000070cc00000| Untracked 
|1229|0x000000070cd00000, 0x000000070cd00000, 0x000000070ce00000|  0%| F|  |TAMS 0x000000070cd00000, 0x000000070cd00000| Untracked 
|1230|0x000000070ce00000, 0x000000070ce00000, 0x000000070cf00000|  0%| F|  |TAMS 0x000000070ce00000, 0x000000070ce00000| Untracked 
|1231|0x000000070cf00000, 0x000000070cf00000, 0x000000070d000000|  0%| F|  |TAMS 0x000000070cf00000, 0x000000070cf00000| Untracked 
|1232|0x000000070d000000, 0x000000070d000000, 0x000000070d100000|  0%| F|  |TAMS 0x000000070d000000, 0x000000070d000000| Untracked 
|1233|0x000000070d100000, 0x000000070d100000, 0x000000070d200000|  0%| F|  |TAMS 0x000000070d100000, 0x000000070d100000| Untracked 
|1234|0x000000070d200000, 0x000000070d200000, 0x000000070d300000|  0%| F|  |TAMS 0x000000070d200000, 0x000000070d200000| Untracked 
|1235|0x000000070d300000, 0x000000070d300000, 0x000000070d400000|  0%| F|  |TAMS 0x000000070d300000, 0x000000070d300000| Untracked 
|1236|0x000000070d400000, 0x000000070d400000, 0x000000070d500000|  0%| F|  |TAMS 0x000000070d400000, 0x000000070d400000| Untracked 
|1237|0x000000070d500000, 0x000000070d500000, 0x000000070d600000|  0%| F|  |TAMS 0x000000070d500000, 0x000000070d500000| Untracked 
|1238|0x000000070d600000, 0x000000070d600000, 0x000000070d700000|  0%| F|  |TAMS 0x000000070d600000, 0x000000070d600000| Untracked 
|1239|0x000000070d700000, 0x000000070d700000, 0x000000070d800000|  0%| F|  |TAMS 0x000000070d700000, 0x000000070d700000| Untracked 
|1240|0x000000070d800000, 0x000000070d800000, 0x000000070d900000|  0%| F|  |TAMS 0x000000070d800000, 0x000000070d800000| Untracked 
|1241|0x000000070d900000, 0x000000070d900000, 0x000000070da00000|  0%| F|  |TAMS 0x000000070d900000, 0x000000070d900000| Untracked 
|1242|0x000000070da00000, 0x000000070da00000, 0x000000070db00000|  0%| F|  |TAMS 0x000000070da00000, 0x000000070da00000| Untracked 
|1243|0x000000070db00000, 0x000000070db00000, 0x000000070dc00000|  0%| F|  |TAMS 0x000000070db00000, 0x000000070db00000| Untracked 
|1244|0x000000070dc00000, 0x000000070dc00000, 0x000000070dd00000|  0%| F|  |TAMS 0x000000070dc00000, 0x000000070dc00000| Untracked 
|1245|0x000000070dd00000, 0x000000070dd00000, 0x000000070de00000|  0%| F|  |TAMS 0x000000070dd00000, 0x000000070dd00000| Untracked 
|1246|0x000000070de00000, 0x000000070de00000, 0x000000070df00000|  0%| F|  |TAMS 0x000000070de00000, 0x000000070de00000| Untracked 
|1247|0x000000070df00000, 0x000000070df00000, 0x000000070e000000|  0%| F|  |TAMS 0x000000070df00000, 0x000000070df00000| Untracked 
|1248|0x000000070e000000, 0x000000070e000000, 0x000000070e100000|  0%| F|  |TAMS 0x000000070e000000, 0x000000070e000000| Untracked 
|1249|0x000000070e100000, 0x000000070e100000, 0x000000070e200000|  0%| F|  |TAMS 0x000000070e100000, 0x000000070e100000| Untracked 
|1250|0x000000070e200000, 0x000000070e200000, 0x000000070e300000|  0%| F|  |TAMS 0x000000070e200000, 0x000000070e200000| Untracked 
|1251|0x000000070e300000, 0x000000070e300000, 0x000000070e400000|  0%| F|  |TAMS 0x000000070e300000, 0x000000070e300000| Untracked 
|1252|0x000000070e400000, 0x000000070e400000, 0x000000070e500000|  0%| F|  |TAMS 0x000000070e400000, 0x000000070e400000| Untracked 
|1253|0x000000070e500000, 0x000000070e500000, 0x000000070e600000|  0%| F|  |TAMS 0x000000070e500000, 0x000000070e500000| Untracked 
|1254|0x000000070e600000, 0x000000070e600000, 0x000000070e700000|  0%| F|  |TAMS 0x000000070e600000, 0x000000070e600000| Untracked 
|1255|0x000000070e700000, 0x000000070e700000, 0x000000070e800000|  0%| F|  |TAMS 0x000000070e700000, 0x000000070e700000| Untracked 
|1256|0x000000070e800000, 0x000000070e800000, 0x000000070e900000|  0%| F|  |TAMS 0x000000070e800000, 0x000000070e800000| Untracked 
|1257|0x000000070e900000, 0x000000070e900000, 0x000000070ea00000|  0%| F|  |TAMS 0x000000070e900000, 0x000000070e900000| Untracked 
|1258|0x000000070ea00000, 0x000000070ea00000, 0x000000070eb00000|  0%| F|  |TAMS 0x000000070ea00000, 0x000000070ea00000| Untracked 
|1259|0x000000070eb00000, 0x000000070eb00000, 0x000000070ec00000|  0%| F|  |TAMS 0x000000070eb00000, 0x000000070eb00000| Untracked 
|1260|0x000000070ec00000, 0x000000070ec00000, 0x000000070ed00000|  0%| F|  |TAMS 0x000000070ec00000, 0x000000070ec00000| Untracked 
|1261|0x000000070ed00000, 0x000000070ed00000, 0x000000070ee00000|  0%| F|  |TAMS 0x000000070ed00000, 0x000000070ed00000| Untracked 
|1262|0x000000070ee00000, 0x000000070ee00000, 0x000000070ef00000|  0%| F|  |TAMS 0x000000070ee00000, 0x000000070ee00000| Untracked 
|1263|0x000000070ef00000, 0x000000070ef00000, 0x000000070f000000|  0%| F|  |TAMS 0x000000070ef00000, 0x000000070ef00000| Untracked 
|1264|0x000000070f000000, 0x000000070f000000, 0x000000070f100000|  0%| F|  |TAMS 0x000000070f000000, 0x000000070f000000| Untracked 
|1265|0x000000070f100000, 0x000000070f100000, 0x000000070f200000|  0%| F|  |TAMS 0x000000070f100000, 0x000000070f100000| Untracked 
|1266|0x000000070f200000, 0x000000070f200000, 0x000000070f300000|  0%| F|  |TAMS 0x000000070f200000, 0x000000070f200000| Untracked 
|1267|0x000000070f300000, 0x000000070f300000, 0x000000070f400000|  0%| F|  |TAMS 0x000000070f300000, 0x000000070f300000| Untracked 
|1268|0x000000070f400000, 0x000000070f400000, 0x000000070f500000|  0%| F|  |TAMS 0x000000070f400000, 0x000000070f400000| Untracked 
|1269|0x000000070f500000, 0x000000070f500000, 0x000000070f600000|  0%| F|  |TAMS 0x000000070f500000, 0x000000070f500000| Untracked 
|1270|0x000000070f600000, 0x000000070f600000, 0x000000070f700000|  0%| F|  |TAMS 0x000000070f600000, 0x000000070f600000| Untracked 
|1271|0x000000070f700000, 0x000000070f700000, 0x000000070f800000|  0%| F|  |TAMS 0x000000070f700000, 0x000000070f700000| Untracked 
|1272|0x000000070f800000, 0x000000070f800000, 0x000000070f900000|  0%| F|  |TAMS 0x000000070f800000, 0x000000070f800000| Untracked 
|1273|0x000000070f900000, 0x000000070f900000, 0x000000070fa00000|  0%| F|  |TAMS 0x000000070f900000, 0x000000070f900000| Untracked 
|1274|0x000000070fa00000, 0x000000070fa00000, 0x000000070fb00000|  0%| F|  |TAMS 0x000000070fa00000, 0x000000070fa00000| Untracked 
|1275|0x000000070fb00000, 0x000000070fb00000, 0x000000070fc00000|  0%| F|  |TAMS 0x000000070fb00000, 0x000000070fb00000| Untracked 
|1276|0x000000070fc00000, 0x000000070fc00000, 0x000000070fd00000|  0%| F|  |TAMS 0x000000070fc00000, 0x000000070fc00000| Untracked 
|1277|0x000000070fd00000, 0x000000070fd00000, 0x000000070fe00000|  0%| F|  |TAMS 0x000000070fd00000, 0x000000070fd00000| Untracked 
|1278|0x000000070fe00000, 0x000000070fe00000, 0x000000070ff00000|  0%| F|  |TAMS 0x000000070fe00000, 0x000000070fe00000| Untracked 
|1279|0x000000070ff00000, 0x000000070ff00000, 0x0000000710000000|  0%| F|  |TAMS 0x000000070ff00000, 0x000000070ff00000| Untracked 
|1280|0x0000000710000000, 0x0000000710000000, 0x0000000710100000|  0%| F|  |TAMS 0x0000000710000000, 0x0000000710000000| Untracked 
|1281|0x0000000710100000, 0x0000000710100000, 0x0000000710200000|  0%| F|  |TAMS 0x0000000710100000, 0x0000000710100000| Untracked 
|1282|0x0000000710200000, 0x0000000710200000, 0x0000000710300000|  0%| F|  |TAMS 0x0000000710200000, 0x0000000710200000| Untracked 
|1283|0x0000000710300000, 0x0000000710300000, 0x0000000710400000|  0%| F|  |TAMS 0x0000000710300000, 0x0000000710300000| Untracked 
|1284|0x0000000710400000, 0x0000000710400000, 0x0000000710500000|  0%| F|  |TAMS 0x0000000710400000, 0x0000000710400000| Untracked 
|1285|0x0000000710500000, 0x0000000710500000, 0x0000000710600000|  0%| F|  |TAMS 0x0000000710500000, 0x0000000710500000| Untracked 
|1286|0x0000000710600000, 0x0000000710600000, 0x0000000710700000|  0%| F|  |TAMS 0x0000000710600000, 0x0000000710600000| Untracked 
|1287|0x0000000710700000, 0x0000000710700000, 0x0000000710800000|  0%| F|  |TAMS 0x0000000710700000, 0x0000000710700000| Untracked 
|1288|0x0000000710800000, 0x0000000710800000, 0x0000000710900000|  0%| F|  |TAMS 0x0000000710800000, 0x0000000710800000| Untracked 
|1289|0x0000000710900000, 0x0000000710900000, 0x0000000710a00000|  0%| F|  |TAMS 0x0000000710900000, 0x0000000710900000| Untracked 
|1290|0x0000000710a00000, 0x0000000710a00000, 0x0000000710b00000|  0%| F|  |TAMS 0x0000000710a00000, 0x0000000710a00000| Untracked 
|1291|0x0000000710b00000, 0x0000000710b00000, 0x0000000710c00000|  0%| F|  |TAMS 0x0000000710b00000, 0x0000000710b00000| Untracked 
|1292|0x0000000710c00000, 0x0000000710c00000, 0x0000000710d00000|  0%| F|  |TAMS 0x0000000710c00000, 0x0000000710c00000| Untracked 
|1293|0x0000000710d00000, 0x0000000710d00000, 0x0000000710e00000|  0%| F|  |TAMS 0x0000000710d00000, 0x0000000710d00000| Untracked 
|1294|0x0000000710e00000, 0x0000000710e00000, 0x0000000710f00000|  0%| F|  |TAMS 0x0000000710e00000, 0x0000000710e00000| Untracked 
|1295|0x0000000710f00000, 0x0000000710f00000, 0x0000000711000000|  0%| F|  |TAMS 0x0000000710f00000, 0x0000000710f00000| Untracked 
|1296|0x0000000711000000, 0x0000000711000000, 0x0000000711100000|  0%| F|  |TAMS 0x0000000711000000, 0x0000000711000000| Untracked 
|1297|0x0000000711100000, 0x0000000711100000, 0x0000000711200000|  0%| F|  |TAMS 0x0000000711100000, 0x0000000711100000| Untracked 
|1298|0x0000000711200000, 0x0000000711200000, 0x0000000711300000|  0%| F|  |TAMS 0x0000000711200000, 0x0000000711200000| Untracked 
|1299|0x0000000711300000, 0x0000000711300000, 0x0000000711400000|  0%| F|  |TAMS 0x0000000711300000, 0x0000000711300000| Untracked 
|1300|0x0000000711400000, 0x0000000711400000, 0x0000000711500000|  0%| F|  |TAMS 0x0000000711400000, 0x0000000711400000| Untracked 
|1301|0x0000000711500000, 0x0000000711500000, 0x0000000711600000|  0%| F|  |TAMS 0x0000000711500000, 0x0000000711500000| Untracked 
|1302|0x0000000711600000, 0x0000000711600000, 0x0000000711700000|  0%| F|  |TAMS 0x0000000711600000, 0x0000000711600000| Untracked 
|1303|0x0000000711700000, 0x0000000711700000, 0x0000000711800000|  0%| F|  |TAMS 0x0000000711700000, 0x0000000711700000| Untracked 
|1304|0x0000000711800000, 0x0000000711800000, 0x0000000711900000|  0%| F|  |TAMS 0x0000000711800000, 0x0000000711800000| Untracked 
|1305|0x0000000711900000, 0x0000000711900000, 0x0000000711a00000|  0%| F|  |TAMS 0x0000000711900000, 0x0000000711900000| Untracked 
|1306|0x0000000711a00000, 0x0000000711a00000, 0x0000000711b00000|  0%| F|  |TAMS 0x0000000711a00000, 0x0000000711a00000| Untracked 
|1307|0x0000000711b00000, 0x0000000711b00000, 0x0000000711c00000|  0%| F|  |TAMS 0x0000000711b00000, 0x0000000711b00000| Untracked 
|1308|0x0000000711c00000, 0x0000000711c00000, 0x0000000711d00000|  0%| F|  |TAMS 0x0000000711c00000, 0x0000000711c00000| Untracked 
|1309|0x0000000711d00000, 0x0000000711d00000, 0x0000000711e00000|  0%| F|  |TAMS 0x0000000711d00000, 0x0000000711d00000| Untracked 
|1310|0x0000000711e00000, 0x0000000711e00000, 0x0000000711f00000|  0%| F|  |TAMS 0x0000000711e00000, 0x0000000711e00000| Untracked 
|1311|0x0000000711f00000, 0x0000000711f00000, 0x0000000712000000|  0%| F|  |TAMS 0x0000000711f00000, 0x0000000711f00000| Untracked 
|1312|0x0000000712000000, 0x0000000712000000, 0x0000000712100000|  0%| F|  |TAMS 0x0000000712000000, 0x0000000712000000| Untracked 
|1313|0x0000000712100000, 0x0000000712100000, 0x0000000712200000|  0%| F|  |TAMS 0x0000000712100000, 0x0000000712100000| Untracked 
|1314|0x0000000712200000, 0x0000000712200000, 0x0000000712300000|  0%| F|  |TAMS 0x0000000712200000, 0x0000000712200000| Untracked 
|1315|0x0000000712300000, 0x0000000712300000, 0x0000000712400000|  0%| F|  |TAMS 0x0000000712300000, 0x0000000712300000| Untracked 
|1316|0x0000000712400000, 0x0000000712400000, 0x0000000712500000|  0%| F|  |TAMS 0x0000000712400000, 0x0000000712400000| Untracked 
|1317|0x0000000712500000, 0x0000000712500000, 0x0000000712600000|  0%| F|  |TAMS 0x0000000712500000, 0x0000000712500000| Untracked 
|1318|0x0000000712600000, 0x0000000712600000, 0x0000000712700000|  0%| F|  |TAMS 0x0000000712600000, 0x0000000712600000| Untracked 
|1319|0x0000000712700000, 0x0000000712700000, 0x0000000712800000|  0%| F|  |TAMS 0x0000000712700000, 0x0000000712700000| Untracked 
|1320|0x0000000712800000, 0x0000000712800000, 0x0000000712900000|  0%| F|  |TAMS 0x0000000712800000, 0x0000000712800000| Untracked 
|1321|0x0000000712900000, 0x0000000712900000, 0x0000000712a00000|  0%| F|  |TAMS 0x0000000712900000, 0x0000000712900000| Untracked 
|1322|0x0000000712a00000, 0x0000000712a00000, 0x0000000712b00000|  0%| F|  |TAMS 0x0000000712a00000, 0x0000000712a00000| Untracked 
|1323|0x0000000712b00000, 0x0000000712b00000, 0x0000000712c00000|  0%| F|  |TAMS 0x0000000712b00000, 0x0000000712b00000| Untracked 
|1324|0x0000000712c00000, 0x0000000712c00000, 0x0000000712d00000|  0%| F|  |TAMS 0x0000000712c00000, 0x0000000712c00000| Untracked 
|1325|0x0000000712d00000, 0x0000000712d00000, 0x0000000712e00000|  0%| F|  |TAMS 0x0000000712d00000, 0x0000000712d00000| Untracked 
|1326|0x0000000712e00000, 0x0000000712e00000, 0x0000000712f00000|  0%| F|  |TAMS 0x0000000712e00000, 0x0000000712e00000| Untracked 
|1327|0x0000000712f00000, 0x0000000712f00000, 0x0000000713000000|  0%| F|  |TAMS 0x0000000712f00000, 0x0000000712f00000| Untracked 
|1328|0x0000000713000000, 0x0000000713000000, 0x0000000713100000|  0%| F|  |TAMS 0x0000000713000000, 0x0000000713000000| Untracked 
|1329|0x0000000713100000, 0x0000000713100000, 0x0000000713200000|  0%| F|  |TAMS 0x0000000713100000, 0x0000000713100000| Untracked 
|1330|0x0000000713200000, 0x0000000713200000, 0x0000000713300000|  0%| F|  |TAMS 0x0000000713200000, 0x0000000713200000| Untracked 
|1331|0x0000000713300000, 0x0000000713300000, 0x0000000713400000|  0%| F|  |TAMS 0x0000000713300000, 0x0000000713300000| Untracked 
|1332|0x0000000713400000, 0x0000000713400000, 0x0000000713500000|  0%| F|  |TAMS 0x0000000713400000, 0x0000000713400000| Untracked 
|1333|0x0000000713500000, 0x0000000713500000, 0x0000000713600000|  0%| F|  |TAMS 0x0000000713500000, 0x0000000713500000| Untracked 
|1334|0x0000000713600000, 0x0000000713600000, 0x0000000713700000|  0%| F|  |TAMS 0x0000000713600000, 0x0000000713600000| Untracked 
|1335|0x0000000713700000, 0x0000000713700000, 0x0000000713800000|  0%| F|  |TAMS 0x0000000713700000, 0x0000000713700000| Untracked 
|1336|0x0000000713800000, 0x0000000713800000, 0x0000000713900000|  0%| F|  |TAMS 0x0000000713800000, 0x0000000713800000| Untracked 
|1337|0x0000000713900000, 0x0000000713900000, 0x0000000713a00000|  0%| F|  |TAMS 0x0000000713900000, 0x0000000713900000| Untracked 
|1338|0x0000000713a00000, 0x0000000713a00000, 0x0000000713b00000|  0%| F|  |TAMS 0x0000000713a00000, 0x0000000713a00000| Untracked 
|1339|0x0000000713b00000, 0x0000000713b00000, 0x0000000713c00000|  0%| F|  |TAMS 0x0000000713b00000, 0x0000000713b00000| Untracked 
|1340|0x0000000713c00000, 0x0000000713c00000, 0x0000000713d00000|  0%| F|  |TAMS 0x0000000713c00000, 0x0000000713c00000| Untracked 
|1341|0x0000000713d00000, 0x0000000713d00000, 0x0000000713e00000|  0%| F|  |TAMS 0x0000000713d00000, 0x0000000713d00000| Untracked 
|1342|0x0000000713e00000, 0x0000000713e00000, 0x0000000713f00000|  0%| F|  |TAMS 0x0000000713e00000, 0x0000000713e00000| Untracked 
|1343|0x0000000713f00000, 0x0000000713f00000, 0x0000000714000000|  0%| F|  |TAMS 0x0000000713f00000, 0x0000000713f00000| Untracked 
|1344|0x0000000714000000, 0x0000000714000000, 0x0000000714100000|  0%| F|  |TAMS 0x0000000714000000, 0x0000000714000000| Untracked 
|1345|0x0000000714100000, 0x0000000714100000, 0x0000000714200000|  0%| F|  |TAMS 0x0000000714100000, 0x0000000714100000| Untracked 
|1346|0x0000000714200000, 0x0000000714200000, 0x0000000714300000|  0%| F|  |TAMS 0x0000000714200000, 0x0000000714200000| Untracked 
|1347|0x0000000714300000, 0x0000000714300000, 0x0000000714400000|  0%| F|  |TAMS 0x0000000714300000, 0x0000000714300000| Untracked 
|1348|0x0000000714400000, 0x0000000714400000, 0x0000000714500000|  0%| F|  |TAMS 0x0000000714400000, 0x0000000714400000| Untracked 
|1349|0x0000000714500000, 0x0000000714500000, 0x0000000714600000|  0%| F|  |TAMS 0x0000000714500000, 0x0000000714500000| Untracked 
|1350|0x0000000714600000, 0x0000000714600000, 0x0000000714700000|  0%| F|  |TAMS 0x0000000714600000, 0x0000000714600000| Untracked 
|1351|0x0000000714700000, 0x0000000714700000, 0x0000000714800000|  0%| F|  |TAMS 0x0000000714700000, 0x0000000714700000| Untracked 
|1352|0x0000000714800000, 0x0000000714800000, 0x0000000714900000|  0%| F|  |TAMS 0x0000000714800000, 0x0000000714800000| Untracked 
|1353|0x0000000714900000, 0x0000000714900000, 0x0000000714a00000|  0%| F|  |TAMS 0x0000000714900000, 0x0000000714900000| Untracked 
|1354|0x0000000714a00000, 0x0000000714a00000, 0x0000000714b00000|  0%| F|  |TAMS 0x0000000714a00000, 0x0000000714a00000| Untracked 
|1355|0x0000000714b00000, 0x0000000714b00000, 0x0000000714c00000|  0%| F|  |TAMS 0x0000000714b00000, 0x0000000714b00000| Untracked 
|1356|0x0000000714c00000, 0x0000000714c00000, 0x0000000714d00000|  0%| F|  |TAMS 0x0000000714c00000, 0x0000000714c00000| Untracked 
|1357|0x0000000714d00000, 0x0000000714d00000, 0x0000000714e00000|  0%| F|  |TAMS 0x0000000714d00000, 0x0000000714d00000| Untracked 
|1358|0x0000000714e00000, 0x0000000714e00000, 0x0000000714f00000|  0%| F|  |TAMS 0x0000000714e00000, 0x0000000714e00000| Untracked 
|1359|0x0000000714f00000, 0x0000000714f00000, 0x0000000715000000|  0%| F|  |TAMS 0x0000000714f00000, 0x0000000714f00000| Untracked 
|1360|0x0000000715000000, 0x0000000715000000, 0x0000000715100000|  0%| F|  |TAMS 0x0000000715000000, 0x0000000715000000| Untracked 
|1361|0x0000000715100000, 0x0000000715100000, 0x0000000715200000|  0%| F|  |TAMS 0x0000000715100000, 0x0000000715100000| Untracked 
|1362|0x0000000715200000, 0x0000000715200000, 0x0000000715300000|  0%| F|  |TAMS 0x0000000715200000, 0x0000000715200000| Untracked 
|1363|0x0000000715300000, 0x0000000715300000, 0x0000000715400000|  0%| F|  |TAMS 0x0000000715300000, 0x0000000715300000| Untracked 
|1364|0x0000000715400000, 0x0000000715400000, 0x0000000715500000|  0%| F|  |TAMS 0x0000000715400000, 0x0000000715400000| Untracked 
|1365|0x0000000715500000, 0x0000000715500000, 0x0000000715600000|  0%| F|  |TAMS 0x0000000715500000, 0x0000000715500000| Untracked 
|1366|0x0000000715600000, 0x0000000715600000, 0x0000000715700000|  0%| F|  |TAMS 0x0000000715600000, 0x0000000715600000| Untracked 
|1367|0x0000000715700000, 0x0000000715700000, 0x0000000715800000|  0%| F|  |TAMS 0x0000000715700000, 0x0000000715700000| Untracked 
|1368|0x0000000715800000, 0x0000000715800000, 0x0000000715900000|  0%| F|  |TAMS 0x0000000715800000, 0x0000000715800000| Untracked 
|1369|0x0000000715900000, 0x0000000715900000, 0x0000000715a00000|  0%| F|  |TAMS 0x0000000715900000, 0x0000000715900000| Untracked 
|1370|0x0000000715a00000, 0x0000000715a00000, 0x0000000715b00000|  0%| F|  |TAMS 0x0000000715a00000, 0x0000000715a00000| Untracked 
|1371|0x0000000715b00000, 0x0000000715b00000, 0x0000000715c00000|  0%| F|  |TAMS 0x0000000715b00000, 0x0000000715b00000| Untracked 
|1372|0x0000000715c00000, 0x0000000715c00000, 0x0000000715d00000|  0%| F|  |TAMS 0x0000000715c00000, 0x0000000715c00000| Untracked 
|1373|0x0000000715d00000, 0x0000000715d00000, 0x0000000715e00000|  0%| F|  |TAMS 0x0000000715d00000, 0x0000000715d00000| Untracked 
|1374|0x0000000715e00000, 0x0000000715e00000, 0x0000000715f00000|  0%| F|  |TAMS 0x0000000715e00000, 0x0000000715e00000| Untracked 
|1375|0x0000000715f00000, 0x0000000715f00000, 0x0000000716000000|  0%| F|  |TAMS 0x0000000715f00000, 0x0000000715f00000| Untracked 
|1376|0x0000000716000000, 0x0000000716000000, 0x0000000716100000|  0%| F|  |TAMS 0x0000000716000000, 0x0000000716000000| Untracked 
|1377|0x0000000716100000, 0x0000000716100000, 0x0000000716200000|  0%| F|  |TAMS 0x0000000716100000, 0x0000000716100000| Untracked 
|1378|0x0000000716200000, 0x0000000716200000, 0x0000000716300000|  0%| F|  |TAMS 0x0000000716200000, 0x0000000716200000| Untracked 
|1379|0x0000000716300000, 0x0000000716300000, 0x0000000716400000|  0%| F|  |TAMS 0x0000000716300000, 0x0000000716300000| Untracked 
|1380|0x0000000716400000, 0x0000000716400000, 0x0000000716500000|  0%| F|  |TAMS 0x0000000716400000, 0x0000000716400000| Untracked 
|1381|0x0000000716500000, 0x0000000716500000, 0x0000000716600000|  0%| F|  |TAMS 0x0000000716500000, 0x0000000716500000| Untracked 
|1382|0x0000000716600000, 0x0000000716600000, 0x0000000716700000|  0%| F|  |TAMS 0x0000000716600000, 0x0000000716600000| Untracked 
|1383|0x0000000716700000, 0x0000000716700000, 0x0000000716800000|  0%| F|  |TAMS 0x0000000716700000, 0x0000000716700000| Untracked 
|1384|0x0000000716800000, 0x0000000716800000, 0x0000000716900000|  0%| F|  |TAMS 0x0000000716800000, 0x0000000716800000| Untracked 
|1385|0x0000000716900000, 0x0000000716900000, 0x0000000716a00000|  0%| F|  |TAMS 0x0000000716900000, 0x0000000716900000| Untracked 
|1386|0x0000000716a00000, 0x0000000716a00000, 0x0000000716b00000|  0%| F|  |TAMS 0x0000000716a00000, 0x0000000716a00000| Untracked 
|1387|0x0000000716b00000, 0x0000000716b00000, 0x0000000716c00000|  0%| F|  |TAMS 0x0000000716b00000, 0x0000000716b00000| Untracked 
|1388|0x0000000716c00000, 0x0000000716c00000, 0x0000000716d00000|  0%| F|  |TAMS 0x0000000716c00000, 0x0000000716c00000| Untracked 
|1389|0x0000000716d00000, 0x0000000716d00000, 0x0000000716e00000|  0%| F|  |TAMS 0x0000000716d00000, 0x0000000716d00000| Untracked 
|1390|0x0000000716e00000, 0x0000000716e00000, 0x0000000716f00000|  0%| F|  |TAMS 0x0000000716e00000, 0x0000000716e00000| Untracked 
|1391|0x0000000716f00000, 0x0000000716f00000, 0x0000000717000000|  0%| F|  |TAMS 0x0000000716f00000, 0x0000000716f00000| Untracked 
|1392|0x0000000717000000, 0x0000000717000000, 0x0000000717100000|  0%| F|  |TAMS 0x0000000717000000, 0x0000000717000000| Untracked 
|1393|0x0000000717100000, 0x0000000717100000, 0x0000000717200000|  0%| F|  |TAMS 0x0000000717100000, 0x0000000717100000| Untracked 
|1394|0x0000000717200000, 0x0000000717200000, 0x0000000717300000|  0%| F|  |TAMS 0x0000000717200000, 0x0000000717200000| Untracked 
|1395|0x0000000717300000, 0x0000000717300000, 0x0000000717400000|  0%| F|  |TAMS 0x0000000717300000, 0x0000000717300000| Untracked 
|1396|0x0000000717400000, 0x0000000717400000, 0x0000000717500000|  0%| F|  |TAMS 0x0000000717400000, 0x0000000717400000| Untracked 
|1397|0x0000000717500000, 0x0000000717500000, 0x0000000717600000|  0%| F|  |TAMS 0x0000000717500000, 0x0000000717500000| Untracked 
|1398|0x0000000717600000, 0x0000000717600000, 0x0000000717700000|  0%| F|  |TAMS 0x0000000717600000, 0x0000000717600000| Untracked 
|1399|0x0000000717700000, 0x0000000717700000, 0x0000000717800000|  0%| F|  |TAMS 0x0000000717700000, 0x0000000717700000| Untracked 
|1400|0x0000000717800000, 0x0000000717800000, 0x0000000717900000|  0%| F|  |TAMS 0x0000000717800000, 0x0000000717800000| Untracked 
|1401|0x0000000717900000, 0x0000000717900000, 0x0000000717a00000|  0%| F|  |TAMS 0x0000000717900000, 0x0000000717900000| Untracked 
|1402|0x0000000717a00000, 0x0000000717a00000, 0x0000000717b00000|  0%| F|  |TAMS 0x0000000717a00000, 0x0000000717a00000| Untracked 
|1403|0x0000000717b00000, 0x0000000717b00000, 0x0000000717c00000|  0%| F|  |TAMS 0x0000000717b00000, 0x0000000717b00000| Untracked 
|1404|0x0000000717c00000, 0x0000000717c00000, 0x0000000717d00000|  0%| F|  |TAMS 0x0000000717c00000, 0x0000000717c00000| Untracked 
|1405|0x0000000717d00000, 0x0000000717d00000, 0x0000000717e00000|  0%| F|  |TAMS 0x0000000717d00000, 0x0000000717d00000| Untracked 
|1406|0x0000000717e00000, 0x0000000717e00000, 0x0000000717f00000|  0%| F|  |TAMS 0x0000000717e00000, 0x0000000717e00000| Untracked 
|1407|0x0000000717f00000, 0x0000000717f00000, 0x0000000718000000|  0%| F|  |TAMS 0x0000000717f00000, 0x0000000717f00000| Untracked 
|1408|0x0000000718000000, 0x0000000718000000, 0x0000000718100000|  0%| F|  |TAMS 0x0000000718000000, 0x0000000718000000| Untracked 
|1409|0x0000000718100000, 0x0000000718100000, 0x0000000718200000|  0%| F|  |TAMS 0x0000000718100000, 0x0000000718100000| Untracked 
|1410|0x0000000718200000, 0x0000000718200000, 0x0000000718300000|  0%| F|  |TAMS 0x0000000718200000, 0x0000000718200000| Untracked 
|1411|0x0000000718300000, 0x0000000718300000, 0x0000000718400000|  0%| F|  |TAMS 0x0000000718300000, 0x0000000718300000| Untracked 
|1412|0x0000000718400000, 0x0000000718400000, 0x0000000718500000|  0%| F|  |TAMS 0x0000000718400000, 0x0000000718400000| Untracked 
|1413|0x0000000718500000, 0x0000000718500000, 0x0000000718600000|  0%| F|  |TAMS 0x0000000718500000, 0x0000000718500000| Untracked 
|1414|0x0000000718600000, 0x0000000718600000, 0x0000000718700000|  0%| F|  |TAMS 0x0000000718600000, 0x0000000718600000| Untracked 
|1415|0x0000000718700000, 0x0000000718700000, 0x0000000718800000|  0%| F|  |TAMS 0x0000000718700000, 0x0000000718700000| Untracked 
|1416|0x0000000718800000, 0x0000000718800000, 0x0000000718900000|  0%| F|  |TAMS 0x0000000718800000, 0x0000000718800000| Untracked 
|1417|0x0000000718900000, 0x0000000718900000, 0x0000000718a00000|  0%| F|  |TAMS 0x0000000718900000, 0x0000000718900000| Untracked 
|1418|0x0000000718a00000, 0x0000000718a00000, 0x0000000718b00000|  0%| F|  |TAMS 0x0000000718a00000, 0x0000000718a00000| Untracked 
|1419|0x0000000718b00000, 0x0000000718b00000, 0x0000000718c00000|  0%| F|  |TAMS 0x0000000718b00000, 0x0000000718b00000| Untracked 
|1420|0x0000000718c00000, 0x0000000718c00000, 0x0000000718d00000|  0%| F|  |TAMS 0x0000000718c00000, 0x0000000718c00000| Untracked 
|1421|0x0000000718d00000, 0x0000000718d00000, 0x0000000718e00000|  0%| F|  |TAMS 0x0000000718d00000, 0x0000000718d00000| Untracked 
|1422|0x0000000718e00000, 0x0000000718e00000, 0x0000000718f00000|  0%| F|  |TAMS 0x0000000718e00000, 0x0000000718e00000| Untracked 
|1423|0x0000000718f00000, 0x0000000718f00000, 0x0000000719000000|  0%| F|  |TAMS 0x0000000718f00000, 0x0000000718f00000| Untracked 
|1424|0x0000000719000000, 0x0000000719000000, 0x0000000719100000|  0%| F|  |TAMS 0x0000000719000000, 0x0000000719000000| Untracked 
|1425|0x0000000719100000, 0x0000000719100000, 0x0000000719200000|  0%| F|  |TAMS 0x0000000719100000, 0x0000000719100000| Untracked 
|1426|0x0000000719200000, 0x0000000719200000, 0x0000000719300000|  0%| F|  |TAMS 0x0000000719200000, 0x0000000719200000| Untracked 
|1427|0x0000000719300000, 0x0000000719300000, 0x0000000719400000|  0%| F|  |TAMS 0x0000000719300000, 0x0000000719300000| Untracked 
|1428|0x0000000719400000, 0x0000000719400000, 0x0000000719500000|  0%| F|  |TAMS 0x0000000719400000, 0x0000000719400000| Untracked 
|1429|0x0000000719500000, 0x0000000719500000, 0x0000000719600000|  0%| F|  |TAMS 0x0000000719500000, 0x0000000719500000| Untracked 
|1430|0x0000000719600000, 0x0000000719600000, 0x0000000719700000|  0%| F|  |TAMS 0x0000000719600000, 0x0000000719600000| Untracked 
|1431|0x0000000719700000, 0x0000000719700000, 0x0000000719800000|  0%| F|  |TAMS 0x0000000719700000, 0x0000000719700000| Untracked 
|1432|0x0000000719800000, 0x0000000719800000, 0x0000000719900000|  0%| F|  |TAMS 0x0000000719800000, 0x0000000719800000| Untracked 
|1433|0x0000000719900000, 0x0000000719900000, 0x0000000719a00000|  0%| F|  |TAMS 0x0000000719900000, 0x0000000719900000| Untracked 
|1434|0x0000000719a00000, 0x0000000719a00000, 0x0000000719b00000|  0%| F|  |TAMS 0x0000000719a00000, 0x0000000719a00000| Untracked 
|1435|0x0000000719b00000, 0x0000000719b00000, 0x0000000719c00000|  0%| F|  |TAMS 0x0000000719b00000, 0x0000000719b00000| Untracked 
|1436|0x0000000719c00000, 0x0000000719c00000, 0x0000000719d00000|  0%| F|  |TAMS 0x0000000719c00000, 0x0000000719c00000| Untracked 
|1437|0x0000000719d00000, 0x0000000719d00000, 0x0000000719e00000|  0%| F|  |TAMS 0x0000000719d00000, 0x0000000719d00000| Untracked 
|1438|0x0000000719e00000, 0x0000000719e00000, 0x0000000719f00000|  0%| F|  |TAMS 0x0000000719e00000, 0x0000000719e00000| Untracked 
|1439|0x0000000719f00000, 0x0000000719f00000, 0x000000071a000000|  0%| F|  |TAMS 0x0000000719f00000, 0x0000000719f00000| Untracked 
|1440|0x000000071a000000, 0x000000071a000000, 0x000000071a100000|  0%| F|  |TAMS 0x000000071a000000, 0x000000071a000000| Untracked 
|1441|0x000000071a100000, 0x000000071a100000, 0x000000071a200000|  0%| F|  |TAMS 0x000000071a100000, 0x000000071a100000| Untracked 
|1442|0x000000071a200000, 0x000000071a200000, 0x000000071a300000|  0%| F|  |TAMS 0x000000071a200000, 0x000000071a200000| Untracked 
|1443|0x000000071a300000, 0x000000071a300000, 0x000000071a400000|  0%| F|  |TAMS 0x000000071a300000, 0x000000071a300000| Untracked 
|1444|0x000000071a400000, 0x000000071a400000, 0x000000071a500000|  0%| F|  |TAMS 0x000000071a400000, 0x000000071a400000| Untracked 
|1445|0x000000071a500000, 0x000000071a500000, 0x000000071a600000|  0%| F|  |TAMS 0x000000071a500000, 0x000000071a500000| Untracked 
|1446|0x000000071a600000, 0x000000071a600000, 0x000000071a700000|  0%| F|  |TAMS 0x000000071a600000, 0x000000071a600000| Untracked 
|1447|0x000000071a700000, 0x000000071a700000, 0x000000071a800000|  0%| F|  |TAMS 0x000000071a700000, 0x000000071a700000| Untracked 
|1448|0x000000071a800000, 0x000000071a800000, 0x000000071a900000|  0%| F|  |TAMS 0x000000071a800000, 0x000000071a800000| Untracked 
|1449|0x000000071a900000, 0x000000071a900000, 0x000000071aa00000|  0%| F|  |TAMS 0x000000071a900000, 0x000000071a900000| Untracked 
|1450|0x000000071aa00000, 0x000000071aa00000, 0x000000071ab00000|  0%| F|  |TAMS 0x000000071aa00000, 0x000000071aa00000| Untracked 
|1451|0x000000071ab00000, 0x000000071ab00000, 0x000000071ac00000|  0%| F|  |TAMS 0x000000071ab00000, 0x000000071ab00000| Untracked 
|1452|0x000000071ac00000, 0x000000071ac00000, 0x000000071ad00000|  0%| F|  |TAMS 0x000000071ac00000, 0x000000071ac00000| Untracked 
|1453|0x000000071ad00000, 0x000000071ad00000, 0x000000071ae00000|  0%| F|  |TAMS 0x000000071ad00000, 0x000000071ad00000| Untracked 
|1454|0x000000071ae00000, 0x000000071ae00000, 0x000000071af00000|  0%| F|  |TAMS 0x000000071ae00000, 0x000000071ae00000| Untracked 
|1455|0x000000071af00000, 0x000000071af00000, 0x000000071b000000|  0%| F|  |TAMS 0x000000071af00000, 0x000000071af00000| Untracked 
|1456|0x000000071b000000, 0x000000071b000000, 0x000000071b100000|  0%| F|  |TAMS 0x000000071b000000, 0x000000071b000000| Untracked 
|1457|0x000000071b100000, 0x000000071b100000, 0x000000071b200000|  0%| F|  |TAMS 0x000000071b100000, 0x000000071b100000| Untracked 
|1458|0x000000071b200000, 0x000000071b200000, 0x000000071b300000|  0%| F|  |TAMS 0x000000071b200000, 0x000000071b200000| Untracked 
|1459|0x000000071b300000, 0x000000071b300000, 0x000000071b400000|  0%| F|  |TAMS 0x000000071b300000, 0x000000071b300000| Untracked 
|1460|0x000000071b400000, 0x000000071b400000, 0x000000071b500000|  0%| F|  |TAMS 0x000000071b400000, 0x000000071b400000| Untracked 
|1461|0x000000071b500000, 0x000000071b500000, 0x000000071b600000|  0%| F|  |TAMS 0x000000071b500000, 0x000000071b500000| Untracked 
|1462|0x000000071b600000, 0x000000071b600000, 0x000000071b700000|  0%| F|  |TAMS 0x000000071b600000, 0x000000071b600000| Untracked 
|1463|0x000000071b700000, 0x000000071b700000, 0x000000071b800000|  0%| F|  |TAMS 0x000000071b700000, 0x000000071b700000| Untracked 
|1464|0x000000071b800000, 0x000000071b800000, 0x000000071b900000|  0%| F|  |TAMS 0x000000071b800000, 0x000000071b800000| Untracked 
|1465|0x000000071b900000, 0x000000071b900000, 0x000000071ba00000|  0%| F|  |TAMS 0x000000071b900000, 0x000000071b900000| Untracked 
|1466|0x000000071ba00000, 0x000000071ba00000, 0x000000071bb00000|  0%| F|  |TAMS 0x000000071ba00000, 0x000000071ba00000| Untracked 
|1467|0x000000071bb00000, 0x000000071bb00000, 0x000000071bc00000|  0%| F|  |TAMS 0x000000071bb00000, 0x000000071bb00000| Untracked 
|1468|0x000000071bc00000, 0x000000071bc00000, 0x000000071bd00000|  0%| F|  |TAMS 0x000000071bc00000, 0x000000071bc00000| Untracked 
|1469|0x000000071bd00000, 0x000000071bd00000, 0x000000071be00000|  0%| F|  |TAMS 0x000000071bd00000, 0x000000071bd00000| Untracked 
|1470|0x000000071be00000, 0x000000071be00000, 0x000000071bf00000|  0%| F|  |TAMS 0x000000071be00000, 0x000000071be00000| Untracked 
|1471|0x000000071bf00000, 0x000000071bf00000, 0x000000071c000000|  0%| F|  |TAMS 0x000000071bf00000, 0x000000071bf00000| Untracked 
|1472|0x000000071c000000, 0x000000071c000000, 0x000000071c100000|  0%| F|  |TAMS 0x000000071c000000, 0x000000071c000000| Untracked 
|1473|0x000000071c100000, 0x000000071c100000, 0x000000071c200000|  0%| F|  |TAMS 0x000000071c100000, 0x000000071c100000| Untracked 
|1474|0x000000071c200000, 0x000000071c200000, 0x000000071c300000|  0%| F|  |TAMS 0x000000071c200000, 0x000000071c200000| Untracked 
|1475|0x000000071c300000, 0x000000071c300000, 0x000000071c400000|  0%| F|  |TAMS 0x000000071c300000, 0x000000071c300000| Untracked 
|1476|0x000000071c400000, 0x000000071c400000, 0x000000071c500000|  0%| F|  |TAMS 0x000000071c400000, 0x000000071c400000| Untracked 
|1477|0x000000071c500000, 0x000000071c500000, 0x000000071c600000|  0%| F|  |TAMS 0x000000071c500000, 0x000000071c500000| Untracked 
|1478|0x000000071c600000, 0x000000071c600000, 0x000000071c700000|  0%| F|  |TAMS 0x000000071c600000, 0x000000071c600000| Untracked 
|1479|0x000000071c700000, 0x000000071c700000, 0x000000071c800000|  0%| F|  |TAMS 0x000000071c700000, 0x000000071c700000| Untracked 
|1480|0x000000071c800000, 0x000000071c800000, 0x000000071c900000|  0%| F|  |TAMS 0x000000071c800000, 0x000000071c800000| Untracked 
|1481|0x000000071c900000, 0x000000071c900000, 0x000000071ca00000|  0%| F|  |TAMS 0x000000071c900000, 0x000000071c900000| Untracked 
|1482|0x000000071ca00000, 0x000000071ca00000, 0x000000071cb00000|  0%| F|  |TAMS 0x000000071ca00000, 0x000000071ca00000| Untracked 
|1483|0x000000071cb00000, 0x000000071cb00000, 0x000000071cc00000|  0%| F|  |TAMS 0x000000071cb00000, 0x000000071cb00000| Untracked 
|1484|0x000000071cc00000, 0x000000071cc00000, 0x000000071cd00000|  0%| F|  |TAMS 0x000000071cc00000, 0x000000071cc00000| Untracked 
|1485|0x000000071cd00000, 0x000000071cd00000, 0x000000071ce00000|  0%| F|  |TAMS 0x000000071cd00000, 0x000000071cd00000| Untracked 
|1486|0x000000071ce00000, 0x000000071ce00000, 0x000000071cf00000|  0%| F|  |TAMS 0x000000071ce00000, 0x000000071ce00000| Untracked 
|1487|0x000000071cf00000, 0x000000071cf00000, 0x000000071d000000|  0%| F|  |TAMS 0x000000071cf00000, 0x000000071cf00000| Untracked 
|1488|0x000000071d000000, 0x000000071d000000, 0x000000071d100000|  0%| F|  |TAMS 0x000000071d000000, 0x000000071d000000| Untracked 
|1489|0x000000071d100000, 0x000000071d100000, 0x000000071d200000|  0%| F|  |TAMS 0x000000071d100000, 0x000000071d100000| Untracked 
|1490|0x000000071d200000, 0x000000071d200000, 0x000000071d300000|  0%| F|  |TAMS 0x000000071d200000, 0x000000071d200000| Untracked 
|1491|0x000000071d300000, 0x000000071d300000, 0x000000071d400000|  0%| F|  |TAMS 0x000000071d300000, 0x000000071d300000| Untracked 
|1492|0x000000071d400000, 0x000000071d400000, 0x000000071d500000|  0%| F|  |TAMS 0x000000071d400000, 0x000000071d400000| Untracked 
|1493|0x000000071d500000, 0x000000071d500000, 0x000000071d600000|  0%| F|  |TAMS 0x000000071d500000, 0x000000071d500000| Untracked 
|1494|0x000000071d600000, 0x000000071d600000, 0x000000071d700000|  0%| F|  |TAMS 0x000000071d600000, 0x000000071d600000| Untracked 
|1495|0x000000071d700000, 0x000000071d700000, 0x000000071d800000|  0%| F|  |TAMS 0x000000071d700000, 0x000000071d700000| Untracked 
|1496|0x000000071d800000, 0x000000071d800000, 0x000000071d900000|  0%| F|  |TAMS 0x000000071d800000, 0x000000071d800000| Untracked 
|1497|0x000000071d900000, 0x000000071d900000, 0x000000071da00000|  0%| F|  |TAMS 0x000000071d900000, 0x000000071d900000| Untracked 
|1498|0x000000071da00000, 0x000000071da00000, 0x000000071db00000|  0%| F|  |TAMS 0x000000071da00000, 0x000000071da00000| Untracked 
|1499|0x000000071db00000, 0x000000071db00000, 0x000000071dc00000|  0%| F|  |TAMS 0x000000071db00000, 0x000000071db00000| Untracked 
|1500|0x000000071dc00000, 0x000000071dc00000, 0x000000071dd00000|  0%| F|  |TAMS 0x000000071dc00000, 0x000000071dc00000| Untracked 
|1501|0x000000071dd00000, 0x000000071dd00000, 0x000000071de00000|  0%| F|  |TAMS 0x000000071dd00000, 0x000000071dd00000| Untracked 
|1502|0x000000071de00000, 0x000000071de00000, 0x000000071df00000|  0%| F|  |TAMS 0x000000071de00000, 0x000000071de00000| Untracked 
|1503|0x000000071df00000, 0x000000071df00000, 0x000000071e000000|  0%| F|  |TAMS 0x000000071df00000, 0x000000071df00000| Untracked 
|1504|0x000000071e000000, 0x000000071e000000, 0x000000071e100000|  0%| F|  |TAMS 0x000000071e000000, 0x000000071e000000| Untracked 
|1505|0x000000071e100000, 0x000000071e100000, 0x000000071e200000|  0%| F|  |TAMS 0x000000071e100000, 0x000000071e100000| Untracked 
|1506|0x000000071e200000, 0x000000071e200000, 0x000000071e300000|  0%| F|  |TAMS 0x000000071e200000, 0x000000071e200000| Untracked 
|1507|0x000000071e300000, 0x000000071e300000, 0x000000071e400000|  0%| F|  |TAMS 0x000000071e300000, 0x000000071e300000| Untracked 
|1508|0x000000071e400000, 0x000000071e400000, 0x000000071e500000|  0%| F|  |TAMS 0x000000071e400000, 0x000000071e400000| Untracked 
|1509|0x000000071e500000, 0x000000071e500000, 0x000000071e600000|  0%| F|  |TAMS 0x000000071e500000, 0x000000071e500000| Untracked 
|1510|0x000000071e600000, 0x000000071e600000, 0x000000071e700000|  0%| F|  |TAMS 0x000000071e600000, 0x000000071e600000| Untracked 
|1511|0x000000071e700000, 0x000000071e700000, 0x000000071e800000|  0%| F|  |TAMS 0x000000071e700000, 0x000000071e700000| Untracked 
|1512|0x000000071e800000, 0x000000071e800000, 0x000000071e900000|  0%| F|  |TAMS 0x000000071e800000, 0x000000071e800000| Untracked 
|1513|0x000000071e900000, 0x000000071e900000, 0x000000071ea00000|  0%| F|  |TAMS 0x000000071e900000, 0x000000071e900000| Untracked 
|1514|0x000000071ea00000, 0x000000071ea00000, 0x000000071eb00000|  0%| F|  |TAMS 0x000000071ea00000, 0x000000071ea00000| Untracked 
|1515|0x000000071eb00000, 0x000000071eb00000, 0x000000071ec00000|  0%| F|  |TAMS 0x000000071eb00000, 0x000000071eb00000| Untracked 
|1516|0x000000071ec00000, 0x000000071ec00000, 0x000000071ed00000|  0%| F|  |TAMS 0x000000071ec00000, 0x000000071ec00000| Untracked 
|1517|0x000000071ed00000, 0x000000071ed00000, 0x000000071ee00000|  0%| F|  |TAMS 0x000000071ed00000, 0x000000071ed00000| Untracked 
|1518|0x000000071ee00000, 0x000000071ee00000, 0x000000071ef00000|  0%| F|  |TAMS 0x000000071ee00000, 0x000000071ee00000| Untracked 
|1519|0x000000071ef00000, 0x000000071ef00000, 0x000000071f000000|  0%| F|  |TAMS 0x000000071ef00000, 0x000000071ef00000| Untracked 
|1520|0x000000071f000000, 0x000000071f000000, 0x000000071f100000|  0%| F|  |TAMS 0x000000071f000000, 0x000000071f000000| Untracked 
|1521|0x000000071f100000, 0x000000071f100000, 0x000000071f200000|  0%| F|  |TAMS 0x000000071f100000, 0x000000071f100000| Untracked 
|1522|0x000000071f200000, 0x000000071f200000, 0x000000071f300000|  0%| F|  |TAMS 0x000000071f200000, 0x000000071f200000| Untracked 
|1523|0x000000071f300000, 0x000000071f300000, 0x000000071f400000|  0%| F|  |TAMS 0x000000071f300000, 0x000000071f300000| Untracked 
|1524|0x000000071f400000, 0x000000071f400000, 0x000000071f500000|  0%| F|  |TAMS 0x000000071f400000, 0x000000071f400000| Untracked 
|1525|0x000000071f500000, 0x000000071f500000, 0x000000071f600000|  0%| F|  |TAMS 0x000000071f500000, 0x000000071f500000| Untracked 
|1526|0x000000071f600000, 0x000000071f600000, 0x000000071f700000|  0%| F|  |TAMS 0x000000071f600000, 0x000000071f600000| Untracked 
|1527|0x000000071f700000, 0x000000071f700000, 0x000000071f800000|  0%| F|  |TAMS 0x000000071f700000, 0x000000071f700000| Untracked 
|1528|0x000000071f800000, 0x000000071f800000, 0x000000071f900000|  0%| F|  |TAMS 0x000000071f800000, 0x000000071f800000| Untracked 
|1529|0x000000071f900000, 0x000000071f900000, 0x000000071fa00000|  0%| F|  |TAMS 0x000000071f900000, 0x000000071f900000| Untracked 
|1530|0x000000071fa00000, 0x000000071fa00000, 0x000000071fb00000|  0%| F|  |TAMS 0x000000071fa00000, 0x000000071fa00000| Untracked 
|1531|0x000000071fb00000, 0x000000071fb00000, 0x000000071fc00000|  0%| F|  |TAMS 0x000000071fb00000, 0x000000071fb00000| Untracked 
|1532|0x000000071fc00000, 0x000000071fc00000, 0x000000071fd00000|  0%| F|  |TAMS 0x000000071fc00000, 0x000000071fc00000| Untracked 
|1533|0x000000071fd00000, 0x000000071fd00000, 0x000000071fe00000|  0%| F|  |TAMS 0x000000071fd00000, 0x000000071fd00000| Untracked 
|1534|0x000000071fe00000, 0x000000071fe00000, 0x000000071ff00000|  0%| F|  |TAMS 0x000000071fe00000, 0x000000071fe00000| Untracked 
|1535|0x000000071ff00000, 0x000000071ff00000, 0x0000000720000000|  0%| F|  |TAMS 0x000000071ff00000, 0x000000071ff00000| Untracked 
|1536|0x0000000720000000, 0x0000000720000000, 0x0000000720100000|  0%| F|  |TAMS 0x0000000720000000, 0x0000000720000000| Untracked 
|1537|0x0000000720100000, 0x0000000720100000, 0x0000000720200000|  0%| F|  |TAMS 0x0000000720100000, 0x0000000720100000| Untracked 
|1538|0x0000000720200000, 0x0000000720200000, 0x0000000720300000|  0%| F|  |TAMS 0x0000000720200000, 0x0000000720200000| Untracked 
|1539|0x0000000720300000, 0x0000000720300000, 0x0000000720400000|  0%| F|  |TAMS 0x0000000720300000, 0x0000000720300000| Untracked 
|1540|0x0000000720400000, 0x0000000720400000, 0x0000000720500000|  0%| F|  |TAMS 0x0000000720400000, 0x0000000720400000| Untracked 
|1541|0x0000000720500000, 0x0000000720500000, 0x0000000720600000|  0%| F|  |TAMS 0x0000000720500000, 0x0000000720500000| Untracked 
|1542|0x0000000720600000, 0x0000000720600000, 0x0000000720700000|  0%| F|  |TAMS 0x0000000720600000, 0x0000000720600000| Untracked 
|1543|0x0000000720700000, 0x0000000720700000, 0x0000000720800000|  0%| F|  |TAMS 0x0000000720700000, 0x0000000720700000| Untracked 
|1544|0x0000000720800000, 0x0000000720800000, 0x0000000720900000|  0%| F|  |TAMS 0x0000000720800000, 0x0000000720800000| Untracked 
|1545|0x0000000720900000, 0x0000000720900000, 0x0000000720a00000|  0%| F|  |TAMS 0x0000000720900000, 0x0000000720900000| Untracked 
|1546|0x0000000720a00000, 0x0000000720a00000, 0x0000000720b00000|  0%| F|  |TAMS 0x0000000720a00000, 0x0000000720a00000| Untracked 
|1547|0x0000000720b00000, 0x0000000720b00000, 0x0000000720c00000|  0%| F|  |TAMS 0x0000000720b00000, 0x0000000720b00000| Untracked 
|1548|0x0000000720c00000, 0x0000000720c00000, 0x0000000720d00000|  0%| F|  |TAMS 0x0000000720c00000, 0x0000000720c00000| Untracked 
|1549|0x0000000720d00000, 0x0000000720d00000, 0x0000000720e00000|  0%| F|  |TAMS 0x0000000720d00000, 0x0000000720d00000| Untracked 
|1550|0x0000000720e00000, 0x0000000720e00000, 0x0000000720f00000|  0%| F|  |TAMS 0x0000000720e00000, 0x0000000720e00000| Untracked 
|1551|0x0000000720f00000, 0x0000000720f00000, 0x0000000721000000|  0%| F|  |TAMS 0x0000000720f00000, 0x0000000720f00000| Untracked 
|1552|0x0000000721000000, 0x0000000721000000, 0x0000000721100000|  0%| F|  |TAMS 0x0000000721000000, 0x0000000721000000| Untracked 
|1553|0x0000000721100000, 0x0000000721100000, 0x0000000721200000|  0%| F|  |TAMS 0x0000000721100000, 0x0000000721100000| Untracked 
|1554|0x0000000721200000, 0x0000000721200000, 0x0000000721300000|  0%| F|  |TAMS 0x0000000721200000, 0x0000000721200000| Untracked 
|1555|0x0000000721300000, 0x0000000721300000, 0x0000000721400000|  0%| F|  |TAMS 0x0000000721300000, 0x0000000721300000| Untracked 
|1556|0x0000000721400000, 0x0000000721400000, 0x0000000721500000|  0%| F|  |TAMS 0x0000000721400000, 0x0000000721400000| Untracked 
|1557|0x0000000721500000, 0x0000000721500000, 0x0000000721600000|  0%| F|  |TAMS 0x0000000721500000, 0x0000000721500000| Untracked 
|1558|0x0000000721600000, 0x0000000721600000, 0x0000000721700000|  0%| F|  |TAMS 0x0000000721600000, 0x0000000721600000| Untracked 
|1559|0x0000000721700000, 0x0000000721700000, 0x0000000721800000|  0%| F|  |TAMS 0x0000000721700000, 0x0000000721700000| Untracked 
|1560|0x0000000721800000, 0x0000000721800000, 0x0000000721900000|  0%| F|  |TAMS 0x0000000721800000, 0x0000000721800000| Untracked 
|1561|0x0000000721900000, 0x0000000721900000, 0x0000000721a00000|  0%| F|  |TAMS 0x0000000721900000, 0x0000000721900000| Untracked 
|1562|0x0000000721a00000, 0x0000000721a00000, 0x0000000721b00000|  0%| F|  |TAMS 0x0000000721a00000, 0x0000000721a00000| Untracked 
|1563|0x0000000721b00000, 0x0000000721b00000, 0x0000000721c00000|  0%| F|  |TAMS 0x0000000721b00000, 0x0000000721b00000| Untracked 
|1564|0x0000000721c00000, 0x0000000721c00000, 0x0000000721d00000|  0%| F|  |TAMS 0x0000000721c00000, 0x0000000721c00000| Untracked 
|1565|0x0000000721d00000, 0x0000000721d00000, 0x0000000721e00000|  0%| F|  |TAMS 0x0000000721d00000, 0x0000000721d00000| Untracked 
|1566|0x0000000721e00000, 0x0000000721e00000, 0x0000000721f00000|  0%| F|  |TAMS 0x0000000721e00000, 0x0000000721e00000| Untracked 
|1567|0x0000000721f00000, 0x0000000721f00000, 0x0000000722000000|  0%| F|  |TAMS 0x0000000721f00000, 0x0000000721f00000| Untracked 
|1568|0x0000000722000000, 0x0000000722000000, 0x0000000722100000|  0%| F|  |TAMS 0x0000000722000000, 0x0000000722000000| Untracked 
|1569|0x0000000722100000, 0x0000000722100000, 0x0000000722200000|  0%| F|  |TAMS 0x0000000722100000, 0x0000000722100000| Untracked 
|1570|0x0000000722200000, 0x0000000722200000, 0x0000000722300000|  0%| F|  |TAMS 0x0000000722200000, 0x0000000722200000| Untracked 
|1571|0x0000000722300000, 0x0000000722300000, 0x0000000722400000|  0%| F|  |TAMS 0x0000000722300000, 0x0000000722300000| Untracked 
|1572|0x0000000722400000, 0x0000000722400000, 0x0000000722500000|  0%| F|  |TAMS 0x0000000722400000, 0x0000000722400000| Untracked 
|1573|0x0000000722500000, 0x0000000722500000, 0x0000000722600000|  0%| F|  |TAMS 0x0000000722500000, 0x0000000722500000| Untracked 
|1574|0x0000000722600000, 0x0000000722600000, 0x0000000722700000|  0%| F|  |TAMS 0x0000000722600000, 0x0000000722600000| Untracked 
|1575|0x0000000722700000, 0x0000000722700000, 0x0000000722800000|  0%| F|  |TAMS 0x0000000722700000, 0x0000000722700000| Untracked 
|1576|0x0000000722800000, 0x0000000722800000, 0x0000000722900000|  0%| F|  |TAMS 0x0000000722800000, 0x0000000722800000| Untracked 
|1577|0x0000000722900000, 0x0000000722900000, 0x0000000722a00000|  0%| F|  |TAMS 0x0000000722900000, 0x0000000722900000| Untracked 
|1578|0x0000000722a00000, 0x0000000722a00000, 0x0000000722b00000|  0%| F|  |TAMS 0x0000000722a00000, 0x0000000722a00000| Untracked 
|1579|0x0000000722b00000, 0x0000000722b00000, 0x0000000722c00000|  0%| F|  |TAMS 0x0000000722b00000, 0x0000000722b00000| Untracked 
|1580|0x0000000722c00000, 0x0000000722c00000, 0x0000000722d00000|  0%| F|  |TAMS 0x0000000722c00000, 0x0000000722c00000| Untracked 
|1581|0x0000000722d00000, 0x0000000722d00000, 0x0000000722e00000|  0%| F|  |TAMS 0x0000000722d00000, 0x0000000722d00000| Untracked 
|1582|0x0000000722e00000, 0x0000000722e00000, 0x0000000722f00000|  0%| F|  |TAMS 0x0000000722e00000, 0x0000000722e00000| Untracked 
|1583|0x0000000722f00000, 0x0000000722f00000, 0x0000000723000000|  0%| F|  |TAMS 0x0000000722f00000, 0x0000000722f00000| Untracked 
|1584|0x0000000723000000, 0x0000000723000000, 0x0000000723100000|  0%| F|  |TAMS 0x0000000723000000, 0x0000000723000000| Untracked 
|1585|0x0000000723100000, 0x0000000723100000, 0x0000000723200000|  0%| F|  |TAMS 0x0000000723100000, 0x0000000723100000| Untracked 
|1586|0x0000000723200000, 0x0000000723200000, 0x0000000723300000|  0%| F|  |TAMS 0x0000000723200000, 0x0000000723200000| Untracked 
|1587|0x0000000723300000, 0x0000000723300000, 0x0000000723400000|  0%| F|  |TAMS 0x0000000723300000, 0x0000000723300000| Untracked 
|1588|0x0000000723400000, 0x0000000723400000, 0x0000000723500000|  0%| F|  |TAMS 0x0000000723400000, 0x0000000723400000| Untracked 
|1589|0x0000000723500000, 0x0000000723500000, 0x0000000723600000|  0%| F|  |TAMS 0x0000000723500000, 0x0000000723500000| Untracked 
|1590|0x0000000723600000, 0x0000000723600000, 0x0000000723700000|  0%| F|  |TAMS 0x0000000723600000, 0x0000000723600000| Untracked 
|1591|0x0000000723700000, 0x0000000723700000, 0x0000000723800000|  0%| F|  |TAMS 0x0000000723700000, 0x0000000723700000| Untracked 
|1592|0x0000000723800000, 0x0000000723800000, 0x0000000723900000|  0%| F|  |TAMS 0x0000000723800000, 0x0000000723800000| Untracked 
|1593|0x0000000723900000, 0x0000000723900000, 0x0000000723a00000|  0%| F|  |TAMS 0x0000000723900000, 0x0000000723900000| Untracked 
|1594|0x0000000723a00000, 0x0000000723a00000, 0x0000000723b00000|  0%| F|  |TAMS 0x0000000723a00000, 0x0000000723a00000| Untracked 
|1595|0x0000000723b00000, 0x0000000723b00000, 0x0000000723c00000|  0%| F|  |TAMS 0x0000000723b00000, 0x0000000723b00000| Untracked 
|1596|0x0000000723c00000, 0x0000000723c00000, 0x0000000723d00000|  0%| F|  |TAMS 0x0000000723c00000, 0x0000000723c00000| Untracked 
|1597|0x0000000723d00000, 0x0000000723d00000, 0x0000000723e00000|  0%| F|  |TAMS 0x0000000723d00000, 0x0000000723d00000| Untracked 
|1598|0x0000000723e00000, 0x0000000723e00000, 0x0000000723f00000|  0%| F|  |TAMS 0x0000000723e00000, 0x0000000723e00000| Untracked 
|1599|0x0000000723f00000, 0x0000000723f00000, 0x0000000724000000|  0%| F|  |TAMS 0x0000000723f00000, 0x0000000723f00000| Untracked 
|1600|0x0000000724000000, 0x0000000724000000, 0x0000000724100000|  0%| F|  |TAMS 0x0000000724000000, 0x0000000724000000| Untracked 
|1601|0x0000000724100000, 0x0000000724100000, 0x0000000724200000|  0%| F|  |TAMS 0x0000000724100000, 0x0000000724100000| Untracked 
|1602|0x0000000724200000, 0x0000000724200000, 0x0000000724300000|  0%| F|  |TAMS 0x0000000724200000, 0x0000000724200000| Untracked 
|1603|0x0000000724300000, 0x0000000724300000, 0x0000000724400000|  0%| F|  |TAMS 0x0000000724300000, 0x0000000724300000| Untracked 
|1604|0x0000000724400000, 0x0000000724400000, 0x0000000724500000|  0%| F|  |TAMS 0x0000000724400000, 0x0000000724400000| Untracked 
|1605|0x0000000724500000, 0x0000000724500000, 0x0000000724600000|  0%| F|  |TAMS 0x0000000724500000, 0x0000000724500000| Untracked 
|1606|0x0000000724600000, 0x0000000724600000, 0x0000000724700000|  0%| F|  |TAMS 0x0000000724600000, 0x0000000724600000| Untracked 
|1607|0x0000000724700000, 0x0000000724700000, 0x0000000724800000|  0%| F|  |TAMS 0x0000000724700000, 0x0000000724700000| Untracked 
|1608|0x0000000724800000, 0x0000000724800000, 0x0000000724900000|  0%| F|  |TAMS 0x0000000724800000, 0x0000000724800000| Untracked 
|1609|0x0000000724900000, 0x0000000724900000, 0x0000000724a00000|  0%| F|  |TAMS 0x0000000724900000, 0x0000000724900000| Untracked 
|1610|0x0000000724a00000, 0x0000000724a00000, 0x0000000724b00000|  0%| F|  |TAMS 0x0000000724a00000, 0x0000000724a00000| Untracked 
|1611|0x0000000724b00000, 0x0000000724b00000, 0x0000000724c00000|  0%| F|  |TAMS 0x0000000724b00000, 0x0000000724b00000| Untracked 
|1612|0x0000000724c00000, 0x0000000724c00000, 0x0000000724d00000|  0%| F|  |TAMS 0x0000000724c00000, 0x0000000724c00000| Untracked 
|1613|0x0000000724d00000, 0x0000000724d00000, 0x0000000724e00000|  0%| F|  |TAMS 0x0000000724d00000, 0x0000000724d00000| Untracked 
|1614|0x0000000724e00000, 0x0000000724e00000, 0x0000000724f00000|  0%| F|  |TAMS 0x0000000724e00000, 0x0000000724e00000| Untracked 
|1615|0x0000000724f00000, 0x0000000724f00000, 0x0000000725000000|  0%| F|  |TAMS 0x0000000724f00000, 0x0000000724f00000| Untracked 
|1616|0x0000000725000000, 0x0000000725000000, 0x0000000725100000|  0%| F|  |TAMS 0x0000000725000000, 0x0000000725000000| Untracked 
|1617|0x0000000725100000, 0x0000000725100000, 0x0000000725200000|  0%| F|  |TAMS 0x0000000725100000, 0x0000000725100000| Untracked 
|1618|0x0000000725200000, 0x0000000725200000, 0x0000000725300000|  0%| F|  |TAMS 0x0000000725200000, 0x0000000725200000| Untracked 
|1619|0x0000000725300000, 0x0000000725300000, 0x0000000725400000|  0%| F|  |TAMS 0x0000000725300000, 0x0000000725300000| Untracked 
|1620|0x0000000725400000, 0x0000000725400000, 0x0000000725500000|  0%| F|  |TAMS 0x0000000725400000, 0x0000000725400000| Untracked 
|1621|0x0000000725500000, 0x0000000725500000, 0x0000000725600000|  0%| F|  |TAMS 0x0000000725500000, 0x0000000725500000| Untracked 
|1622|0x0000000725600000, 0x0000000725600000, 0x0000000725700000|  0%| F|  |TAMS 0x0000000725600000, 0x0000000725600000| Untracked 
|1623|0x0000000725700000, 0x0000000725700000, 0x0000000725800000|  0%| F|  |TAMS 0x0000000725700000, 0x0000000725700000| Untracked 
|1624|0x0000000725800000, 0x0000000725800000, 0x0000000725900000|  0%| F|  |TAMS 0x0000000725800000, 0x0000000725800000| Untracked 
|1625|0x0000000725900000, 0x0000000725900000, 0x0000000725a00000|  0%| F|  |TAMS 0x0000000725900000, 0x0000000725900000| Untracked 
|1626|0x0000000725a00000, 0x0000000725a00000, 0x0000000725b00000|  0%| F|  |TAMS 0x0000000725a00000, 0x0000000725a00000| Untracked 
|1627|0x0000000725b00000, 0x0000000725b00000, 0x0000000725c00000|  0%| F|  |TAMS 0x0000000725b00000, 0x0000000725b00000| Untracked 
|1628|0x0000000725c00000, 0x0000000725c00000, 0x0000000725d00000|  0%| F|  |TAMS 0x0000000725c00000, 0x0000000725c00000| Untracked 
|1629|0x0000000725d00000, 0x0000000725d00000, 0x0000000725e00000|  0%| F|  |TAMS 0x0000000725d00000, 0x0000000725d00000| Untracked 
|1630|0x0000000725e00000, 0x0000000725e00000, 0x0000000725f00000|  0%| F|  |TAMS 0x0000000725e00000, 0x0000000725e00000| Untracked 
|1631|0x0000000725f00000, 0x0000000725f00000, 0x0000000726000000|  0%| F|  |TAMS 0x0000000725f00000, 0x0000000725f00000| Untracked 
|1632|0x0000000726000000, 0x0000000726000000, 0x0000000726100000|  0%| F|  |TAMS 0x0000000726000000, 0x0000000726000000| Untracked 
|1633|0x0000000726100000, 0x0000000726100000, 0x0000000726200000|  0%| F|  |TAMS 0x0000000726100000, 0x0000000726100000| Untracked 
|1634|0x0000000726200000, 0x0000000726200000, 0x0000000726300000|  0%| F|  |TAMS 0x0000000726200000, 0x0000000726200000| Untracked 
|1635|0x0000000726300000, 0x0000000726300000, 0x0000000726400000|  0%| F|  |TAMS 0x0000000726300000, 0x0000000726300000| Untracked 
|1636|0x0000000726400000, 0x0000000726400000, 0x0000000726500000|  0%| F|  |TAMS 0x0000000726400000, 0x0000000726400000| Untracked 
|1637|0x0000000726500000, 0x0000000726500000, 0x0000000726600000|  0%| F|  |TAMS 0x0000000726500000, 0x0000000726500000| Untracked 
|1638|0x0000000726600000, 0x0000000726600000, 0x0000000726700000|  0%| F|  |TAMS 0x0000000726600000, 0x0000000726600000| Untracked 
|1639|0x0000000726700000, 0x0000000726700000, 0x0000000726800000|  0%| F|  |TAMS 0x0000000726700000, 0x0000000726700000| Untracked 
|1640|0x0000000726800000, 0x0000000726800000, 0x0000000726900000|  0%| F|  |TAMS 0x0000000726800000, 0x0000000726800000| Untracked 
|1641|0x0000000726900000, 0x0000000726900000, 0x0000000726a00000|  0%| F|  |TAMS 0x0000000726900000, 0x0000000726900000| Untracked 
|1642|0x0000000726a00000, 0x0000000726a00000, 0x0000000726b00000|  0%| F|  |TAMS 0x0000000726a00000, 0x0000000726a00000| Untracked 
|1643|0x0000000726b00000, 0x0000000726b00000, 0x0000000726c00000|  0%| F|  |TAMS 0x0000000726b00000, 0x0000000726b00000| Untracked 
|1644|0x0000000726c00000, 0x0000000726c00000, 0x0000000726d00000|  0%| F|  |TAMS 0x0000000726c00000, 0x0000000726c00000| Untracked 
|1645|0x0000000726d00000, 0x0000000726d00000, 0x0000000726e00000|  0%| F|  |TAMS 0x0000000726d00000, 0x0000000726d00000| Untracked 
|1646|0x0000000726e00000, 0x0000000726e00000, 0x0000000726f00000|  0%| F|  |TAMS 0x0000000726e00000, 0x0000000726e00000| Untracked 
|1647|0x0000000726f00000, 0x0000000726f00000, 0x0000000727000000|  0%| F|  |TAMS 0x0000000726f00000, 0x0000000726f00000| Untracked 
|1648|0x0000000727000000, 0x0000000727000000, 0x0000000727100000|  0%| F|  |TAMS 0x0000000727000000, 0x0000000727000000| Untracked 
|1649|0x0000000727100000, 0x0000000727100000, 0x0000000727200000|  0%| F|  |TAMS 0x0000000727100000, 0x0000000727100000| Untracked 
|1650|0x0000000727200000, 0x0000000727200000, 0x0000000727300000|  0%| F|  |TAMS 0x0000000727200000, 0x0000000727200000| Untracked 
|1651|0x0000000727300000, 0x0000000727300000, 0x0000000727400000|  0%| F|  |TAMS 0x0000000727300000, 0x0000000727300000| Untracked 
|1652|0x0000000727400000, 0x0000000727400000, 0x0000000727500000|  0%| F|  |TAMS 0x0000000727400000, 0x0000000727400000| Untracked 
|1653|0x0000000727500000, 0x0000000727500000, 0x0000000727600000|  0%| F|  |TAMS 0x0000000727500000, 0x0000000727500000| Untracked 
|1654|0x0000000727600000, 0x0000000727600000, 0x0000000727700000|  0%| F|  |TAMS 0x0000000727600000, 0x0000000727600000| Untracked 
|1655|0x0000000727700000, 0x0000000727700000, 0x0000000727800000|  0%| F|  |TAMS 0x0000000727700000, 0x0000000727700000| Untracked 
|1656|0x0000000727800000, 0x0000000727800000, 0x0000000727900000|  0%| F|  |TAMS 0x0000000727800000, 0x0000000727800000| Untracked 
|1657|0x0000000727900000, 0x0000000727900000, 0x0000000727a00000|  0%| F|  |TAMS 0x0000000727900000, 0x0000000727900000| Untracked 
|1658|0x0000000727a00000, 0x0000000727a00000, 0x0000000727b00000|  0%| F|  |TAMS 0x0000000727a00000, 0x0000000727a00000| Untracked 
|1659|0x0000000727b00000, 0x0000000727b00000, 0x0000000727c00000|  0%| F|  |TAMS 0x0000000727b00000, 0x0000000727b00000| Untracked 
|1660|0x0000000727c00000, 0x0000000727c00000, 0x0000000727d00000|  0%| F|  |TAMS 0x0000000727c00000, 0x0000000727c00000| Untracked 
|1661|0x0000000727d00000, 0x0000000727d00000, 0x0000000727e00000|  0%| F|  |TAMS 0x0000000727d00000, 0x0000000727d00000| Untracked 
|1662|0x0000000727e00000, 0x0000000727e00000, 0x0000000727f00000|  0%| F|  |TAMS 0x0000000727e00000, 0x0000000727e00000| Untracked 
|1663|0x0000000727f00000, 0x0000000727f00000, 0x0000000728000000|  0%| F|  |TAMS 0x0000000727f00000, 0x0000000727f00000| Untracked 
|1664|0x0000000728000000, 0x0000000728000000, 0x0000000728100000|  0%| F|  |TAMS 0x0000000728000000, 0x0000000728000000| Untracked 
|1665|0x0000000728100000, 0x0000000728100000, 0x0000000728200000|  0%| F|  |TAMS 0x0000000728100000, 0x0000000728100000| Untracked 
|1666|0x0000000728200000, 0x0000000728200000, 0x0000000728300000|  0%| F|  |TAMS 0x0000000728200000, 0x0000000728200000| Untracked 
|1667|0x0000000728300000, 0x0000000728300000, 0x0000000728400000|  0%| F|  |TAMS 0x0000000728300000, 0x0000000728300000| Untracked 
|1668|0x0000000728400000, 0x0000000728400000, 0x0000000728500000|  0%| F|  |TAMS 0x0000000728400000, 0x0000000728400000| Untracked 
|1669|0x0000000728500000, 0x0000000728500000, 0x0000000728600000|  0%| F|  |TAMS 0x0000000728500000, 0x0000000728500000| Untracked 
|1670|0x0000000728600000, 0x0000000728600000, 0x0000000728700000|  0%| F|  |TAMS 0x0000000728600000, 0x0000000728600000| Untracked 
|1671|0x0000000728700000, 0x0000000728700000, 0x0000000728800000|  0%| F|  |TAMS 0x0000000728700000, 0x0000000728700000| Untracked 
|1672|0x0000000728800000, 0x0000000728800000, 0x0000000728900000|  0%| F|  |TAMS 0x0000000728800000, 0x0000000728800000| Untracked 
|1673|0x0000000728900000, 0x0000000728900000, 0x0000000728a00000|  0%| F|  |TAMS 0x0000000728900000, 0x0000000728900000| Untracked 
|1674|0x0000000728a00000, 0x0000000728a00000, 0x0000000728b00000|  0%| F|  |TAMS 0x0000000728a00000, 0x0000000728a00000| Untracked 
|1675|0x0000000728b00000, 0x0000000728b00000, 0x0000000728c00000|  0%| F|  |TAMS 0x0000000728b00000, 0x0000000728b00000| Untracked 
|1676|0x0000000728c00000, 0x0000000728c00000, 0x0000000728d00000|  0%| F|  |TAMS 0x0000000728c00000, 0x0000000728c00000| Untracked 
|1677|0x0000000728d00000, 0x0000000728d00000, 0x0000000728e00000|  0%| F|  |TAMS 0x0000000728d00000, 0x0000000728d00000| Untracked 
|1678|0x0000000728e00000, 0x0000000728e00000, 0x0000000728f00000|  0%| F|  |TAMS 0x0000000728e00000, 0x0000000728e00000| Untracked 
|1679|0x0000000728f00000, 0x0000000728f00000, 0x0000000729000000|  0%| F|  |TAMS 0x0000000728f00000, 0x0000000728f00000| Untracked 
|1680|0x0000000729000000, 0x0000000729000000, 0x0000000729100000|  0%| F|  |TAMS 0x0000000729000000, 0x0000000729000000| Untracked 
|1681|0x0000000729100000, 0x0000000729100000, 0x0000000729200000|  0%| F|  |TAMS 0x0000000729100000, 0x0000000729100000| Untracked 
|1682|0x0000000729200000, 0x0000000729200000, 0x0000000729300000|  0%| F|  |TAMS 0x0000000729200000, 0x0000000729200000| Untracked 
|1683|0x0000000729300000, 0x0000000729300000, 0x0000000729400000|  0%| F|  |TAMS 0x0000000729300000, 0x0000000729300000| Untracked 
|1684|0x0000000729400000, 0x0000000729400000, 0x0000000729500000|  0%| F|  |TAMS 0x0000000729400000, 0x0000000729400000| Untracked 
|1685|0x0000000729500000, 0x0000000729500000, 0x0000000729600000|  0%| F|  |TAMS 0x0000000729500000, 0x0000000729500000| Untracked 
|1686|0x0000000729600000, 0x0000000729600000, 0x0000000729700000|  0%| F|  |TAMS 0x0000000729600000, 0x0000000729600000| Untracked 
|1687|0x0000000729700000, 0x0000000729700000, 0x0000000729800000|  0%| F|  |TAMS 0x0000000729700000, 0x0000000729700000| Untracked 
|1688|0x0000000729800000, 0x0000000729800000, 0x0000000729900000|  0%| F|  |TAMS 0x0000000729800000, 0x0000000729800000| Untracked 
|1689|0x0000000729900000, 0x0000000729900000, 0x0000000729a00000|  0%| F|  |TAMS 0x0000000729900000, 0x0000000729900000| Untracked 
|1690|0x0000000729a00000, 0x0000000729a00000, 0x0000000729b00000|  0%| F|  |TAMS 0x0000000729a00000, 0x0000000729a00000| Untracked 
|1691|0x0000000729b00000, 0x0000000729b00000, 0x0000000729c00000|  0%| F|  |TAMS 0x0000000729b00000, 0x0000000729b00000| Untracked 
|1692|0x0000000729c00000, 0x0000000729c00000, 0x0000000729d00000|  0%| F|  |TAMS 0x0000000729c00000, 0x0000000729c00000| Untracked 
|1693|0x0000000729d00000, 0x0000000729d00000, 0x0000000729e00000|  0%| F|  |TAMS 0x0000000729d00000, 0x0000000729d00000| Untracked 
|1694|0x0000000729e00000, 0x0000000729e00000, 0x0000000729f00000|  0%| F|  |TAMS 0x0000000729e00000, 0x0000000729e00000| Untracked 
|1695|0x0000000729f00000, 0x0000000729f00000, 0x000000072a000000|  0%| F|  |TAMS 0x0000000729f00000, 0x0000000729f00000| Untracked 
|1696|0x000000072a000000, 0x000000072a000000, 0x000000072a100000|  0%| F|  |TAMS 0x000000072a000000, 0x000000072a000000| Untracked 
|1697|0x000000072a100000, 0x000000072a100000, 0x000000072a200000|  0%| F|  |TAMS 0x000000072a100000, 0x000000072a100000| Untracked 
|1698|0x000000072a200000, 0x000000072a200000, 0x000000072a300000|  0%| F|  |TAMS 0x000000072a200000, 0x000000072a200000| Untracked 
|1699|0x000000072a300000, 0x000000072a300000, 0x000000072a400000|  0%| F|  |TAMS 0x000000072a300000, 0x000000072a300000| Untracked 
|1700|0x000000072a400000, 0x000000072a400000, 0x000000072a500000|  0%| F|  |TAMS 0x000000072a400000, 0x000000072a400000| Untracked 
|1701|0x000000072a500000, 0x000000072a500000, 0x000000072a600000|  0%| F|  |TAMS 0x000000072a500000, 0x000000072a500000| Untracked 
|1702|0x000000072a600000, 0x000000072a600000, 0x000000072a700000|  0%| F|  |TAMS 0x000000072a600000, 0x000000072a600000| Untracked 
|1703|0x000000072a700000, 0x000000072a700000, 0x000000072a800000|  0%| F|  |TAMS 0x000000072a700000, 0x000000072a700000| Untracked 
|1704|0x000000072a800000, 0x000000072a800000, 0x000000072a900000|  0%| F|  |TAMS 0x000000072a800000, 0x000000072a800000| Untracked 
|1705|0x000000072a900000, 0x000000072a900000, 0x000000072aa00000|  0%| F|  |TAMS 0x000000072a900000, 0x000000072a900000| Untracked 
|1706|0x000000072aa00000, 0x000000072aa00000, 0x000000072ab00000|  0%| F|  |TAMS 0x000000072aa00000, 0x000000072aa00000| Untracked 
|1707|0x000000072ab00000, 0x000000072ab00000, 0x000000072ac00000|  0%| F|  |TAMS 0x000000072ab00000, 0x000000072ab00000| Untracked 
|1708|0x000000072ac00000, 0x000000072ac00000, 0x000000072ad00000|  0%| F|  |TAMS 0x000000072ac00000, 0x000000072ac00000| Untracked 
|1709|0x000000072ad00000, 0x000000072ad00000, 0x000000072ae00000|  0%| F|  |TAMS 0x000000072ad00000, 0x000000072ad00000| Untracked 
|1710|0x000000072ae00000, 0x000000072ae00000, 0x000000072af00000|  0%| F|  |TAMS 0x000000072ae00000, 0x000000072ae00000| Untracked 
|1711|0x000000072af00000, 0x000000072af00000, 0x000000072b000000|  0%| F|  |TAMS 0x000000072af00000, 0x000000072af00000| Untracked 
|1712|0x000000072b000000, 0x000000072b000000, 0x000000072b100000|  0%| F|  |TAMS 0x000000072b000000, 0x000000072b000000| Untracked 
|1713|0x000000072b100000, 0x000000072b100000, 0x000000072b200000|  0%| F|  |TAMS 0x000000072b100000, 0x000000072b100000| Untracked 
|1714|0x000000072b200000, 0x000000072b200000, 0x000000072b300000|  0%| F|  |TAMS 0x000000072b200000, 0x000000072b200000| Untracked 
|1715|0x000000072b300000, 0x000000072b300000, 0x000000072b400000|  0%| F|  |TAMS 0x000000072b300000, 0x000000072b300000| Untracked 
|1716|0x000000072b400000, 0x000000072b400000, 0x000000072b500000|  0%| F|  |TAMS 0x000000072b400000, 0x000000072b400000| Untracked 
|1717|0x000000072b500000, 0x000000072b500000, 0x000000072b600000|  0%| F|  |TAMS 0x000000072b500000, 0x000000072b500000| Untracked 
|1718|0x000000072b600000, 0x000000072b600000, 0x000000072b700000|  0%| F|  |TAMS 0x000000072b600000, 0x000000072b600000| Untracked 
|1719|0x000000072b700000, 0x000000072b700000, 0x000000072b800000|  0%| F|  |TAMS 0x000000072b700000, 0x000000072b700000| Untracked 
|1720|0x000000072b800000, 0x000000072b800000, 0x000000072b900000|  0%| F|  |TAMS 0x000000072b800000, 0x000000072b800000| Untracked 
|1721|0x000000072b900000, 0x000000072b900000, 0x000000072ba00000|  0%| F|  |TAMS 0x000000072b900000, 0x000000072b900000| Untracked 
|1722|0x000000072ba00000, 0x000000072ba00000, 0x000000072bb00000|  0%| F|  |TAMS 0x000000072ba00000, 0x000000072ba00000| Untracked 
|1723|0x000000072bb00000, 0x000000072bb00000, 0x000000072bc00000|  0%| F|  |TAMS 0x000000072bb00000, 0x000000072bb00000| Untracked 
|1724|0x000000072bc00000, 0x000000072bc00000, 0x000000072bd00000|  0%| F|  |TAMS 0x000000072bc00000, 0x000000072bc00000| Untracked 
|1725|0x000000072bd00000, 0x000000072bd00000, 0x000000072be00000|  0%| F|  |TAMS 0x000000072bd00000, 0x000000072bd00000| Untracked 
|1726|0x000000072be00000, 0x000000072be00000, 0x000000072bf00000|  0%| F|  |TAMS 0x000000072be00000, 0x000000072be00000| Untracked 
|1727|0x000000072bf00000, 0x000000072bf00000, 0x000000072c000000|  0%| F|  |TAMS 0x000000072bf00000, 0x000000072bf00000| Untracked 
|1728|0x000000072c000000, 0x000000072c000000, 0x000000072c100000|  0%| F|  |TAMS 0x000000072c000000, 0x000000072c000000| Untracked 
|1729|0x000000072c100000, 0x000000072c100000, 0x000000072c200000|  0%| F|  |TAMS 0x000000072c100000, 0x000000072c100000| Untracked 
|1730|0x000000072c200000, 0x000000072c200000, 0x000000072c300000|  0%| F|  |TAMS 0x000000072c200000, 0x000000072c200000| Untracked 
|1731|0x000000072c300000, 0x000000072c300000, 0x000000072c400000|  0%| F|  |TAMS 0x000000072c300000, 0x000000072c300000| Untracked 
|1732|0x000000072c400000, 0x000000072c400000, 0x000000072c500000|  0%| F|  |TAMS 0x000000072c400000, 0x000000072c400000| Untracked 
|1733|0x000000072c500000, 0x000000072c500000, 0x000000072c600000|  0%| F|  |TAMS 0x000000072c500000, 0x000000072c500000| Untracked 
|1734|0x000000072c600000, 0x000000072c600000, 0x000000072c700000|  0%| F|  |TAMS 0x000000072c600000, 0x000000072c600000| Untracked 
|1735|0x000000072c700000, 0x000000072c700000, 0x000000072c800000|  0%| F|  |TAMS 0x000000072c700000, 0x000000072c700000| Untracked 
|1736|0x000000072c800000, 0x000000072c800000, 0x000000072c900000|  0%| F|  |TAMS 0x000000072c800000, 0x000000072c800000| Untracked 
|1737|0x000000072c900000, 0x000000072c900000, 0x000000072ca00000|  0%| F|  |TAMS 0x000000072c900000, 0x000000072c900000| Untracked 
|1738|0x000000072ca00000, 0x000000072ca00000, 0x000000072cb00000|  0%| F|  |TAMS 0x000000072ca00000, 0x000000072ca00000| Untracked 
|1739|0x000000072cb00000, 0x000000072cb00000, 0x000000072cc00000|  0%| F|  |TAMS 0x000000072cb00000, 0x000000072cb00000| Untracked 
|1740|0x000000072cc00000, 0x000000072cc00000, 0x000000072cd00000|  0%| F|  |TAMS 0x000000072cc00000, 0x000000072cc00000| Untracked 
|1741|0x000000072cd00000, 0x000000072cd00000, 0x000000072ce00000|  0%| F|  |TAMS 0x000000072cd00000, 0x000000072cd00000| Untracked 
|1742|0x000000072ce00000, 0x000000072ce00000, 0x000000072cf00000|  0%| F|  |TAMS 0x000000072ce00000, 0x000000072ce00000| Untracked 
|1743|0x000000072cf00000, 0x000000072cf00000, 0x000000072d000000|  0%| F|  |TAMS 0x000000072cf00000, 0x000000072cf00000| Untracked 
|1744|0x000000072d000000, 0x000000072d000000, 0x000000072d100000|  0%| F|  |TAMS 0x000000072d000000, 0x000000072d000000| Untracked 
|1745|0x000000072d100000, 0x000000072d100000, 0x000000072d200000|  0%| F|  |TAMS 0x000000072d100000, 0x000000072d100000| Untracked 
|1746|0x000000072d200000, 0x000000072d200000, 0x000000072d300000|  0%| F|  |TAMS 0x000000072d200000, 0x000000072d200000| Untracked 
|1747|0x000000072d300000, 0x000000072d300000, 0x000000072d400000|  0%| F|  |TAMS 0x000000072d300000, 0x000000072d300000| Untracked 
|1748|0x000000072d400000, 0x000000072d400000, 0x000000072d500000|  0%| F|  |TAMS 0x000000072d400000, 0x000000072d400000| Untracked 
|1749|0x000000072d500000, 0x000000072d500000, 0x000000072d600000|  0%| F|  |TAMS 0x000000072d500000, 0x000000072d500000| Untracked 
|1750|0x000000072d600000, 0x000000072d600000, 0x000000072d700000|  0%| F|  |TAMS 0x000000072d600000, 0x000000072d600000| Untracked 
|1751|0x000000072d700000, 0x000000072d700000, 0x000000072d800000|  0%| F|  |TAMS 0x000000072d700000, 0x000000072d700000| Untracked 
|1752|0x000000072d800000, 0x000000072d800000, 0x000000072d900000|  0%| F|  |TAMS 0x000000072d800000, 0x000000072d800000| Untracked 
|1753|0x000000072d900000, 0x000000072d900000, 0x000000072da00000|  0%| F|  |TAMS 0x000000072d900000, 0x000000072d900000| Untracked 
|1754|0x000000072da00000, 0x000000072da00000, 0x000000072db00000|  0%| F|  |TAMS 0x000000072da00000, 0x000000072da00000| Untracked 
|1755|0x000000072db00000, 0x000000072db00000, 0x000000072dc00000|  0%| F|  |TAMS 0x000000072db00000, 0x000000072db00000| Untracked 
|1756|0x000000072dc00000, 0x000000072dc00000, 0x000000072dd00000|  0%| F|  |TAMS 0x000000072dc00000, 0x000000072dc00000| Untracked 
|1757|0x000000072dd00000, 0x000000072dd00000, 0x000000072de00000|  0%| F|  |TAMS 0x000000072dd00000, 0x000000072dd00000| Untracked 
|1758|0x000000072de00000, 0x000000072de00000, 0x000000072df00000|  0%| F|  |TAMS 0x000000072de00000, 0x000000072de00000| Untracked 
|1759|0x000000072df00000, 0x000000072df00000, 0x000000072e000000|  0%| F|  |TAMS 0x000000072df00000, 0x000000072df00000| Untracked 
|1760|0x000000072e000000, 0x000000072e000000, 0x000000072e100000|  0%| F|  |TAMS 0x000000072e000000, 0x000000072e000000| Untracked 
|1761|0x000000072e100000, 0x000000072e100000, 0x000000072e200000|  0%| F|  |TAMS 0x000000072e100000, 0x000000072e100000| Untracked 
|1762|0x000000072e200000, 0x000000072e200000, 0x000000072e300000|  0%| F|  |TAMS 0x000000072e200000, 0x000000072e200000| Untracked 
|1763|0x000000072e300000, 0x000000072e300000, 0x000000072e400000|  0%| F|  |TAMS 0x000000072e300000, 0x000000072e300000| Untracked 
|1764|0x000000072e400000, 0x000000072e400000, 0x000000072e500000|  0%| F|  |TAMS 0x000000072e400000, 0x000000072e400000| Untracked 
|1765|0x000000072e500000, 0x000000072e500000, 0x000000072e600000|  0%| F|  |TAMS 0x000000072e500000, 0x000000072e500000| Untracked 
|1766|0x000000072e600000, 0x000000072e600000, 0x000000072e700000|  0%| F|  |TAMS 0x000000072e600000, 0x000000072e600000| Untracked 
|1767|0x000000072e700000, 0x000000072e700000, 0x000000072e800000|  0%| F|  |TAMS 0x000000072e700000, 0x000000072e700000| Untracked 
|1768|0x000000072e800000, 0x000000072e800000, 0x000000072e900000|  0%| F|  |TAMS 0x000000072e800000, 0x000000072e800000| Untracked 
|1769|0x000000072e900000, 0x000000072e900000, 0x000000072ea00000|  0%| F|  |TAMS 0x000000072e900000, 0x000000072e900000| Untracked 
|1770|0x000000072ea00000, 0x000000072ea00000, 0x000000072eb00000|  0%| F|  |TAMS 0x000000072ea00000, 0x000000072ea00000| Untracked 
|1771|0x000000072eb00000, 0x000000072eb00000, 0x000000072ec00000|  0%| F|  |TAMS 0x000000072eb00000, 0x000000072eb00000| Untracked 
|1772|0x000000072ec00000, 0x000000072ec00000, 0x000000072ed00000|  0%| F|  |TAMS 0x000000072ec00000, 0x000000072ec00000| Untracked 
|1773|0x000000072ed00000, 0x000000072ed00000, 0x000000072ee00000|  0%| F|  |TAMS 0x000000072ed00000, 0x000000072ed00000| Untracked 
|1774|0x000000072ee00000, 0x000000072ee00000, 0x000000072ef00000|  0%| F|  |TAMS 0x000000072ee00000, 0x000000072ee00000| Untracked 
|1775|0x000000072ef00000, 0x000000072ef00000, 0x000000072f000000|  0%| F|  |TAMS 0x000000072ef00000, 0x000000072ef00000| Untracked 
|1776|0x000000072f000000, 0x000000072f000000, 0x000000072f100000|  0%| F|  |TAMS 0x000000072f000000, 0x000000072f000000| Untracked 
|1777|0x000000072f100000, 0x000000072f100000, 0x000000072f200000|  0%| F|  |TAMS 0x000000072f100000, 0x000000072f100000| Untracked 
|1778|0x000000072f200000, 0x000000072f200000, 0x000000072f300000|  0%| F|  |TAMS 0x000000072f200000, 0x000000072f200000| Untracked 
|1779|0x000000072f300000, 0x000000072f300000, 0x000000072f400000|  0%| F|  |TAMS 0x000000072f300000, 0x000000072f300000| Untracked 
|1780|0x000000072f400000, 0x000000072f400000, 0x000000072f500000|  0%| F|  |TAMS 0x000000072f400000, 0x000000072f400000| Untracked 
|1781|0x000000072f500000, 0x000000072f500000, 0x000000072f600000|  0%| F|  |TAMS 0x000000072f500000, 0x000000072f500000| Untracked 
|1782|0x000000072f600000, 0x000000072f600000, 0x000000072f700000|  0%| F|  |TAMS 0x000000072f600000, 0x000000072f600000| Untracked 
|1783|0x000000072f700000, 0x000000072f700000, 0x000000072f800000|  0%| F|  |TAMS 0x000000072f700000, 0x000000072f700000| Untracked 
|1784|0x000000072f800000, 0x000000072f800000, 0x000000072f900000|  0%| F|  |TAMS 0x000000072f800000, 0x000000072f800000| Untracked 
|1785|0x000000072f900000, 0x000000072f900000, 0x000000072fa00000|  0%| F|  |TAMS 0x000000072f900000, 0x000000072f900000| Untracked 
|1786|0x000000072fa00000, 0x000000072fa00000, 0x000000072fb00000|  0%| F|  |TAMS 0x000000072fa00000, 0x000000072fa00000| Untracked 
|1787|0x000000072fb00000, 0x000000072fb00000, 0x000000072fc00000|  0%| F|  |TAMS 0x000000072fb00000, 0x000000072fb00000| Untracked 
|1788|0x000000072fc00000, 0x000000072fc00000, 0x000000072fd00000|  0%| F|  |TAMS 0x000000072fc00000, 0x000000072fc00000| Untracked 
|1789|0x000000072fd00000, 0x000000072fd00000, 0x000000072fe00000|  0%| F|  |TAMS 0x000000072fd00000, 0x000000072fd00000| Untracked 
|1790|0x000000072fe00000, 0x000000072fe00000, 0x000000072ff00000|  0%| F|  |TAMS 0x000000072fe00000, 0x000000072fe00000| Untracked 
|1791|0x000000072ff00000, 0x000000072ff00000, 0x0000000730000000|  0%| F|  |TAMS 0x000000072ff00000, 0x000000072ff00000| Untracked 
|1792|0x0000000730000000, 0x0000000730000000, 0x0000000730100000|  0%| F|  |TAMS 0x0000000730000000, 0x0000000730000000| Untracked 
|1793|0x0000000730100000, 0x0000000730100000, 0x0000000730200000|  0%| F|  |TAMS 0x0000000730100000, 0x0000000730100000| Untracked 
|1794|0x0000000730200000, 0x0000000730200000, 0x0000000730300000|  0%| F|  |TAMS 0x0000000730200000, 0x0000000730200000| Untracked 
|1795|0x0000000730300000, 0x0000000730300000, 0x0000000730400000|  0%| F|  |TAMS 0x0000000730300000, 0x0000000730300000| Untracked 
|1796|0x0000000730400000, 0x0000000730400000, 0x0000000730500000|  0%| F|  |TAMS 0x0000000730400000, 0x0000000730400000| Untracked 
|1797|0x0000000730500000, 0x0000000730500000, 0x0000000730600000|  0%| F|  |TAMS 0x0000000730500000, 0x0000000730500000| Untracked 
|1798|0x0000000730600000, 0x0000000730600000, 0x0000000730700000|  0%| F|  |TAMS 0x0000000730600000, 0x0000000730600000| Untracked 
|1799|0x0000000730700000, 0x0000000730700000, 0x0000000730800000|  0%| F|  |TAMS 0x0000000730700000, 0x0000000730700000| Untracked 
|1800|0x0000000730800000, 0x0000000730800000, 0x0000000730900000|  0%| F|  |TAMS 0x0000000730800000, 0x0000000730800000| Untracked 
|1801|0x0000000730900000, 0x0000000730900000, 0x0000000730a00000|  0%| F|  |TAMS 0x0000000730900000, 0x0000000730900000| Untracked 
|1802|0x0000000730a00000, 0x0000000730a00000, 0x0000000730b00000|  0%| F|  |TAMS 0x0000000730a00000, 0x0000000730a00000| Untracked 
|1803|0x0000000730b00000, 0x0000000730b00000, 0x0000000730c00000|  0%| F|  |TAMS 0x0000000730b00000, 0x0000000730b00000| Untracked 
|1804|0x0000000730c00000, 0x0000000730c00000, 0x0000000730d00000|  0%| F|  |TAMS 0x0000000730c00000, 0x0000000730c00000| Untracked 
|1805|0x0000000730d00000, 0x0000000730d00000, 0x0000000730e00000|  0%| F|  |TAMS 0x0000000730d00000, 0x0000000730d00000| Untracked 
|1806|0x0000000730e00000, 0x0000000730e00000, 0x0000000730f00000|  0%| F|  |TAMS 0x0000000730e00000, 0x0000000730e00000| Untracked 
|1807|0x0000000730f00000, 0x0000000730f00000, 0x0000000731000000|  0%| F|  |TAMS 0x0000000730f00000, 0x0000000730f00000| Untracked 
|1808|0x0000000731000000, 0x0000000731000000, 0x0000000731100000|  0%| F|  |TAMS 0x0000000731000000, 0x0000000731000000| Untracked 
|1809|0x0000000731100000, 0x0000000731100000, 0x0000000731200000|  0%| F|  |TAMS 0x0000000731100000, 0x0000000731100000| Untracked 
|1810|0x0000000731200000, 0x0000000731200000, 0x0000000731300000|  0%| F|  |TAMS 0x0000000731200000, 0x0000000731200000| Untracked 
|1811|0x0000000731300000, 0x0000000731300000, 0x0000000731400000|  0%| F|  |TAMS 0x0000000731300000, 0x0000000731300000| Untracked 
|1812|0x0000000731400000, 0x0000000731400000, 0x0000000731500000|  0%| F|  |TAMS 0x0000000731400000, 0x0000000731400000| Untracked 
|1813|0x0000000731500000, 0x0000000731500000, 0x0000000731600000|  0%| F|  |TAMS 0x0000000731500000, 0x0000000731500000| Untracked 
|1814|0x0000000731600000, 0x0000000731600000, 0x0000000731700000|  0%| F|  |TAMS 0x0000000731600000, 0x0000000731600000| Untracked 
|1815|0x0000000731700000, 0x0000000731700000, 0x0000000731800000|  0%| F|  |TAMS 0x0000000731700000, 0x0000000731700000| Untracked 
|1816|0x0000000731800000, 0x0000000731800000, 0x0000000731900000|  0%| F|  |TAMS 0x0000000731800000, 0x0000000731800000| Untracked 
|1817|0x0000000731900000, 0x0000000731900000, 0x0000000731a00000|  0%| F|  |TAMS 0x0000000731900000, 0x0000000731900000| Untracked 
|1818|0x0000000731a00000, 0x0000000731a00000, 0x0000000731b00000|  0%| F|  |TAMS 0x0000000731a00000, 0x0000000731a00000| Untracked 
|1819|0x0000000731b00000, 0x0000000731b00000, 0x0000000731c00000|  0%| F|  |TAMS 0x0000000731b00000, 0x0000000731b00000| Untracked 
|1820|0x0000000731c00000, 0x0000000731c00000, 0x0000000731d00000|  0%| F|  |TAMS 0x0000000731c00000, 0x0000000731c00000| Untracked 
|1821|0x0000000731d00000, 0x0000000731d00000, 0x0000000731e00000|  0%| F|  |TAMS 0x0000000731d00000, 0x0000000731d00000| Untracked 
|1822|0x0000000731e00000, 0x0000000731e00000, 0x0000000731f00000|  0%| F|  |TAMS 0x0000000731e00000, 0x0000000731e00000| Untracked 
|1823|0x0000000731f00000, 0x0000000731f00000, 0x0000000732000000|  0%| F|  |TAMS 0x0000000731f00000, 0x0000000731f00000| Untracked 
|1824|0x0000000732000000, 0x0000000732000000, 0x0000000732100000|  0%| F|  |TAMS 0x0000000732000000, 0x0000000732000000| Untracked 
|1825|0x0000000732100000, 0x0000000732100000, 0x0000000732200000|  0%| F|  |TAMS 0x0000000732100000, 0x0000000732100000| Untracked 
|1826|0x0000000732200000, 0x0000000732200000, 0x0000000732300000|  0%| F|  |TAMS 0x0000000732200000, 0x0000000732200000| Untracked 
|1827|0x0000000732300000, 0x0000000732300000, 0x0000000732400000|  0%| F|  |TAMS 0x0000000732300000, 0x0000000732300000| Untracked 
|1828|0x0000000732400000, 0x0000000732400000, 0x0000000732500000|  0%| F|  |TAMS 0x0000000732400000, 0x0000000732400000| Untracked 
|1829|0x0000000732500000, 0x0000000732500000, 0x0000000732600000|  0%| F|  |TAMS 0x0000000732500000, 0x0000000732500000| Untracked 
|1830|0x0000000732600000, 0x0000000732600000, 0x0000000732700000|  0%| F|  |TAMS 0x0000000732600000, 0x0000000732600000| Untracked 
|1831|0x0000000732700000, 0x0000000732700000, 0x0000000732800000|  0%| F|  |TAMS 0x0000000732700000, 0x0000000732700000| Untracked 
|1832|0x0000000732800000, 0x0000000732800000, 0x0000000732900000|  0%| F|  |TAMS 0x0000000732800000, 0x0000000732800000| Untracked 
|1833|0x0000000732900000, 0x0000000732900000, 0x0000000732a00000|  0%| F|  |TAMS 0x0000000732900000, 0x0000000732900000| Untracked 
|1834|0x0000000732a00000, 0x0000000732a00000, 0x0000000732b00000|  0%| F|  |TAMS 0x0000000732a00000, 0x0000000732a00000| Untracked 
|1835|0x0000000732b00000, 0x0000000732b00000, 0x0000000732c00000|  0%| F|  |TAMS 0x0000000732b00000, 0x0000000732b00000| Untracked 
|1836|0x0000000732c00000, 0x0000000732c00000, 0x0000000732d00000|  0%| F|  |TAMS 0x0000000732c00000, 0x0000000732c00000| Untracked 
|1837|0x0000000732d00000, 0x0000000732d00000, 0x0000000732e00000|  0%| F|  |TAMS 0x0000000732d00000, 0x0000000732d00000| Untracked 
|1838|0x0000000732e00000, 0x0000000732e00000, 0x0000000732f00000|  0%| F|  |TAMS 0x0000000732e00000, 0x0000000732e00000| Untracked 
|1839|0x0000000732f00000, 0x0000000732f00000, 0x0000000733000000|  0%| F|  |TAMS 0x0000000732f00000, 0x0000000732f00000| Untracked 
|1840|0x0000000733000000, 0x0000000733000000, 0x0000000733100000|  0%| F|  |TAMS 0x0000000733000000, 0x0000000733000000| Untracked 
|1841|0x0000000733100000, 0x0000000733100000, 0x0000000733200000|  0%| F|  |TAMS 0x0000000733100000, 0x0000000733100000| Untracked 
|1842|0x0000000733200000, 0x0000000733200000, 0x0000000733300000|  0%| F|  |TAMS 0x0000000733200000, 0x0000000733200000| Untracked 
|1843|0x0000000733300000, 0x0000000733300000, 0x0000000733400000|  0%| F|  |TAMS 0x0000000733300000, 0x0000000733300000| Untracked 
|1844|0x0000000733400000, 0x0000000733400000, 0x0000000733500000|  0%| F|  |TAMS 0x0000000733400000, 0x0000000733400000| Untracked 
|1845|0x0000000733500000, 0x0000000733500000, 0x0000000733600000|  0%| F|  |TAMS 0x0000000733500000, 0x0000000733500000| Untracked 
|1846|0x0000000733600000, 0x0000000733600000, 0x0000000733700000|  0%| F|  |TAMS 0x0000000733600000, 0x0000000733600000| Untracked 
|1847|0x0000000733700000, 0x0000000733700000, 0x0000000733800000|  0%| F|  |TAMS 0x0000000733700000, 0x0000000733700000| Untracked 
|1848|0x0000000733800000, 0x0000000733800000, 0x0000000733900000|  0%| F|  |TAMS 0x0000000733800000, 0x0000000733800000| Untracked 
|1849|0x0000000733900000, 0x0000000733900000, 0x0000000733a00000|  0%| F|  |TAMS 0x0000000733900000, 0x0000000733900000| Untracked 
|1850|0x0000000733a00000, 0x0000000733a00000, 0x0000000733b00000|  0%| F|  |TAMS 0x0000000733a00000, 0x0000000733a00000| Untracked 
|1851|0x0000000733b00000, 0x0000000733b00000, 0x0000000733c00000|  0%| F|  |TAMS 0x0000000733b00000, 0x0000000733b00000| Untracked 
|1852|0x0000000733c00000, 0x0000000733c00000, 0x0000000733d00000|  0%| F|  |TAMS 0x0000000733c00000, 0x0000000733c00000| Untracked 
|1853|0x0000000733d00000, 0x0000000733d00000, 0x0000000733e00000|  0%| F|  |TAMS 0x0000000733d00000, 0x0000000733d00000| Untracked 
|1854|0x0000000733e00000, 0x0000000733e00000, 0x0000000733f00000|  0%| F|  |TAMS 0x0000000733e00000, 0x0000000733e00000| Untracked 
|1855|0x0000000733f00000, 0x0000000733f00000, 0x0000000734000000|  0%| F|  |TAMS 0x0000000733f00000, 0x0000000733f00000| Untracked 
|1856|0x0000000734000000, 0x0000000734000000, 0x0000000734100000|  0%| F|  |TAMS 0x0000000734000000, 0x0000000734000000| Untracked 
|1857|0x0000000734100000, 0x0000000734100000, 0x0000000734200000|  0%| F|  |TAMS 0x0000000734100000, 0x0000000734100000| Untracked 
|1858|0x0000000734200000, 0x0000000734200000, 0x0000000734300000|  0%| F|  |TAMS 0x0000000734200000, 0x0000000734200000| Untracked 
|1859|0x0000000734300000, 0x0000000734300000, 0x0000000734400000|  0%| F|  |TAMS 0x0000000734300000, 0x0000000734300000| Untracked 
|1860|0x0000000734400000, 0x0000000734400000, 0x0000000734500000|  0%| F|  |TAMS 0x0000000734400000, 0x0000000734400000| Untracked 
|1861|0x0000000734500000, 0x0000000734500000, 0x0000000734600000|  0%| F|  |TAMS 0x0000000734500000, 0x0000000734500000| Untracked 
|1862|0x0000000734600000, 0x0000000734600000, 0x0000000734700000|  0%| F|  |TAMS 0x0000000734600000, 0x0000000734600000| Untracked 
|1863|0x0000000734700000, 0x0000000734700000, 0x0000000734800000|  0%| F|  |TAMS 0x0000000734700000, 0x0000000734700000| Untracked 
|1864|0x0000000734800000, 0x0000000734800000, 0x0000000734900000|  0%| F|  |TAMS 0x0000000734800000, 0x0000000734800000| Untracked 
|1865|0x0000000734900000, 0x0000000734900000, 0x0000000734a00000|  0%| F|  |TAMS 0x0000000734900000, 0x0000000734900000| Untracked 
|1866|0x0000000734a00000, 0x0000000734a00000, 0x0000000734b00000|  0%| F|  |TAMS 0x0000000734a00000, 0x0000000734a00000| Untracked 
|1867|0x0000000734b00000, 0x0000000734b00000, 0x0000000734c00000|  0%| F|  |TAMS 0x0000000734b00000, 0x0000000734b00000| Untracked 
|1868|0x0000000734c00000, 0x0000000734c00000, 0x0000000734d00000|  0%| F|  |TAMS 0x0000000734c00000, 0x0000000734c00000| Untracked 
|1869|0x0000000734d00000, 0x0000000734d00000, 0x0000000734e00000|  0%| F|  |TAMS 0x0000000734d00000, 0x0000000734d00000| Untracked 
|1870|0x0000000734e00000, 0x0000000734e00000, 0x0000000734f00000|  0%| F|  |TAMS 0x0000000734e00000, 0x0000000734e00000| Untracked 
|1871|0x0000000734f00000, 0x0000000734f00000, 0x0000000735000000|  0%| F|  |TAMS 0x0000000734f00000, 0x0000000734f00000| Untracked 
|1872|0x0000000735000000, 0x0000000735000000, 0x0000000735100000|  0%| F|  |TAMS 0x0000000735000000, 0x0000000735000000| Untracked 
|1873|0x0000000735100000, 0x0000000735100000, 0x0000000735200000|  0%| F|  |TAMS 0x0000000735100000, 0x0000000735100000| Untracked 
|1874|0x0000000735200000, 0x0000000735200000, 0x0000000735300000|  0%| F|  |TAMS 0x0000000735200000, 0x0000000735200000| Untracked 
|1875|0x0000000735300000, 0x0000000735300000, 0x0000000735400000|  0%| F|  |TAMS 0x0000000735300000, 0x0000000735300000| Untracked 
|1876|0x0000000735400000, 0x0000000735400000, 0x0000000735500000|  0%| F|  |TAMS 0x0000000735400000, 0x0000000735400000| Untracked 
|1877|0x0000000735500000, 0x0000000735500000, 0x0000000735600000|  0%| F|  |TAMS 0x0000000735500000, 0x0000000735500000| Untracked 
|1878|0x0000000735600000, 0x0000000735600000, 0x0000000735700000|  0%| F|  |TAMS 0x0000000735600000, 0x0000000735600000| Untracked 
|1879|0x0000000735700000, 0x0000000735700000, 0x0000000735800000|  0%| F|  |TAMS 0x0000000735700000, 0x0000000735700000| Untracked 
|1880|0x0000000735800000, 0x0000000735800000, 0x0000000735900000|  0%| F|  |TAMS 0x0000000735800000, 0x0000000735800000| Untracked 
|1881|0x0000000735900000, 0x0000000735900000, 0x0000000735a00000|  0%| F|  |TAMS 0x0000000735900000, 0x0000000735900000| Untracked 
|1882|0x0000000735a00000, 0x0000000735a00000, 0x0000000735b00000|  0%| F|  |TAMS 0x0000000735a00000, 0x0000000735a00000| Untracked 
|1883|0x0000000735b00000, 0x0000000735b00000, 0x0000000735c00000|  0%| F|  |TAMS 0x0000000735b00000, 0x0000000735b00000| Untracked 
|1884|0x0000000735c00000, 0x0000000735c00000, 0x0000000735d00000|  0%| F|  |TAMS 0x0000000735c00000, 0x0000000735c00000| Untracked 
|1885|0x0000000735d00000, 0x0000000735d00000, 0x0000000735e00000|  0%| F|  |TAMS 0x0000000735d00000, 0x0000000735d00000| Untracked 
|1886|0x0000000735e00000, 0x0000000735e00000, 0x0000000735f00000|  0%| F|  |TAMS 0x0000000735e00000, 0x0000000735e00000| Untracked 
|1887|0x0000000735f00000, 0x0000000735f00000, 0x0000000736000000|  0%| F|  |TAMS 0x0000000735f00000, 0x0000000735f00000| Untracked 
|1888|0x0000000736000000, 0x0000000736000000, 0x0000000736100000|  0%| F|  |TAMS 0x0000000736000000, 0x0000000736000000| Untracked 
|1889|0x0000000736100000, 0x0000000736100000, 0x0000000736200000|  0%| F|  |TAMS 0x0000000736100000, 0x0000000736100000| Untracked 
|1890|0x0000000736200000, 0x0000000736200000, 0x0000000736300000|  0%| F|  |TAMS 0x0000000736200000, 0x0000000736200000| Untracked 
|1891|0x0000000736300000, 0x0000000736300000, 0x0000000736400000|  0%| F|  |TAMS 0x0000000736300000, 0x0000000736300000| Untracked 
|1892|0x0000000736400000, 0x0000000736400000, 0x0000000736500000|  0%| F|  |TAMS 0x0000000736400000, 0x0000000736400000| Untracked 
|1893|0x0000000736500000, 0x0000000736500000, 0x0000000736600000|  0%| F|  |TAMS 0x0000000736500000, 0x0000000736500000| Untracked 
|1894|0x0000000736600000, 0x0000000736600000, 0x0000000736700000|  0%| F|  |TAMS 0x0000000736600000, 0x0000000736600000| Untracked 
|1895|0x0000000736700000, 0x0000000736700000, 0x0000000736800000|  0%| F|  |TAMS 0x0000000736700000, 0x0000000736700000| Untracked 
|1896|0x0000000736800000, 0x0000000736800000, 0x0000000736900000|  0%| F|  |TAMS 0x0000000736800000, 0x0000000736800000| Untracked 
|1897|0x0000000736900000, 0x0000000736900000, 0x0000000736a00000|  0%| F|  |TAMS 0x0000000736900000, 0x0000000736900000| Untracked 
|1898|0x0000000736a00000, 0x0000000736a00000, 0x0000000736b00000|  0%| F|  |TAMS 0x0000000736a00000, 0x0000000736a00000| Untracked 
|1899|0x0000000736b00000, 0x0000000736b00000, 0x0000000736c00000|  0%| F|  |TAMS 0x0000000736b00000, 0x0000000736b00000| Untracked 
|1900|0x0000000736c00000, 0x0000000736c00000, 0x0000000736d00000|  0%| F|  |TAMS 0x0000000736c00000, 0x0000000736c00000| Untracked 
|1901|0x0000000736d00000, 0x0000000736d00000, 0x0000000736e00000|  0%| F|  |TAMS 0x0000000736d00000, 0x0000000736d00000| Untracked 
|1902|0x0000000736e00000, 0x0000000736e00000, 0x0000000736f00000|  0%| F|  |TAMS 0x0000000736e00000, 0x0000000736e00000| Untracked 
|1903|0x0000000736f00000, 0x0000000736f00000, 0x0000000737000000|  0%| F|  |TAMS 0x0000000736f00000, 0x0000000736f00000| Untracked 
|1904|0x0000000737000000, 0x0000000737000000, 0x0000000737100000|  0%| F|  |TAMS 0x0000000737000000, 0x0000000737000000| Untracked 
|1905|0x0000000737100000, 0x0000000737100000, 0x0000000737200000|  0%| F|  |TAMS 0x0000000737100000, 0x0000000737100000| Untracked 
|1906|0x0000000737200000, 0x0000000737200000, 0x0000000737300000|  0%| F|  |TAMS 0x0000000737200000, 0x0000000737200000| Untracked 
|1907|0x0000000737300000, 0x0000000737300000, 0x0000000737400000|  0%| F|  |TAMS 0x0000000737300000, 0x0000000737300000| Untracked 
|1908|0x0000000737400000, 0x0000000737400000, 0x0000000737500000|  0%| F|  |TAMS 0x0000000737400000, 0x0000000737400000| Untracked 
|1909|0x0000000737500000, 0x0000000737500000, 0x0000000737600000|  0%| F|  |TAMS 0x0000000737500000, 0x0000000737500000| Untracked 
|1910|0x0000000737600000, 0x0000000737600000, 0x0000000737700000|  0%| F|  |TAMS 0x0000000737600000, 0x0000000737600000| Untracked 
|1911|0x0000000737700000, 0x0000000737700000, 0x0000000737800000|  0%| F|  |TAMS 0x0000000737700000, 0x0000000737700000| Untracked 
|1912|0x0000000737800000, 0x0000000737800000, 0x0000000737900000|  0%| F|  |TAMS 0x0000000737800000, 0x0000000737800000| Untracked 
|1913|0x0000000737900000, 0x0000000737900000, 0x0000000737a00000|  0%| F|  |TAMS 0x0000000737900000, 0x0000000737900000| Untracked 
|1914|0x0000000737a00000, 0x0000000737a00000, 0x0000000737b00000|  0%| F|  |TAMS 0x0000000737a00000, 0x0000000737a00000| Untracked 
|1915|0x0000000737b00000, 0x0000000737b00000, 0x0000000737c00000|  0%| F|  |TAMS 0x0000000737b00000, 0x0000000737b00000| Untracked 
|1916|0x0000000737c00000, 0x0000000737c00000, 0x0000000737d00000|  0%| F|  |TAMS 0x0000000737c00000, 0x0000000737c00000| Untracked 
|1917|0x0000000737d00000, 0x0000000737d00000, 0x0000000737e00000|  0%| F|  |TAMS 0x0000000737d00000, 0x0000000737d00000| Untracked 
|1918|0x0000000737e00000, 0x0000000737e00000, 0x0000000737f00000|  0%| F|  |TAMS 0x0000000737e00000, 0x0000000737e00000| Untracked 
|1919|0x0000000737f00000, 0x0000000737f00000, 0x0000000738000000|  0%| F|  |TAMS 0x0000000737f00000, 0x0000000737f00000| Untracked 
|1920|0x0000000738000000, 0x0000000738000000, 0x0000000738100000|  0%| F|  |TAMS 0x0000000738000000, 0x0000000738000000| Untracked 
|1921|0x0000000738100000, 0x0000000738100000, 0x0000000738200000|  0%| F|  |TAMS 0x0000000738100000, 0x0000000738100000| Untracked 
|1922|0x0000000738200000, 0x0000000738200000, 0x0000000738300000|  0%| F|  |TAMS 0x0000000738200000, 0x0000000738200000| Untracked 
|1923|0x0000000738300000, 0x0000000738300000, 0x0000000738400000|  0%| F|  |TAMS 0x0000000738300000, 0x0000000738300000| Untracked 
|1924|0x0000000738400000, 0x0000000738400000, 0x0000000738500000|  0%| F|  |TAMS 0x0000000738400000, 0x0000000738400000| Untracked 
|1925|0x0000000738500000, 0x0000000738500000, 0x0000000738600000|  0%| F|  |TAMS 0x0000000738500000, 0x0000000738500000| Untracked 
|1926|0x0000000738600000, 0x0000000738600000, 0x0000000738700000|  0%| F|  |TAMS 0x0000000738600000, 0x0000000738600000| Untracked 
|1927|0x0000000738700000, 0x0000000738700000, 0x0000000738800000|  0%| F|  |TAMS 0x0000000738700000, 0x0000000738700000| Untracked 
|1928|0x0000000738800000, 0x0000000738800000, 0x0000000738900000|  0%| F|  |TAMS 0x0000000738800000, 0x0000000738800000| Untracked 
|1929|0x0000000738900000, 0x0000000738900000, 0x0000000738a00000|  0%| F|  |TAMS 0x0000000738900000, 0x0000000738900000| Untracked 
|1930|0x0000000738a00000, 0x0000000738a00000, 0x0000000738b00000|  0%| F|  |TAMS 0x0000000738a00000, 0x0000000738a00000| Untracked 
|1931|0x0000000738b00000, 0x0000000738b00000, 0x0000000738c00000|  0%| F|  |TAMS 0x0000000738b00000, 0x0000000738b00000| Untracked 
|1932|0x0000000738c00000, 0x0000000738c00000, 0x0000000738d00000|  0%| F|  |TAMS 0x0000000738c00000, 0x0000000738c00000| Untracked 
|1933|0x0000000738d00000, 0x0000000738d00000, 0x0000000738e00000|  0%| F|  |TAMS 0x0000000738d00000, 0x0000000738d00000| Untracked 
|1934|0x0000000738e00000, 0x0000000738e00000, 0x0000000738f00000|  0%| F|  |TAMS 0x0000000738e00000, 0x0000000738e00000| Untracked 
|1935|0x0000000738f00000, 0x0000000738f00000, 0x0000000739000000|  0%| F|  |TAMS 0x0000000738f00000, 0x0000000738f00000| Untracked 
|1936|0x0000000739000000, 0x0000000739000000, 0x0000000739100000|  0%| F|  |TAMS 0x0000000739000000, 0x0000000739000000| Untracked 
|1937|0x0000000739100000, 0x0000000739100000, 0x0000000739200000|  0%| F|  |TAMS 0x0000000739100000, 0x0000000739100000| Untracked 
|1938|0x0000000739200000, 0x0000000739200000, 0x0000000739300000|  0%| F|  |TAMS 0x0000000739200000, 0x0000000739200000| Untracked 
|1939|0x0000000739300000, 0x0000000739300000, 0x0000000739400000|  0%| F|  |TAMS 0x0000000739300000, 0x0000000739300000| Untracked 
|1940|0x0000000739400000, 0x0000000739400000, 0x0000000739500000|  0%| F|  |TAMS 0x0000000739400000, 0x0000000739400000| Untracked 
|1941|0x0000000739500000, 0x0000000739500000, 0x0000000739600000|  0%| F|  |TAMS 0x0000000739500000, 0x0000000739500000| Untracked 
|1942|0x0000000739600000, 0x0000000739600000, 0x0000000739700000|  0%| F|  |TAMS 0x0000000739600000, 0x0000000739600000| Untracked 
|1943|0x0000000739700000, 0x0000000739700000, 0x0000000739800000|  0%| F|  |TAMS 0x0000000739700000, 0x0000000739700000| Untracked 
|1944|0x0000000739800000, 0x0000000739800000, 0x0000000739900000|  0%| F|  |TAMS 0x0000000739800000, 0x0000000739800000| Untracked 
|1945|0x0000000739900000, 0x0000000739900000, 0x0000000739a00000|  0%| F|  |TAMS 0x0000000739900000, 0x0000000739900000| Untracked 
|1946|0x0000000739a00000, 0x0000000739a00000, 0x0000000739b00000|  0%| F|  |TAMS 0x0000000739a00000, 0x0000000739a00000| Untracked 
|1947|0x0000000739b00000, 0x0000000739b00000, 0x0000000739c00000|  0%| F|  |TAMS 0x0000000739b00000, 0x0000000739b00000| Untracked 
|1948|0x0000000739c00000, 0x0000000739c00000, 0x0000000739d00000|  0%| F|  |TAMS 0x0000000739c00000, 0x0000000739c00000| Untracked 
|1949|0x0000000739d00000, 0x0000000739d00000, 0x0000000739e00000|  0%| F|  |TAMS 0x0000000739d00000, 0x0000000739d00000| Untracked 
|1950|0x0000000739e00000, 0x0000000739e00000, 0x0000000739f00000|  0%| F|  |TAMS 0x0000000739e00000, 0x0000000739e00000| Untracked 
|1951|0x0000000739f00000, 0x0000000739f00000, 0x000000073a000000|  0%| F|  |TAMS 0x0000000739f00000, 0x0000000739f00000| Untracked 
|1952|0x000000073a000000, 0x000000073a100000, 0x000000073a100000|100%| S|CS|TAMS 0x000000073a000000, 0x000000073a000000| Complete 
|1953|0x000000073a100000, 0x000000073a200000, 0x000000073a200000|100%| S|CS|TAMS 0x000000073a100000, 0x000000073a100000| Complete 
|1954|0x000000073a200000, 0x000000073a300000, 0x000000073a300000|100%| S|CS|TAMS 0x000000073a200000, 0x000000073a200000| Complete 
|1955|0x000000073a300000, 0x000000073a400000, 0x000000073a400000|100%| S|CS|TAMS 0x000000073a300000, 0x000000073a300000| Complete 
|1956|0x000000073a400000, 0x000000073a500000, 0x000000073a500000|100%| S|CS|TAMS 0x000000073a400000, 0x000000073a400000| Complete 
|1957|0x000000073a500000, 0x000000073a600000, 0x000000073a600000|100%| S|CS|TAMS 0x000000073a500000, 0x000000073a500000| Complete 
|1958|0x000000073a600000, 0x000000073a700000, 0x000000073a700000|100%| S|CS|TAMS 0x000000073a600000, 0x000000073a600000| Complete 
|1959|0x000000073a700000, 0x000000073a800000, 0x000000073a800000|100%| S|CS|TAMS 0x000000073a700000, 0x000000073a700000| Complete 
|1960|0x000000073a800000, 0x000000073a900000, 0x000000073a900000|100%| S|CS|TAMS 0x000000073a800000, 0x000000073a800000| Complete 
|1961|0x000000073a900000, 0x000000073a900000, 0x000000073aa00000|  0%| F|  |TAMS 0x000000073a900000, 0x000000073a900000| Untracked 
|1962|0x000000073aa00000, 0x000000073aa00000, 0x000000073ab00000|  0%| F|  |TAMS 0x000000073aa00000, 0x000000073aa00000| Untracked 
|1963|0x000000073ab00000, 0x000000073ab00000, 0x000000073ac00000|  0%| F|  |TAMS 0x000000073ab00000, 0x000000073ab00000| Untracked 
|1964|0x000000073ac00000, 0x000000073ac00000, 0x000000073ad00000|  0%| F|  |TAMS 0x000000073ac00000, 0x000000073ac00000| Untracked 
|1965|0x000000073ad00000, 0x000000073ad00000, 0x000000073ae00000|  0%| F|  |TAMS 0x000000073ad00000, 0x000000073ad00000| Untracked 
|1966|0x000000073ae00000, 0x000000073ae00000, 0x000000073af00000|  0%| F|  |TAMS 0x000000073ae00000, 0x000000073ae00000| Untracked 
|1967|0x000000073af00000, 0x000000073af00000, 0x000000073b000000|  0%| F|  |TAMS 0x000000073af00000, 0x000000073af00000| Untracked 
|1968|0x000000073b000000, 0x000000073b000000, 0x000000073b100000|  0%| F|  |TAMS 0x000000073b000000, 0x000000073b000000| Untracked 
|1969|0x000000073b100000, 0x000000073b100000, 0x000000073b200000|  0%| F|  |TAMS 0x000000073b100000, 0x000000073b100000| Untracked 
|1970|0x000000073b200000, 0x000000073b200000, 0x000000073b300000|  0%| F|  |TAMS 0x000000073b200000, 0x000000073b200000| Untracked 
|1971|0x000000073b300000, 0x000000073b300000, 0x000000073b400000|  0%| F|  |TAMS 0x000000073b300000, 0x000000073b300000| Untracked 
|1972|0x000000073b400000, 0x000000073b400000, 0x000000073b500000|  0%| F|  |TAMS 0x000000073b400000, 0x000000073b400000| Untracked 
|1973|0x000000073b500000, 0x000000073b5526d0, 0x000000073b600000| 32%| E|  |TAMS 0x000000073b500000, 0x000000073b500000| Complete 
|1974|0x000000073b600000, 0x000000073b700000, 0x000000073b700000|100%| E|CS|TAMS 0x000000073b600000, 0x000000073b600000| Complete 
|1975|0x000000073b700000, 0x000000073b800000, 0x000000073b800000|100%| E|CS|TAMS 0x000000073b700000, 0x000000073b700000| Complete 
|1976|0x000000073b800000, 0x000000073b900000, 0x000000073b900000|100%| E|CS|TAMS 0x000000073b800000, 0x000000073b800000| Complete 
|1977|0x000000073b900000, 0x000000073ba00000, 0x000000073ba00000|100%| E|CS|TAMS 0x000000073b900000, 0x000000073b900000| Complete 
|1978|0x000000073ba00000, 0x000000073bb00000, 0x000000073bb00000|100%| E|CS|TAMS 0x000000073ba00000, 0x000000073ba00000| Complete 
|1979|0x000000073bb00000, 0x000000073bc00000, 0x000000073bc00000|100%| E|CS|TAMS 0x000000073bb00000, 0x000000073bb00000| Complete 
|1980|0x000000073bc00000, 0x000000073bd00000, 0x000000073bd00000|100%| E|CS|TAMS 0x000000073bc00000, 0x000000073bc00000| Complete 
|1981|0x000000073bd00000, 0x000000073be00000, 0x000000073be00000|100%| E|CS|TAMS 0x000000073bd00000, 0x000000073bd00000| Complete 
|1982|0x000000073be00000, 0x000000073bf00000, 0x000000073bf00000|100%| E|CS|TAMS 0x000000073be00000, 0x000000073be00000| Complete 
|1983|0x000000073bf00000, 0x000000073c000000, 0x000000073c000000|100%| E|CS|TAMS 0x000000073bf00000, 0x000000073bf00000| Complete 
|1984|0x000000073c000000, 0x000000073c100000, 0x000000073c100000|100%| E|CS|TAMS 0x000000073c000000, 0x000000073c000000| Complete 
|1985|0x000000073c100000, 0x000000073c200000, 0x000000073c200000|100%| E|CS|TAMS 0x000000073c100000, 0x000000073c100000| Complete 
|1986|0x000000073c200000, 0x000000073c300000, 0x000000073c300000|100%| E|CS|TAMS 0x000000073c200000, 0x000000073c200000| Complete 
|1987|0x000000073c300000, 0x000000073c400000, 0x000000073c400000|100%| E|CS|TAMS 0x000000073c300000, 0x000000073c300000| Complete 
|1988|0x000000073c400000, 0x000000073c500000, 0x000000073c500000|100%| E|CS|TAMS 0x000000073c400000, 0x000000073c400000| Complete 
|1989|0x000000073c500000, 0x000000073c600000, 0x000000073c600000|100%| E|CS|TAMS 0x000000073c500000, 0x000000073c500000| Complete 
|1990|0x000000073c600000, 0x000000073c700000, 0x000000073c700000|100%| E|CS|TAMS 0x000000073c600000, 0x000000073c600000| Complete 
|1991|0x000000073c700000, 0x000000073c800000, 0x000000073c800000|100%| E|CS|TAMS 0x000000073c700000, 0x000000073c700000| Complete 
|1992|0x000000073c800000, 0x000000073c900000, 0x000000073c900000|100%| E|CS|TAMS 0x000000073c800000, 0x000000073c800000| Complete 
|1993|0x000000073c900000, 0x000000073ca00000, 0x000000073ca00000|100%| E|CS|TAMS 0x000000073c900000, 0x000000073c900000| Complete 
|1994|0x000000073ca00000, 0x000000073cb00000, 0x000000073cb00000|100%| E|CS|TAMS 0x000000073ca00000, 0x000000073ca00000| Complete 
|1995|0x000000073cb00000, 0x000000073cc00000, 0x000000073cc00000|100%| E|CS|TAMS 0x000000073cb00000, 0x000000073cb00000| Complete 
|1996|0x000000073cc00000, 0x000000073cd00000, 0x000000073cd00000|100%| E|CS|TAMS 0x000000073cc00000, 0x000000073cc00000| Complete 
|1997|0x000000073cd00000, 0x000000073ce00000, 0x000000073ce00000|100%| E|CS|TAMS 0x000000073cd00000, 0x000000073cd00000| Complete 
|1998|0x000000073ce00000, 0x000000073cf00000, 0x000000073cf00000|100%| E|CS|TAMS 0x000000073ce00000, 0x000000073ce00000| Complete 
|1999|0x000000073cf00000, 0x000000073d000000, 0x000000073d000000|100%| E|CS|TAMS 0x000000073cf00000, 0x000000073cf00000| Complete 
|2000|0x000000073d000000, 0x000000073d100000, 0x000000073d100000|100%| E|CS|TAMS 0x000000073d000000, 0x000000073d000000| Complete 
|2001|0x000000073d100000, 0x000000073d200000, 0x000000073d200000|100%| E|CS|TAMS 0x000000073d100000, 0x000000073d100000| Complete 
|2002|0x000000073d200000, 0x000000073d300000, 0x000000073d300000|100%| E|CS|TAMS 0x000000073d200000, 0x000000073d200000| Complete 
|2003|0x000000073d300000, 0x000000073d400000, 0x000000073d400000|100%| E|CS|TAMS 0x000000073d300000, 0x000000073d300000| Complete 
|2004|0x000000073d400000, 0x000000073d500000, 0x000000073d500000|100%| E|CS|TAMS 0x000000073d400000, 0x000000073d400000| Complete 
|2005|0x000000073d500000, 0x000000073d600000, 0x000000073d600000|100%| E|CS|TAMS 0x000000073d500000, 0x000000073d500000| Complete 
|2006|0x000000073d600000, 0x000000073d700000, 0x000000073d700000|100%| E|CS|TAMS 0x000000073d600000, 0x000000073d600000| Complete 
|2007|0x000000073d700000, 0x000000073d800000, 0x000000073d800000|100%| E|CS|TAMS 0x000000073d700000, 0x000000073d700000| Complete 
|2008|0x000000073d800000, 0x000000073d900000, 0x000000073d900000|100%| E|CS|TAMS 0x000000073d800000, 0x000000073d800000| Complete 
|2009|0x000000073d900000, 0x000000073da00000, 0x000000073da00000|100%| E|CS|TAMS 0x000000073d900000, 0x000000073d900000| Complete 
|2010|0x000000073da00000, 0x000000073db00000, 0x000000073db00000|100%| E|CS|TAMS 0x000000073da00000, 0x000000073da00000| Complete 
|2011|0x000000073db00000, 0x000000073dc00000, 0x000000073dc00000|100%| E|CS|TAMS 0x000000073db00000, 0x000000073db00000| Complete 
|2012|0x000000073dc00000, 0x000000073dd00000, 0x000000073dd00000|100%| E|CS|TAMS 0x000000073dc00000, 0x000000073dc00000| Complete 
|2013|0x000000073dd00000, 0x000000073de00000, 0x000000073de00000|100%| E|CS|TAMS 0x000000073dd00000, 0x000000073dd00000| Complete 
|2014|0x000000073de00000, 0x000000073df00000, 0x000000073df00000|100%| E|CS|TAMS 0x000000073de00000, 0x000000073de00000| Complete 
|2015|0x000000073df00000, 0x000000073e000000, 0x000000073e000000|100%| E|CS|TAMS 0x000000073df00000, 0x000000073df00000| Complete 
|2016|0x000000073e000000, 0x000000073e100000, 0x000000073e100000|100%| E|CS|TAMS 0x000000073e000000, 0x000000073e000000| Complete 
|2017|0x000000073e100000, 0x000000073e200000, 0x000000073e200000|100%| E|CS|TAMS 0x000000073e100000, 0x000000073e100000| Complete 
|2018|0x000000073e200000, 0x000000073e300000, 0x000000073e300000|100%| E|CS|TAMS 0x000000073e200000, 0x000000073e200000| Complete 
|2019|0x000000073e300000, 0x000000073e400000, 0x000000073e400000|100%| E|  |TAMS 0x000000073e300000, 0x000000073e300000| Complete 
|2020|0x000000073e400000, 0x000000073e500000, 0x000000073e500000|100%| E|CS|TAMS 0x000000073e400000, 0x000000073e400000| Complete 
|2021|0x000000073e500000, 0x000000073e600000, 0x000000073e600000|100%| E|CS|TAMS 0x000000073e500000, 0x000000073e500000| Complete 
|2022|0x000000073e600000, 0x000000073e700000, 0x000000073e700000|100%| E|CS|TAMS 0x000000073e600000, 0x000000073e600000| Complete 
|2023|0x000000073e700000, 0x000000073e800000, 0x000000073e800000|100%| E|CS|TAMS 0x000000073e700000, 0x000000073e700000| Complete 
|2024|0x000000073e800000, 0x000000073e900000, 0x000000073e900000|100%| E|CS|TAMS 0x000000073e800000, 0x000000073e800000| Complete 
|2025|0x000000073e900000, 0x000000073ea00000, 0x000000073ea00000|100%| E|CS|TAMS 0x000000073e900000, 0x000000073e900000| Complete 
|2026|0x000000073ea00000, 0x000000073eb00000, 0x000000073eb00000|100%| E|CS|TAMS 0x000000073ea00000, 0x000000073ea00000| Complete 
|2027|0x000000073eb00000, 0x000000073ec00000, 0x000000073ec00000|100%| E|CS|TAMS 0x000000073eb00000, 0x000000073eb00000| Complete 
|2028|0x000000073ec00000, 0x000000073ed00000, 0x000000073ed00000|100%| E|CS|TAMS 0x000000073ec00000, 0x000000073ec00000| Complete 
|2029|0x000000073ed00000, 0x000000073ee00000, 0x000000073ee00000|100%| E|CS|TAMS 0x000000073ed00000, 0x000000073ed00000| Complete 
|2030|0x000000073ee00000, 0x000000073ef00000, 0x000000073ef00000|100%| E|CS|TAMS 0x000000073ee00000, 0x000000073ee00000| Complete 
|2031|0x000000073ef00000, 0x000000073f000000, 0x000000073f000000|100%| E|CS|TAMS 0x000000073ef00000, 0x000000073ef00000| Complete 
|2032|0x000000073f000000, 0x000000073f100000, 0x000000073f100000|100%| E|CS|TAMS 0x000000073f000000, 0x000000073f000000| Complete 
|2033|0x000000073f100000, 0x000000073f200000, 0x000000073f200000|100%| E|CS|TAMS 0x000000073f100000, 0x000000073f100000| Complete 
|2034|0x000000073f200000, 0x000000073f300000, 0x000000073f300000|100%| E|CS|TAMS 0x000000073f200000, 0x000000073f200000| Complete 
|2035|0x000000073f300000, 0x000000073f400000, 0x000000073f400000|100%| E|CS|TAMS 0x000000073f300000, 0x000000073f300000| Complete 
|2036|0x000000073f400000, 0x000000073f500000, 0x000000073f500000|100%| E|CS|TAMS 0x000000073f400000, 0x000000073f400000| Complete 
|2037|0x000000073f500000, 0x000000073f600000, 0x000000073f600000|100%| E|CS|TAMS 0x000000073f500000, 0x000000073f500000| Complete 
|2038|0x000000073f600000, 0x000000073f700000, 0x000000073f700000|100%| E|CS|TAMS 0x000000073f600000, 0x000000073f600000| Complete 
|2039|0x000000073f700000, 0x000000073f800000, 0x000000073f800000|100%| E|CS|TAMS 0x000000073f700000, 0x000000073f700000| Complete 
|2040|0x000000073f800000, 0x000000073f900000, 0x000000073f900000|100%| E|CS|TAMS 0x000000073f800000, 0x000000073f800000| Complete 
|2041|0x000000073f900000, 0x000000073fa00000, 0x000000073fa00000|100%| E|CS|TAMS 0x000000073f900000, 0x000000073f900000| Complete 
|2042|0x000000073fa00000, 0x000000073fb00000, 0x000000073fb00000|100%| E|CS|TAMS 0x000000073fa00000, 0x000000073fa00000| Complete 
|2043|0x000000073fb00000, 0x000000073fc00000, 0x000000073fc00000|100%| E|CS|TAMS 0x000000073fb00000, 0x000000073fb00000| Complete 
|2044|0x000000073fc00000, 0x000000073fd00000, 0x000000073fd00000|100%| E|CS|TAMS 0x000000073fc00000, 0x000000073fc00000| Complete 
|2045|0x000000073fd00000, 0x000000073fe00000, 0x000000073fe00000|100%| E|CS|TAMS 0x000000073fd00000, 0x000000073fd00000| Complete 
|2046|0x000000073fe00000, 0x000000073ff00000, 0x000000073ff00000|100%| E|CS|TAMS 0x000000073fe00000, 0x000000073fe00000| Complete 
|2047|0x000000073ff00000, 0x0000000740000000, 0x0000000740000000|100%| E|CS|TAMS 0x000000073ff00000, 0x000000073ff00000| Complete 

Card table byte_map: [0x00007f84d69be000,0x00007f84d73be000] _byte_map_base: 0x00007f84d33be000

Marking Bits (Prev, Next): (CMBitMap*) 0x00007f84f80755b0, (CMBitMap*) 0x00007f84f8075578
 Prev Bits: [0x00007f84cbfbe000, 0x00007f84d0fbe000)
 Next Bits: [0x00007f84d0fbe000, 0x00007f84d5fbe000)

Polling page: 0x00007f8500620000

Metaspace:

Usage:
  Non-class:     62.73 MB capacity,    62.23 MB (>99%) used,   397.94 KB ( <1%) free+waste,   110.75 KB ( <1%) overhead. 
      Class:      7.38 MB capacity,     7.12 MB ( 96%) used,   226.60 KB (  3%) free+waste,    41.62 KB ( <1%) overhead. 
       Both:     70.10 MB capacity,    69.35 MB ( 99%) used,   624.54 KB ( <1%) free+waste,   152.38 KB ( <1%) overhead. 

Virtual space:
  Non-class space:       66.00 MB reserved,      64.25 MB ( 97%) committed 
      Class space:        1.00 GB reserved,       7.44 MB ( <1%) committed 
             Both:        1.06 GB reserved,      71.69 MB (  7%) committed 

Chunk freelists:
   Non-Class:  1.51 MB
       Class:  29.00 KB
        Both:  1.54 MB

MaxMetaspaceSize: unlimited
CompressedClassSpaceSize: 1.00 GB

CodeHeap 'non-profiled nmethods': size=118312Kb used=2653Kb max_used=2653Kb free=115658Kb
 bounds [0x00007f84e84ee000, 0x00007f84e878e000, 0x00007f84ef878000]
CodeHeap 'profiled nmethods': size=118308Kb used=9988Kb max_used=9988Kb free=108319Kb
 bounds [0x00007f84e1165000, 0x00007f84e1b35000, 0x00007f84e84ee000]
CodeHeap 'non-nmethods': size=9140Kb used=1206Kb max_used=4706Kb free=7933Kb
 bounds [0x00007f84e0878000, 0x00007f84e0d28000, 0x00007f84e1165000]
 total_blobs=4983 nmethods=4402 adapters=493
 compilation: enabled
              stopped_count=0, restarted_count=0
 full_count=0

Compilation events (20 events):
Event: 4.074 Thread 0x00007f847805b800 nmethod 4402 0x00007f84e1b22210 code [0x00007f84e1b223e0, 0x00007f84e1b22700]
Event: 4.075 Thread 0x00007f84f89d5800 nmethod 4374 0x00007f84e8770e90 code [0x00007f84e87710e0, 0x00007f84e8772048]
Event: 4.075 Thread 0x00007f8480013800 4403       3       java.util.RegularEnumSet::<init> (12 bytes)
Event: 4.075 Thread 0x00007f848c38c800 4404       3       java.util.EnumSet::<init> (15 bytes)
Event: 4.075 Thread 0x00007f8480013800 nmethod 4403 0x00007f84e1b22890 code [0x00007f84e1b22a60, 0x00007f84e1b22db0]
Event: 4.075 Thread 0x00007f84780ce800 4405       3       java.util.RegularEnumSet::add (9 bytes)
Event: 4.075 Thread 0x00007f8480013800 4406       3       java.util.RegularEnumSet::add (40 bytes)
Event: 4.075 Thread 0x00007f84743ae000 nmethod 4370 0x00007f84e8772c90 code [0x00007f84e8772f00, 0x00007f84e8774848]
Event: 4.075 Thread 0x00007f84f89d7800 4407       3       java.util.EnumSet::typeCheck (59 bytes)
Event: 4.075 Thread 0x00007f8480013800 nmethod 4406 0x00007f84e1b22f10 code [0x00007f84e1b230e0, 0x00007f84e1b232c0]
Event: 4.075 Thread 0x00007f8480013800 4409       3       java.util.EnumSet::of (16 bytes)
Event: 4.075 Thread 0x00007f8480013800 nmethod 4409 0x00007f84e1b23390 code [0x00007f84e1b23580, 0x00007f84e1b238a0]
Event: 4.075 Thread 0x00007f84f89d7800 nmethod 4407 0x00007f84e1b23a10 code [0x00007f84e1b23ce0, 0x00007f84e1b24a10]
Event: 4.075 Thread 0x00007f84780ce800 nmethod 4405 0x00007f84e1b24e90 code [0x00007f84e1b25060, 0x00007f84e1b252a0]
Event: 4.076 Thread 0x00007f848c38c800 nmethod 4404 0x00007f84e1b25390 code [0x00007f84e1b25560, 0x00007f84e1b25830]
Event: 4.076 Thread 0x00007f848c3e6800 nmethod 4399 0x00007f84e1b25910 code [0x00007f84e1b25ae0, 0x00007f84e1b25d00]
Event: 4.082 Thread 0x00007f8480013800 4410       3       java.util.AbstractMap$SimpleImmutableEntry::<init> (15 bytes)
Event: 4.082 Thread 0x00007f8480013800 nmethod 4410 0x00007f84e1b25e10 code [0x00007f84e1b25fc0, 0x00007f84e1b261d0]
Event: 4.090 Thread 0x00007f848c127800 nmethod 4100 0x00007f84e8775590 code [0x00007f84e8775ac0, 0x00007f84e877e3b0]
Event: 4.119 Thread 0x00007f833806e000 nmethod 4397% 0x00007f84e8781b10 code [0x00007f84e8781dc0, 0x00007f84e8784348]

GC Heap History (8 events):
Event: 0.950 GC heap before
{Heap before GC invocations=0 (full 0):
 garbage-first heap   total 2097152K, used 87040K [0x00000006c0000000, 0x0000000800000000)
  region size 1024K, 87 young (89088K), 0 survivors (0K)
 Metaspace       used 20610K, capacity 20936K, committed 21248K, reserved 1069056K
  class space    used 2158K, capacity 2273K, committed 2304K, reserved 1048576K
}
Event: 1.003 GC heap after
{Heap after GC invocations=1 (full 0):
 garbage-first heap   total 2097152K, used 11491K [0x00000006c0000000, 0x0000000800000000)
  region size 1024K, 12 young (12288K), 12 survivors (12288K)
 Metaspace       used 20610K, capacity 20936K, committed 21248K, reserved 1069056K
  class space    used 2158K, capacity 2273K, committed 2304K, reserved 1048576K
}
Event: 2.050 GC heap before
{Heap before GC invocations=2 (full 0):
 garbage-first heap   total 2097152K, used 103651K [0x00000006c0000000, 0x0000000800000000)
  region size 1024K, 102 young (104448K), 12 survivors (12288K)
 Metaspace       used 32765K, capacity 33346K, committed 33536K, reserved 1079296K
  class space    used 3860K, capacity 4093K, committed 4096K, reserved 1048576K
}
Event: 2.069 GC heap after
{Heap after GC invocations=3 (full 0):
 garbage-first heap   total 2097152K, used 19273K [0x00000006c0000000, 0x0000000800000000)
  region size 1024K, 8 young (8192K), 8 survivors (8192K)
 Metaspace       used 32765K, capacity 33346K, committed 33536K, reserved 1079296K
  class space    used 3860K, capacity 4093K, committed 4096K, reserved 1048576K
}
Event: 2.197 GC heap before
{Heap before GC invocations=3 (full 0):
 garbage-first heap   total 2097152K, used 37705K [0x00000006c0000000, 0x0000000800000000)
  region size 1024K, 22 young (22528K), 8 survivors (8192K)
 Metaspace       used 34599K, capacity 35215K, committed 35584K, reserved 1081344K
  class space    used 4052K, capacity 4288K, committed 4352K, reserved 1048576K
}
Event: 2.205 GC heap after
{Heap after GC invocations=4 (full 0):
 garbage-first heap   total 2097152K, used 23172K [0x00000006c0000000, 0x0000000800000000)
  region size 1024K, 2 young (2048K), 2 survivors (2048K)
 Metaspace       used 34599K, capacity 35215K, committed 35584K, reserved 1081344K
  class space    used 4052K, capacity 4288K, committed 4352K, reserved 1048576K
}
Event: 3.233 GC heap before
{Heap before GC invocations=5 (full 0):
 garbage-first heap   total 2097152K, used 123524K [0x00000006c0000000, 0x0000000800000000)
  region size 1024K, 87 young (89088K), 2 survivors (2048K)
 Metaspace       used 57831K, capacity 58451K, committed 59648K, reserved 1103872K
  class space    used 5299K, capacity 5549K, committed 5632K, reserved 1048576K
}
Event: 3.254 GC heap after
{Heap after GC invocations=6 (full 0):
 garbage-first heap   total 2097152K, used 35552K [0x00000006c0000000, 0x0000000800000000)
  region size 1024K, 9 young (9216K), 9 survivors (9216K)
 Metaspace       used 57831K, capacity 58451K, committed 59648K, reserved 1103872K
  class space    used 5299K, capacity 5549K, committed 5632K, reserved 1048576K
}

Deoptimization events (20 events):
Event: 4.036 Thread 0x00007f84f8017000 Uncommon trap: trap_request=0xffffffc6 fr.pc=0x00007f84e86d4958 relative=0x0000000000003298
Event: 4.036 Thread 0x00007f84f8017000 Uncommon trap: reason=bimorphic_or_optimized_type_check action=maybe_recompile pc=0x00007f84e86d4958 method=java.security.Provider$Service.newInstance(Ljava/lang/Object;)Ljava/lang/Object; @ 19 c2
Event: 4.036 Thread 0x00007f84f8017000 DEOPT PACKING pc=0x00007f84e86d4958 sp=0x00007f84fda49380
Event: 4.036 Thread 0x00007f84f8017000 DEOPT UNPACKING pc=0x00007f84e089d925 sp=0x00007f84fda49398 mode 2
Event: 4.066 Thread 0x00007f84f8017000 Uncommon trap: trap_request=0xffffffbe fr.pc=0x00007f84e876e7fc relative=0x00000000000003bc
Event: 4.066 Thread 0x00007f84f8017000 Uncommon trap: reason=profile_predicate action=maybe_recompile pc=0x00007f84e876e7fc method=java.util.regex.Pattern$SliceI.match(Ljava/util/regex/Matcher;ILjava/lang/CharSequence;)Z @ 18 c2
Event: 4.066 Thread 0x00007f84f8017000 DEOPT PACKING pc=0x00007f84e876e7fc sp=0x00007f84fda47fb0
Event: 4.066 Thread 0x00007f84f8017000 DEOPT UNPACKING pc=0x00007f84e089d925 sp=0x00007f84fda47f48 mode 2
Event: 4.066 Thread 0x00007f84f8017000 Uncommon trap: trap_request=0xffffffbe fr.pc=0x00007f84e876e7fc relative=0x00000000000003bc
Event: 4.066 Thread 0x00007f84f8017000 Uncommon trap: reason=profile_predicate action=maybe_recompile pc=0x00007f84e876e7fc method=java.util.regex.Pattern$SliceI.match(Ljava/util/regex/Matcher;ILjava/lang/CharSequence;)Z @ 18 c2
Event: 4.066 Thread 0x00007f84f8017000 DEOPT PACKING pc=0x00007f84e876e7fc sp=0x00007f84fda47fb0
Event: 4.066 Thread 0x00007f84f8017000 DEOPT UNPACKING pc=0x00007f84e089d925 sp=0x00007f84fda47f48 mode 2
Event: 4.066 Thread 0x00007f84f8017000 Uncommon trap: trap_request=0xffffffbe fr.pc=0x00007f84e876e7fc relative=0x00000000000003bc
Event: 4.066 Thread 0x00007f84f8017000 Uncommon trap: reason=profile_predicate action=maybe_recompile pc=0x00007f84e876e7fc method=java.util.regex.Pattern$SliceI.match(Ljava/util/regex/Matcher;ILjava/lang/CharSequence;)Z @ 18 c2
Event: 4.066 Thread 0x00007f84f8017000 DEOPT PACKING pc=0x00007f84e876e7fc sp=0x00007f84fda47fb0
Event: 4.066 Thread 0x00007f84f8017000 DEOPT UNPACKING pc=0x00007f84e089d925 sp=0x00007f84fda47f48 mode 2
Event: 4.066 Thread 0x00007f84f8017000 Uncommon trap: trap_request=0xffffffbe fr.pc=0x00007f84e876e7fc relative=0x00000000000003bc
Event: 4.066 Thread 0x00007f84f8017000 Uncommon trap: reason=profile_predicate action=maybe_recompile pc=0x00007f84e876e7fc method=java.util.regex.Pattern$SliceI.match(Ljava/util/regex/Matcher;ILjava/lang/CharSequence;)Z @ 18 c2
Event: 4.066 Thread 0x00007f84f8017000 DEOPT PACKING pc=0x00007f84e876e7fc sp=0x00007f84fda47fb0
Event: 4.066 Thread 0x00007f84f8017000 DEOPT UNPACKING pc=0x00007f84e089d925 sp=0x00007f84fda47f48 mode 2

Classes redefined (0 events):
No events

Internal exceptions (20 events):
Event: 1.440 Thread 0x00007f84f8017000 Exception <a 'java/lang/NoSuchMethodError'{0x000000073cb50180}: 'java.lang.Object java.lang.invoke.Invokers$Holder.linkToTargetMethod(java.lang.Object, java.lang.Object, java.lang.Object, java.lang.Object, java.lang.Object, java.lang.Object)'> (0x000000073cb50180) thrown at [./src/hotspot/share/interpreter/linkResolver.cpp, line 773]
Event: 1.460 Thread 0x00007f84f8017000 Exception <a 'java/lang/NoSuchMethodError'{0x000000073cac07a0}: 'long java.lang.invoke.DirectMethodHandle$Holder.invokeInterface(java.lang.Object, java.lang.Object)'> (0x000000073cac07a0) thrown at [./src/hotspot/share/interpreter/linkResolver.cpp, line 773]
Event: 1.466 Thread 0x00007f84f8017000 Exception <a 'java/lang/NoSuchMethodError'{0x000000073c92c480}: 'int java.lang.invoke.DirectMethodHandle$Holder.invokeInterface(java.lang.Object, java.lang.Object, java.lang.Object, java.lang.Object)'> (0x000000073c92c480) thrown at [./src/hotspot/share/interpreter/linkResolver.cpp, line 773]
Event: 1.521 Thread 0x00007f84f8017000 Exception <a 'java/lang/NoSuchMethodError'{0x000000073c7a5b88}: 'long java.lang.invoke.DirectMethodHandle$Holder.invokeVirtual(java.lang.Object, java.lang.Object)'> (0x000000073c7a5b88) thrown at [./src/hotspot/share/interpreter/linkResolver.cpp, line 773]
Event: 1.522 Thread 0x00007f84f8017000 Exception <a 'java/lang/NoSuchMethodError'{0x000000073c7b8358}: 'java.lang.Object java.lang.invoke.Invokers$Holder.linkToTargetMethod(java.lang.Object, long, java.lang.Object)'> (0x000000073c7b8358) thrown at [./src/hotspot/share/interpreter/linkResolver.cpp, line 773]
Event: 1.522 Thread 0x00007f84f8017000 Exception <a 'java/lang/NoSuchMethodError'{0x000000073c7bb6b0}: 'java.lang.Object java.lang.invoke.DirectMethodHandle$Holder.invokeStatic(java.lang.Object, java.lang.Object, int, java.lang.Object)'> (0x000000073c7bb6b0) thrown at [./src/hotspot/share/interpreter/linkResolver.cpp, line 773]
Event: 1.523 Thread 0x00007f84f8017000 Exception <a 'java/lang/NoSuchMethodError'{0x000000073c7c6028}: 'java.lang.Object java.lang.invoke.Invokers$Holder.linkToTargetMethod(java.lang.Object, int, java.lang.Object)'> (0x000000073c7c6028) thrown at [./src/hotspot/share/interpreter/linkResolver.cpp, line 773]
Event: 2.653 Thread 0x00007f84f8017000 Implicit null exception at 0x00007f84e8527cf4 to 0x00007f84e852826c
Event: 2.653 Thread 0x00007f84f8017000 Implicit null exception at 0x00007f84e8514274 to 0x00007f84e8514810
Event: 2.659 Thread 0x00007f84f8017000 Exception <a 'java/lang/NoSuchMethodError'{0x000000073c59fbb0}: 'int java.lang.invoke.DirectMethodHandle$Holder.invokeSpecialIFC(java.lang.Object, java.lang.Object, int)'> (0x000000073c59fbb0) thrown at [./src/hotspot/share/interpreter/linkResolver.cpp, line 773]
Event: 2.679 Thread 0x00007f84f8017000 Implicit null exception at 0x00007f84e85bbeb9 to 0x00007f84e85bc258
Event: 2.846 Thread 0x00007f84f8017000 Exception <a 'java/lang/NoSuchMethodError'{0x000000073ba02710}: 'int java.lang.invoke.DirectMethodHandle$Holder.invokeStaticInit(java.lang.Object)'> (0x000000073ba02710) thrown at [./src/hotspot/share/interpreter/linkResolver.cpp, line 773]
Event: 2.857 Thread 0x00007f84f8017000 Exception <a 'java/lang/NoSuchMethodError'{0x000000073ba7ce70}: 'java.lang.Object java.lang.invoke.DirectMethodHandle$Holder.invokeStaticInit(java.lang.Object, int)'> (0x000000073ba7ce70) thrown at [./src/hotspot/share/interpreter/linkResolver.cpp, line 773]
Event: 3.789 Thread 0x00007f84f8017000 Implicit null exception at 0x00007f84e8666972 to 0x00007f84e86676a8
Event: 3.895 Thread 0x00007f84f8017000 Exception <a 'java/lang/NoSuchMethodError'{0x000000073cfd6d10}: 'int java.lang.invoke.DirectMethodHandle$Holder.invokeSpecialIFC(java.lang.Object, java.lang.Object, java.lang.Object, java.lang.Object)'> (0x000000073cfd6d10) thrown at [./src/hotspot/share/interpreter/linkResolver.cpp, line 773]
Event: 3.990 Thread 0x00007f84f8017000 Exception <a 'java/lang/NoSuchMethodError'{0x000000073c698220}: 'java.lang.Object java.lang.invoke.DirectMethodHandle$Holder.invokeStatic(java.lang.Object, java.lang.Object, java.lang.Object, java.lang.Object, java.lang.Object, java.lang.Object, java.lang.Object, int)'> (0x000000073c698220) thrown at [./src/hotspot/share/interpreter/linkResolver.cpp, line 773]
Event: 3.990 Thread 0x00007f84f8017000 Exception <a 'java/lang/NoSuchMethodError'{0x000000073c69c658}: 'java.lang.Object java.lang.invoke.DirectMethodHandle$Holder.invokeSpecial(java.lang.Object, java.lang.Object, java.lang.Object, java.lang.Object, java.lang.Object, java.lang.Object, java.lang.Object, java.lang.Object, int)'> (0x000000073c69c658) thrown at [./src/hotspot/share/interpreter/linkResolver.cpp, line 773]
Event: 3.990 Thread 0x00007f84f8017000 Exception <a 'java/lang/NoSuchMethodError'{0x000000073c6a0410}: 'java.lang.Object java.lang.invoke.Invokers$Holder.linkToTargetMethod(java.lang.Object, java.lang.Object, java.lang.Object, java.lang.Object, java.lang.Object, java.lang.Object, int, java.lang.Object)'> (0x000000073c6a0410) thrown at [./src/hotspot/share/interpreter/linkResolver.cpp, line 773]
Event: 4.041 Thread 0x00007f84f8017000 Exception <a 'java/lang/NoSuchMethodError'{0x000000073b84f798}: 'int java.lang.invoke.DirectMethodHandle$Holder.invokeStaticInit(java.lang.Object, java.lang.Object, java.lang.Object, java.lang.Object)'> (0x000000073b84f798) thrown at [./src/hotspot/share/interpreter/linkResolver.cpp, line 773]
Event: 4.041 Thread 0x00007f84f8017000 Exception <a 'java/lang/IncompatibleClassChangeError'{0x000000073b858258}: Found class java.lang.Object, but interface was expected> (0x000000073b858258) thrown at [./src/hotspot/share/interpreter/linkResolver.cpp, line 839]

Events (20 events):
Event: 4.083 loading class sun/security/ssl/SessionId
Event: 4.083 loading class sun/security/ssl/SessionId done
Event: 4.083 Executing VM operation: RevokeBias
Event: 4.083 Executing VM operation: RevokeBias done
Event: 9.082 Thread 0x00007f848c38c800 Thread exited: 0x00007f848c38c800
Event: 9.082 Thread 0x00007f8334062800 Thread exited: 0x00007f8334062800
Event: 14.082 Thread 0x00007f8344048800 Thread exited: 0x00007f8344048800
Event: 14.082 Thread 0x00007f848c38b000 Thread exited: 0x00007f848c38b000
Event: 14.082 Thread 0x00007f84743ae000 Thread exited: 0x00007f84743ae000
Event: 14.082 Thread 0x00007f848c3e6800 Thread exited: 0x00007f848c3e6800
Event: 14.082 Thread 0x00007f84780ce800 Thread exited: 0x00007f84780ce800
Event: 19.082 Thread 0x00007f84743ac000 Thread exited: 0x00007f84743ac000
Event: 19.082 Thread 0x00007f847805b800 Thread exited: 0x00007f847805b800
Event: 19.082 Thread 0x00007f8480013800 Thread exited: 0x00007f8480013800
Event: 24.082 Thread 0x00007f833806f800 Thread exited: 0x00007f833806f800
Event: 24.121 Thread 0x00007f833806e000 Thread exited: 0x00007f833806e000
Event: 29.082 Thread 0x00007f84801ce000 Thread exited: 0x00007f84801ce000
Event: 34.082 Thread 0x00007f84640d6000 Thread exited: 0x00007f84640d6000
Event: 34.091 Thread 0x00007f848c127800 Thread exited: 0x00007f848c127800
Event: 39.082 Thread 0x00007f848001e800 Thread exited: 0x00007f848001e800


Dynamic libraries:
6c0000000-740000000 rw-p 00000000 00:00 0 
740000000-800000000 ---p 00000000 00:00 0 
800000000-800770000 rw-p 00000000 00:00 0 
800770000-840000000 ---p 00000000 00:00 0 
5638fa026000-5638fa027000 r-xp 00000000 00:48 15187698                   /usr/pack/vitis-2022.1-zr/Vivado/2022.1/tps/lnx64/jre11.0.11_9/bin/java
5638fa227000-5638fa228000 r--p 00001000 00:48 15187698                   /usr/pack/vitis-2022.1-zr/Vivado/2022.1/tps/lnx64/jre11.0.11_9/bin/java
5638fa228000-5638fa229000 rw-p 00002000 00:48 15187698                   /usr/pack/vitis-2022.1-zr/Vivado/2022.1/tps/lnx64/jre11.0.11_9/bin/java
5638fbd1f000-5638fbd61000 rw-p 00000000 00:00 0                          [heap]
7f830c000000-7f830c021000 rw-p 00000000 00:00 0 
7f830c021000-7f8310000000 ---p 00000000 00:00 0 
7f8310000000-7f8310021000 rw-p 00000000 00:00 0 
7f8310021000-7f8314000000 ---p 00000000 00:00 0 
7f8314000000-7f831439e000 rw-p 00000000 00:00 0 
7f831439e000-7f8318000000 ---p 00000000 00:00 0 
7f8318000000-7f8318803000 rw-p 00000000 00:00 0 
7f8318803000-7f831c000000 ---p 00000000 00:00 0 
7f831c000000-7f831c80b000 rw-p 00000000 00:00 0 
7f831c80b000-7f8320000000 ---p 00000000 00:00 0 
7f8320000000-7f832017f000 rw-p 00000000 00:00 0 
7f832017f000-7f8324000000 ---p 00000000 00:00 0 
7f8324000000-7f83248f7000 rw-p 00000000 00:00 0 
7f83248f7000-7f8328000000 ---p 00000000 00:00 0 
7f8328000000-7f832826f000 rw-p 00000000 00:00 0 
7f832826f000-7f832c000000 ---p 00000000 00:00 0 
7f832c000000-7f832cb02000 rw-p 00000000 00:00 0 
7f832cb02000-7f8330000000 ---p 00000000 00:00 0 
7f8330000000-7f8330393000 rw-p 00000000 00:00 0 
7f8330393000-7f8334000000 ---p 00000000 00:00 0 
7f8334000000-7f8334067000 rw-p 00000000 00:00 0 
7f8334067000-7f8338000000 ---p 00000000 00:00 0 
7f8338000000-7f8338074000 rw-p 00000000 00:00 0 
7f8338074000-7f833c000000 ---p 00000000 00:00 0 
7f833d5f3000-7f833d633000 rw-p 00000000 00:00 0 
7f833d633000-7f833d7f3000 ---p 00000000 00:00 0 
7f833d7f3000-7f833d7f7000 ---p 00000000 00:00 0 
7f833d7f7000-7f833dbf4000 rw-p 00000000 00:00 0 
7f833dbf4000-7f833dbf8000 ---p 00000000 00:00 0 
7f833dbf8000-7f833dff5000 rw-p 00000000 00:00 0 
7f833dff5000-7f833dff7000 r-xp 00000000 00:48 15041391                   /usr/pack/vitis-2022.1-zr/Vivado/2022.1/tps/lnx64/jre11.0.11_9/lib/libextnet.so
7f833dff7000-7f833e1f6000 ---p 00002000 00:48 15041391                   /usr/pack/vitis-2022.1-zr/Vivado/2022.1/tps/lnx64/jre11.0.11_9/lib/libextnet.so
7f833e1f6000-7f833e1f7000 r--p 00001000 00:48 15041391                   /usr/pack/vitis-2022.1-zr/Vivado/2022.1/tps/lnx64/jre11.0.11_9/lib/libextnet.so
7f833e1f7000-7f833e3f8000 rw-p 00000000 00:00 0 
7f833e3f8000-7f833e3fc000 ---p 00000000 00:00 0 
7f833e3fc000-7f833e4f9000 rw-p 00000000 00:00 0 
7f833e4f9000-7f833e4fd000 ---p 00000000 00:00 0 
7f833e4fd000-7f833e5fa000 rw-p 00000000 00:00 0 
7f833e5fa000-7f833e5fe000 ---p 00000000 00:00 0 
7f833e5fe000-7f833e6fb000 rw-p 00000000 00:00 0 
7f833e6fb000-7f833e6ff000 ---p 00000000 00:00 0 
7f833e6ff000-7f833e7fc000 rw-p 00000000 00:00 0 
7f833e7fc000-7f833e800000 ---p 00000000 00:00 0 
7f833e800000-7f833e8fd000 rw-p 00000000 00:00 0 
7f833e8fd000-7f833e901000 ---p 00000000 00:00 0 
7f833e901000-7f833ebfe000 rw-p 00000000 00:00 0 
7f833ebfe000-7f833edfe000 rw-p 00000000 00:00 0 
7f833edfe000-7f833effe000 rw-p 00000000 00:00 0 
7f833effe000-7f833f1fe000 rw-p 00000000 00:00 0 
7f833f1fe000-7f833f3fe000 rw-p 00000000 00:00 0 
7f833f3fe000-7f833f5fe000 rw-p 00000000 00:00 0 
7f833f5fe000-7f833f7fe000 rw-p 00000000 00:00 0 
7f833f7fe000-7f833f9fe000 rw-p 00000000 00:00 0 
7f833f9fe000-7f833fbfe000 rw-p 00000000 00:00 0 
7f833fbfe000-7f833fc02000 ---p 00000000 00:00 0 
7f833fc02000-7f833feff000 rw-p 00000000 00:00 0 
7f833feff000-7f833ff03000 ---p 00000000 00:00 0 
7f833ff03000-7f8340000000 rw-p 00000000 00:00 0 
7f8340000000-7f8340021000 rw-p 00000000 00:00 0 
7f8340021000-7f8344000000 ---p 00000000 00:00 0 
7f8344000000-7f834404d000 rw-p 00000000 00:00 0 
7f834404d000-7f8348000000 ---p 00000000 00:00 0 
7f8348000000-7f8348021000 rw-p 00000000 00:00 0 
7f8348021000-7f834c000000 ---p 00000000 00:00 0 
7f834c000000-7f834c021000 rw-p 00000000 00:00 0 
7f834c021000-7f8350000000 ---p 00000000 00:00 0 
7f8350000000-7f8350021000 rw-p 00000000 00:00 0 
7f8350021000-7f8354000000 ---p 00000000 00:00 0 
7f8354000000-7f8354021000 rw-p 00000000 00:00 0 
7f8354021000-7f8358000000 ---p 00000000 00:00 0 
7f8358000000-7f8358021000 rw-p 00000000 00:00 0 
7f8358021000-7f835c000000 ---p 00000000 00:00 0 
7f835c000000-7f835c021000 rw-p 00000000 00:00 0 
7f835c021000-7f8360000000 ---p 00000000 00:00 0 
7f8360000000-7f8360021000 rw-p 00000000 00:00 0 
7f8360021000-7f8364000000 ---p 00000000 00:00 0 
7f8364000000-7f8364021000 rw-p 00000000 00:00 0 
7f8364021000-7f8368000000 ---p 00000000 00:00 0 
7f8368000000-7f8368021000 rw-p 00000000 00:00 0 
7f8368021000-7f836c000000 ---p 00000000 00:00 0 
7f836c000000-7f836c021000 rw-p 00000000 00:00 0 
7f836c021000-7f8370000000 ---p 00000000 00:00 0 
7f8370000000-7f8370021000 rw-p 00000000 00:00 0 
7f8370021000-7f8374000000 ---p 00000000 00:00 0 
7f8374000000-7f8374021000 rw-p 00000000 00:00 0 
7f8374021000-7f8378000000 ---p 00000000 00:00 0 
7f8378000000-7f8378021000 rw-p 00000000 00:00 0 
7f8378021000-7f837c000000 ---p 00000000 00:00 0 
7f837c000000-7f837c021000 rw-p 00000000 00:00 0 
7f837c021000-7f8380000000 ---p 00000000 00:00 0 
7f8380000000-7f8380021000 rw-p 00000000 00:00 0 
7f8380021000-7f8384000000 ---p 00000000 00:00 0 
7f8384000000-7f8384021000 rw-p 00000000 00:00 0 
7f8384021000-7f8388000000 ---p 00000000 00:00 0 
7f8388000000-7f8388021000 rw-p 00000000 00:00 0 
7f8388021000-7f838c000000 ---p 00000000 00:00 0 
7f838c000000-7f838c021000 rw-p 00000000 00:00 0 
7f838c021000-7f8390000000 ---p 00000000 00:00 0 
7f8390000000-7f8390021000 rw-p 00000000 00:00 0 
7f8390021000-7f8394000000 ---p 00000000 00:00 0 
7f8394000000-7f8394021000 rw-p 00000000 00:00 0 
7f8394021000-7f8398000000 ---p 00000000 00:00 0 
7f8398000000-7f8398021000 rw-p 00000000 00:00 0 
7f8398021000-7f839c000000 ---p 00000000 00:00 0 
7f839c000000-7f839c021000 rw-p 00000000 00:00 0 
7f839c021000-7f83a0000000 ---p 00000000 00:00 0 
7f83a0000000-7f83a0021000 rw-p 00000000 00:00 0 
7f83a0021000-7f83a4000000 ---p 00000000 00:00 0 
7f83a4000000-7f83a4021000 rw-p 00000000 00:00 0 
7f83a4021000-7f83a8000000 ---p 00000000 00:00 0 
7f83a8000000-7f83a8021000 rw-p 00000000 00:00 0 
7f83a8021000-7f83ac000000 ---p 00000000 00:00 0 
7f83ac000000-7f83ac021000 rw-p 00000000 00:00 0 
7f83ac021000-7f83b0000000 ---p 00000000 00:00 0 
7f83b0000000-7f83b0021000 rw-p 00000000 00:00 0 
7f83b0021000-7f83b4000000 ---p 00000000 00:00 0 
7f83b4000000-7f83b4021000 rw-p 00000000 00:00 0 
7f83b4021000-7f83b8000000 ---p 00000000 00:00 0 
7f83b8000000-7f83b8021000 rw-p 00000000 00:00 0 
7f83b8021000-7f83bc000000 ---p 00000000 00:00 0 
7f83bc000000-7f83bc021000 rw-p 00000000 00:00 0 
7f83bc021000-7f83c0000000 ---p 00000000 00:00 0 
7f83c0000000-7f83c0021000 rw-p 00000000 00:00 0 
7f83c0021000-7f83c4000000 ---p 00000000 00:00 0 
7f83c40ec000-7f83c40f0000 ---p 00000000 00:00 0 
7f83c40f0000-7f83c41ed000 rw-p 00000000 00:00 0 
7f83c41ed000-7f83c41f1000 ---p 00000000 00:00 0 
7f83c41f1000-7f83c44ee000 rw-p 00000000 00:00 0 
7f83c44ee000-7f83c46ee000 rw-p 00000000 00:00 0 
7f83c46ee000-7f83c48ee000 rw-p 00000000 00:00 0 
7f83c48ee000-7f83c4aee000 rw-p 00000000 00:00 0 
7f83c4bc2000-7f83c4dc2000 rw-p 00000000 00:00 0 
7f83c4dc2000-7f83c4fc2000 rw-p 00000000 00:00 0 
7f83c4fc2000-7f83c51c2000 rw-p 00000000 00:00 0 
7f83c51c2000-7f83c53c2000 rw-p 00000000 00:00 0 
7f83c53c2000-7f83c55c2000 rw-p 00000000 00:00 0 
7f83c55c2000-7f83c57c2000 rw-p 00000000 00:00 0 
7f83c57c2000-7f83c57c6000 ---p 00000000 00:00 0 
7f83c57c6000-7f83c5dc3000 rw-p 00000000 00:00 0 
7f83c5dc3000-7f83c5dc7000 ---p 00000000 00:00 0 
7f83c5dc7000-7f83c61c4000 rw-p 00000000 00:00 0 
7f83c61c4000-7f83c61c5000 ---p 00000000 00:00 0 
7f83c61c5000-7f83c62c6000 rw-p 00000000 00:00 0 
7f83c62c6000-7f83c62c7000 ---p 00000000 00:00 0 
7f83c62c7000-7f83c63c8000 rw-p 00000000 00:00 0 
7f83c63c8000-7f83c63c9000 ---p 00000000 00:00 0 
7f83c63c9000-7f83c64ca000 rw-p 00000000 00:00 0 
7f83c64ca000-7f83c64cb000 ---p 00000000 00:00 0 
7f83c64cb000-7f83c65cc000 rw-p 00000000 00:00 0 
7f83c65cc000-7f83c65cd000 ---p 00000000 00:00 0 
7f83c65cd000-7f83c66ce000 rw-p 00000000 00:00 0 
7f83c66ce000-7f83c66cf000 ---p 00000000 00:00 0 
7f83c66cf000-7f83c67d0000 rw-p 00000000 00:00 0 
7f83c67d0000-7f83c67d1000 ---p 00000000 00:00 0 
7f83c67d1000-7f83c68d2000 rw-p 00000000 00:00 0 
7f83c68d2000-7f83c68d3000 ---p 00000000 00:00 0 
7f83c68d3000-7f83c69d4000 rw-p 00000000 00:00 0 
7f83c69d4000-7f83c69d5000 ---p 00000000 00:00 0 
7f83c69d5000-7f83c6ad6000 rw-p 00000000 00:00 0 
7f83c6ad6000-7f83c6ad7000 ---p 00000000 00:00 0 
7f83c6ad7000-7f83c6bd8000 rw-p 00000000 00:00 0 
7f83c6bd8000-7f83c6bd9000 ---p 00000000 00:00 0 
7f83c6bd9000-7f83c6cda000 rw-p 00000000 00:00 0 
7f83c6cda000-7f83c6cdb000 ---p 00000000 00:00 0 
7f83c6cdb000-7f83c6ddc000 rw-p 00000000 00:00 0 
7f83c6ddc000-7f83c6ddd000 ---p 00000000 00:00 0 
7f83c6ddd000-7f83c6ede000 rw-p 00000000 00:00 0 
7f83c6ede000-7f83c6edf000 ---p 00000000 00:00 0 
7f83c6edf000-7f83c6fe0000 rw-p 00000000 00:00 0 
7f83c6fe0000-7f83c6fe1000 ---p 00000000 00:00 0 
7f83c6fe1000-7f83c70e2000 rw-p 00000000 00:00 0 
7f83c70e2000-7f83c70e3000 ---p 00000000 00:00 0 
7f83c70e3000-7f83c71e4000 rw-p 00000000 00:00 0 
7f83c71e4000-7f83c71e5000 ---p 00000000 00:00 0 
7f83c71e5000-7f83c72e6000 rw-p 00000000 00:00 0 
7f83c72e6000-7f83c72e7000 ---p 00000000 00:00 0 
7f83c72e7000-7f83c73e8000 rw-p 00000000 00:00 0 
7f83c73e8000-7f83c73e9000 ---p 00000000 00:00 0 
7f83c73e9000-7f83c74ea000 rw-p 00000000 00:00 0 
7f83c74ea000-7f83c74eb000 ---p 00000000 00:00 0 
7f83c74eb000-7f83c75ec000 rw-p 00000000 00:00 0 
7f83c75ec000-7f83c75ed000 ---p 00000000 00:00 0 
7f83c75ed000-7f83c76ee000 rw-p 00000000 00:00 0 
7f83c76ee000-7f83c76ef000 ---p 00000000 00:00 0 
7f83c76ef000-7f83c77f0000 rw-p 00000000 00:00 0 
7f83c77f0000-7f83c77f1000 ---p 00000000 00:00 0 
7f83c77f1000-7f83c78f2000 rw-p 00000000 00:00 0 
7f83c78f2000-7f83c78f3000 ---p 00000000 00:00 0 
7f83c78f3000-7f83c79f4000 rw-p 00000000 00:00 0 
7f83c79f4000-7f83c79f5000 ---p 00000000 00:00 0 
7f83c79f5000-7f83c7af6000 rw-p 00000000 00:00 0 
7f83c7af6000-7f83c7af7000 ---p 00000000 00:00 0 
7f83c7af7000-7f83c7bf8000 rw-p 00000000 00:00 0 
7f83c7bf8000-7f83c7bf9000 ---p 00000000 00:00 0 
7f83c7bf9000-7f83c7cfa000 rw-p 00000000 00:00 0 
7f83c7cfa000-7f83c7cfb000 ---p 00000000 00:00 0 
7f83c7cfb000-7f83c7dfc000 rw-p 00000000 00:00 0 
7f83c7dfc000-7f83c7dfd000 ---p 00000000 00:00 0 
7f83c7dfd000-7f83c7efe000 rw-p 00000000 00:00 0 
7f83c7efe000-7f83c7eff000 ---p 00000000 00:00 0 
7f83c7eff000-7f83c8000000 rw-p 00000000 00:00 0 
7f83c8000000-7f83c8021000 rw-p 00000000 00:00 0 
7f83c8021000-7f83cc000000 ---p 00000000 00:00 0 
7f83cc000000-7f83cc021000 rw-p 00000000 00:00 0 
7f83cc021000-7f83d0000000 ---p 00000000 00:00 0 
7f83d0000000-7f83d0021000 rw-p 00000000 00:00 0 
7f83d0021000-7f83d4000000 ---p 00000000 00:00 0 
7f83d4000000-7f83d4021000 rw-p 00000000 00:00 0 
7f83d4021000-7f83d8000000 ---p 00000000 00:00 0 
7f83d8000000-7f83d8021000 rw-p 00000000 00:00 0 
7f83d8021000-7f83dc000000 ---p 00000000 00:00 0 
7f83dc000000-7f83dc021000 rw-p 00000000 00:00 0 
7f83dc021000-7f83e0000000 ---p 00000000 00:00 0 
7f83e0000000-7f83e0021000 rw-p 00000000 00:00 0 
7f83e0021000-7f83e4000000 ---p 00000000 00:00 0 
7f83e4000000-7f83e4021000 rw-p 00000000 00:00 0 
7f83e4021000-7f83e8000000 ---p 00000000 00:00 0 
7f83e8000000-7f83e8021000 rw-p 00000000 00:00 0 
7f83e8021000-7f83ec000000 ---p 00000000 00:00 0 
7f83ec000000-7f83ec021000 rw-p 00000000 00:00 0 
7f83ec021000-7f83f0000000 ---p 00000000 00:00 0 
7f83f0000000-7f83f0021000 rw-p 00000000 00:00 0 
7f83f0021000-7f83f4000000 ---p 00000000 00:00 0 
7f83f4000000-7f83f4021000 rw-p 00000000 00:00 0 
7f83f4021000-7f83f8000000 ---p 00000000 00:00 0 
7f83f8000000-7f83f8021000 rw-p 00000000 00:00 0 
7f83f8021000-7f83fc000000 ---p 00000000 00:00 0 
7f83fc000000-7f83fc021000 rw-p 00000000 00:00 0 
7f83fc021000-7f8400000000 ---p 00000000 00:00 0 
7f8400000000-7f8400021000 rw-p 00000000 00:00 0 
7f8400021000-7f8404000000 ---p 00000000 00:00 0 
7f8404000000-7f8404021000 rw-p 00000000 00:00 0 
7f8404021000-7f8408000000 ---p 00000000 00:00 0 
7f8408000000-7f8408021000 rw-p 00000000 00:00 0 
7f8408021000-7f840c000000 ---p 00000000 00:00 0 
7f840c000000-7f840c021000 rw-p 00000000 00:00 0 
7f840c021000-7f8410000000 ---p 00000000 00:00 0 
7f8410000000-7f8410021000 rw-p 00000000 00:00 0 
7f8410021000-7f8414000000 ---p 00000000 00:00 0 
7f8414000000-7f8414021000 rw-p 00000000 00:00 0 
7f8414021000-7f8418000000 ---p 00000000 00:00 0 
7f8418000000-7f8418021000 rw-p 00000000 00:00 0 
7f8418021000-7f841c000000 ---p 00000000 00:00 0 
7f841c000000-7f841c021000 rw-p 00000000 00:00 0 
7f841c021000-7f8420000000 ---p 00000000 00:00 0 
7f8420000000-7f8420021000 rw-p 00000000 00:00 0 
7f8420021000-7f8424000000 ---p 00000000 00:00 0 
7f8424000000-7f8424021000 rw-p 00000000 00:00 0 
7f8424021000-7f8428000000 ---p 00000000 00:00 0 
7f8428000000-7f8428021000 rw-p 00000000 00:00 0 
7f8428021000-7f842c000000 ---p 00000000 00:00 0 
7f842c000000-7f842c021000 rw-p 00000000 00:00 0 
7f842c021000-7f8430000000 ---p 00000000 00:00 0 
7f8430000000-7f8430021000 rw-p 00000000 00:00 0 
7f8430021000-7f8434000000 ---p 00000000 00:00 0 
7f8434000000-7f8434021000 rw-p 00000000 00:00 0 
7f8434021000-7f8438000000 ---p 00000000 00:00 0 
7f8438000000-7f8438021000 rw-p 00000000 00:00 0 
7f8438021000-7f843c000000 ---p 00000000 00:00 0 
7f843c000000-7f843c02a000 rw-p 00000000 00:00 0 
7f843c02a000-7f8440000000 ---p 00000000 00:00 0 
7f8440000000-7f8440021000 rw-p 00000000 00:00 0 
7f8440021000-7f8444000000 ---p 00000000 00:00 0 
7f8444000000-7f8444021000 rw-p 00000000 00:00 0 
7f8444021000-7f8448000000 ---p 00000000 00:00 0 
7f8448000000-7f8448021000 rw-p 00000000 00:00 0 
7f8448021000-7f844c000000 ---p 00000000 00:00 0 
7f844c000000-7f844c021000 rw-p 00000000 00:00 0 
7f844c021000-7f8450000000 ---p 00000000 00:00 0 
7f8450000000-7f8450021000 rw-p 00000000 00:00 0 
7f8450021000-7f8454000000 ---p 00000000 00:00 0 
7f8454000000-7f8454021000 rw-p 00000000 00:00 0 
7f8454021000-7f8458000000 ---p 00000000 00:00 0 
7f8458000000-7f8458021000 rw-p 00000000 00:00 0 
7f8458021000-7f845c000000 ---p 00000000 00:00 0 
7f845c000000-7f845c021000 rw-p 00000000 00:00 0 
7f845c021000-7f8460000000 ---p 00000000 00:00 0 
7f8460000000-7f84613d6000 rw-p 00000000 00:00 0 
7f84613d6000-7f8464000000 ---p 00000000 00:00 0 
7f8464000000-7f84641c7000 rw-p 00000000 00:00 0 
7f84641c7000-7f8468000000 ---p 00000000 00:00 0 
7f8468000000-7f8469ca6000 rw-p 00000000 00:00 0 
7f8469ca6000-7f846c000000 ---p 00000000 00:00 0 
7f846c000000-7f846e3f4000 rw-p 00000000 00:00 0 
7f846e3f4000-7f8470000000 ---p 00000000 00:00 0 
7f8470000000-7f8470021000 rw-p 00000000 00:00 0 
7f8470021000-7f8474000000 ---p 00000000 00:00 0 
7f8474000000-7f84743b2000 rw-p 00000000 00:00 0 
7f84743b2000-7f8478000000 ---p 00000000 00:00 0 
7f8478000000-7f84781cf000 rw-p 00000000 00:00 0 
7f84781cf000-7f847c000000 ---p 00000000 00:00 0 
7f847c000000-7f847c021000 rw-p 00000000 00:00 0 
7f847c021000-7f8480000000 ---p 00000000 00:00 0 
7f8480000000-7f84801d3000 rw-p 00000000 00:00 0 
7f84801d3000-7f8484000000 ---p 00000000 00:00 0 
7f8484000000-7f8484021000 rw-p 00000000 00:00 0 
7f8484021000-7f8488000000 ---p 00000000 00:00 0 
7f8488000000-7f8488021000 rw-p 00000000 00:00 0 
7f8488021000-7f848c000000 ---p 00000000 00:00 0 
7f848c000000-7f848d1f5000 rw-p 00000000 00:00 0 
7f848d1f5000-7f8490000000 ---p 00000000 00:00 0 
7f8490000000-7f8490021000 rw-p 00000000 00:00 0 
7f8490021000-7f8494000000 ---p 00000000 00:00 0 
7f84940d1000-7f84940d2000 ---p 00000000 00:00 0 
7f84940d2000-7f84941d3000 rw-p 00000000 00:00 0 
7f84941d3000-7f84941d4000 ---p 00000000 00:00 0 
7f84941d4000-7f84942d5000 rw-p 00000000 00:00 0 
7f84942d5000-7f84942d6000 ---p 00000000 00:00 0 
7f84942d6000-7f84943d7000 rw-p 00000000 00:00 0 
7f84943d7000-7f84943d8000 ---p 00000000 00:00 0 
7f84943d8000-7f84944d9000 rw-p 00000000 00:00 0 
7f84944d9000-7f84944da000 ---p 00000000 00:00 0 
7f84944da000-7f84945db000 rw-p 00000000 00:00 0 
7f84945db000-7f84945dc000 ---p 00000000 00:00 0 
7f84945dc000-7f84946dd000 rw-p 00000000 00:00 0 
7f84946dd000-7f84946de000 ---p 00000000 00:00 0 
7f84946de000-7f84947df000 rw-p 00000000 00:00 0 
7f84947df000-7f84947e0000 ---p 00000000 00:00 0 
7f84947e0000-7f84948e1000 rw-p 00000000 00:00 0 
7f84948e1000-7f84948e2000 ---p 00000000 00:00 0 
7f84948e2000-7f84949e3000 rw-p 00000000 00:00 0 
7f84949e3000-7f84949e4000 ---p 00000000 00:00 0 
7f84949e4000-7f8494ae5000 rw-p 00000000 00:00 0 
7f8494ae5000-7f8494ae6000 ---p 00000000 00:00 0 
7f8494ae6000-7f8494be7000 rw-p 00000000 00:00 0 
7f8494be7000-7f8494be8000 ---p 00000000 00:00 0 
7f8494be8000-7f8494ce9000 rw-p 00000000 00:00 0 
7f8494ce9000-7f8494cea000 ---p 00000000 00:00 0 
7f8494cea000-7f8494deb000 rw-p 00000000 00:00 0 
7f8494deb000-7f8494dec000 ---p 00000000 00:00 0 
7f8494dec000-7f8494eed000 rw-p 00000000 00:00 0 
7f8494eed000-7f8494eee000 ---p 00000000 00:00 0 
7f8494eee000-7f8494fef000 rw-p 00000000 00:00 0 
7f8494fef000-7f8494ff0000 ---p 00000000 00:00 0 
7f8494ff0000-7f84950f1000 rw-p 00000000 00:00 0 
7f84950f1000-7f84950f2000 ---p 00000000 00:00 0 
7f84950f2000-7f84951f3000 rw-p 00000000 00:00 0 
7f84951f3000-7f84951f4000 ---p 00000000 00:00 0 
7f84951f4000-7f84952f5000 rw-p 00000000 00:00 0 
7f84952f5000-7f84952f6000 ---p 00000000 00:00 0 
7f84952f6000-7f84953f7000 rw-p 00000000 00:00 0 
7f84953f7000-7f84953f8000 ---p 00000000 00:00 0 
7f84953f8000-7f84954f9000 rw-p 00000000 00:00 0 
7f84954f9000-7f84954fa000 ---p 00000000 00:00 0 
7f84954fa000-7f84955fb000 rw-p 00000000 00:00 0 
7f84955fb000-7f84955fc000 ---p 00000000 00:00 0 
7f84955fc000-7f84956fd000 rw-p 00000000 00:00 0 
7f84956fd000-7f84956fe000 ---p 00000000 00:00 0 
7f84956fe000-7f84957ff000 rw-p 00000000 00:00 0 
7f84957ff000-7f8495800000 ---p 00000000 00:00 0 
7f8495800000-7f8495901000 rw-p 00000000 00:00 0 
7f8495901000-7f8495902000 ---p 00000000 00:00 0 
7f8495902000-7f8495a03000 rw-p 00000000 00:00 0 
7f8495a03000-7f8495a04000 ---p 00000000 00:00 0 
7f8495a04000-7f8495b05000 rw-p 00000000 00:00 0 
7f8495b05000-7f8495b06000 ---p 00000000 00:00 0 
7f8495b06000-7f8495c07000 rw-p 00000000 00:00 0 
7f8495c07000-7f8495c08000 ---p 00000000 00:00 0 
7f8495c08000-7f8495d09000 rw-p 00000000 00:00 0 
7f8495d09000-7f8495d0a000 ---p 00000000 00:00 0 
7f8495d0a000-7f8495e0b000 rw-p 00000000 00:00 0 
7f8495e0b000-7f8495e0c000 ---p 00000000 00:00 0 
7f8495e0c000-7f8495f0d000 rw-p 00000000 00:00 0 
7f8495f0d000-7f8495f0e000 ---p 00000000 00:00 0 
7f8495f0e000-7f849600f000 rw-p 00000000 00:00 0 
7f849600f000-7f8496010000 ---p 00000000 00:00 0 
7f8496010000-7f8496111000 rw-p 00000000 00:00 0 
7f8496111000-7f8496112000 ---p 00000000 00:00 0 
7f8496112000-7f8496213000 rw-p 00000000 00:00 0 
7f8496213000-7f8496214000 ---p 00000000 00:00 0 
7f8496214000-7f8496315000 rw-p 00000000 00:00 0 
7f8496315000-7f8496316000 ---p 00000000 00:00 0 
7f8496316000-7f8496417000 rw-p 00000000 00:00 0 
7f8496417000-7f8496418000 ---p 00000000 00:00 0 
7f8496418000-7f8496519000 rw-p 00000000 00:00 0 
7f8496519000-7f849651a000 ---p 00000000 00:00 0 
7f849651a000-7f849681b000 rw-p 00000000 00:00 0 
7f849681b000-7f8496a1b000 rw-p 00000000 00:00 0 
7f8496a1b000-7f8496c1b000 rw-p 00000000 00:00 0 
7f8496c1b000-7f8496e1b000 rw-p 00000000 00:00 0 
7f8496e1b000-7f8496e45000 r-xp 00000000 00:48 15385367                   /usr/pack/vitis-2022.1-zr/Vivado/2022.1/tps/lnx64/jre11.0.11_9/lib/libsunec.so
7f8496e45000-7f8497044000 ---p 0002a000 00:48 15385367                   /usr/pack/vitis-2022.1-zr/Vivado/2022.1/tps/lnx64/jre11.0.11_9/lib/libsunec.so
7f8497044000-7f8497048000 r--p 00029000 00:48 15385367                   /usr/pack/vitis-2022.1-zr/Vivado/2022.1/tps/lnx64/jre11.0.11_9/lib/libsunec.so
7f8497048000-7f849704a000 rw-p 0002d000 00:48 15385367                   /usr/pack/vitis-2022.1-zr/Vivado/2022.1/tps/lnx64/jre11.0.11_9/lib/libsunec.so
7f849704a000-7f84a4000000 r--p 00000000 08:02 67118048                   /usr/lib/locale/locale-archive
7f84a4000000-7f84a4021000 rw-p 00000000 00:00 0 
7f84a4021000-7f84a8000000 ---p 00000000 00:00 0 
7f84a8000000-7f84a8021000 rw-p 00000000 00:00 0 
7f84a8021000-7f84ac000000 ---p 00000000 00:00 0 
7f84ac000000-7f84ac021000 rw-p 00000000 00:00 0 
7f84ac021000-7f84b0000000 ---p 00000000 00:00 0 
7f84b0000000-7f84b0072000 rw-p 00000000 00:00 0 
7f84b0072000-7f84b4000000 ---p 00000000 00:00 0 
7f84b4000000-7f84b4021000 rw-p 00000000 00:00 0 
7f84b4021000-7f84b8000000 ---p 00000000 00:00 0 
7f84b80af000-7f84b80b3000 ---p 00000000 00:00 0 
7f84b80b3000-7f84b86b0000 rw-p 00000000 00:00 0 
7f84b86b0000-7f84b86b4000 ---p 00000000 00:00 0 
7f84b86b4000-7f84b89b1000 rw-p 00000000 00:00 0 
7f84b89b1000-7f84b89b7000 r-xp 00000000 00:48 15329925                   /usr/pack/vitis-2022.1-zr/Vivado/2022.1/tps/lnx64/jre11.0.11_9/lib/libmanagement_ext.so
7f84b89b7000-7f84b8bb6000 ---p 00006000 00:48 15329925                   /usr/pack/vitis-2022.1-zr/Vivado/2022.1/tps/lnx64/jre11.0.11_9/lib/libmanagement_ext.so
7f84b8bb6000-7f84b8bb7000 r--p 00005000 00:48 15329925                   /usr/pack/vitis-2022.1-zr/Vivado/2022.1/tps/lnx64/jre11.0.11_9/lib/libmanagement_ext.so
7f84b8bb7000-7f84b8bb8000 rw-p 00000000 00:00 0 
7f84b8bb8000-7f84b8bbc000 r-xp 00000000 00:48 15329000                   /usr/pack/vitis-2022.1-zr/Vivado/2022.1/tps/lnx64/jre11.0.11_9/lib/libmanagement.so
7f84b8bbc000-7f84b8dbc000 ---p 00004000 00:48 15329000                   /usr/pack/vitis-2022.1-zr/Vivado/2022.1/tps/lnx64/jre11.0.11_9/lib/libmanagement.so
7f84b8dbc000-7f84b8dbd000 r--p 00004000 00:48 15329000                   /usr/pack/vitis-2022.1-zr/Vivado/2022.1/tps/lnx64/jre11.0.11_9/lib/libmanagement.so
7f84b8dbd000-7f84b8dbe000 rw-p 00000000 00:00 0 
7f84b8dbe000-7f84b8dc2000 ---p 00000000 00:00 0 
7f84b8dc2000-7f84b8ebf000 rw-p 00000000 00:00 0 
7f84b8ebf000-7f84b8ec3000 ---p 00000000 00:00 0 
7f84b8ec3000-7f84b8fc0000 rw-p 00000000 00:00 0 
7f84b8fc0000-7f84b8fc4000 ---p 00000000 00:00 0 
7f84b8fc4000-7f84b90c1000 rw-p 00000000 00:00 0 
7f84b90c1000-7f84b90c5000 ---p 00000000 00:00 0 
7f84b90c5000-7f84b91c2000 rw-p 00000000 00:00 0 
7f84b91c2000-7f84b91d9000 r-xp 00000000 00:48 15041706                   /usr/pack/vitis-2022.1-zr/Vivado/2022.1/tps/lnx64/jre11.0.11_9/lib/libnet.so
7f84b91d9000-7f84b93d8000 ---p 00017000 00:48 15041706                   /usr/pack/vitis-2022.1-zr/Vivado/2022.1/tps/lnx64/jre11.0.11_9/lib/libnet.so
7f84b93d8000-7f84b93d9000 r--p 00016000 00:48 15041706                   /usr/pack/vitis-2022.1-zr/Vivado/2022.1/tps/lnx64/jre11.0.11_9/lib/libnet.so
7f84b93d9000-7f84b93da000 rw-p 00017000 00:48 15041706                   /usr/pack/vitis-2022.1-zr/Vivado/2022.1/tps/lnx64/jre11.0.11_9/lib/libnet.so
7f84b93da000-7f84b93ea000 r-xp 00000000 00:48 15384179                   /usr/pack/vitis-2022.1-zr/Vivado/2022.1/tps/lnx64/jre11.0.11_9/lib/libnio.so
7f84b93ea000-7f84b95ea000 ---p 00010000 00:48 15384179                   /usr/pack/vitis-2022.1-zr/Vivado/2022.1/tps/lnx64/jre11.0.11_9/lib/libnio.so
7f84b95ea000-7f84b95eb000 r--p 00010000 00:48 15384179                   /usr/pack/vitis-2022.1-zr/Vivado/2022.1/tps/lnx64/jre11.0.11_9/lib/libnio.so
7f84b95eb000-7f84b95ec000 rw-p 00011000 00:48 15384179                   /usr/pack/vitis-2022.1-zr/Vivado/2022.1/tps/lnx64/jre11.0.11_9/lib/libnio.so
7f84b95ec000-7f84b95f0000 ---p 00000000 00:00 0 
7f84b95f0000-7f84b99ed000 rw-p 00000000 00:00 0 
7f84b99ed000-7f84b99ee000 ---p 00000000 00:00 0 
7f84b99ee000-7f84b9aef000 rw-p 00000000 00:00 0 
7f84b9aef000-7f84b9af3000 ---p 00000000 00:00 0 
7f84b9af3000-7f84b9bf0000 rw-p 00000000 00:00 0 
7f84b9bf0000-7f84b9bf4000 ---p 00000000 00:00 0 
7f84b9bf4000-7f84b9ff1000 rw-p 00000000 00:00 0 
7f84b9ff1000-7f84b9ff5000 ---p 00000000 00:00 0 
7f84b9ff5000-7f84ba0f2000 rw-p 00000000 00:00 0 
7f84ba0f2000-7f84ba0f6000 ---p 00000000 00:00 0 
7f84ba0f6000-7f84ba1f3000 rw-p 00000000 00:00 0 
7f84ba1f3000-7f84ba1f7000 ---p 00000000 00:00 0 
7f84ba1f7000-7f84ba5f4000 rw-p 00000000 00:00 0 
7f84ba5f4000-7f84ba5f8000 ---p 00000000 00:00 0 
7f84ba5f8000-7f84ba9f5000 rw-p 00000000 00:00 0 
7f84ba9f5000-7f84ba9f9000 ---p 00000000 00:00 0 
7f84ba9f9000-7f84badf6000 rw-p 00000000 00:00 0 
7f84badf6000-7f84badfa000 ---p 00000000 00:00 0 
7f84badfa000-7f84bb1f7000 rw-p 00000000 00:00 0 
7f84bb1f7000-7f84bb1f8000 ---p 00000000 00:00 0 
7f84bb1f8000-7f84bbaf9000 rw-p 00000000 00:00 0 
7f84bbaf9000-7f84bbafa000 ---p 00000000 00:00 0 
7f84bbafa000-7f84bbbfb000 rw-p 00000000 00:00 0 
7f84bbbfb000-7f84bbbfc000 ---p 00000000 00:00 0 
7f84bbbfc000-7f84bc000000 rw-p 00000000 00:00 0 
7f84bc000000-7f84bc021000 rw-p 00000000 00:00 0 
7f84bc021000-7f84c0000000 ---p 00000000 00:00 0 
7f84c00c1000-7f84c4000000 rw-p 00000000 00:00 0 
7f84c4000000-7f84c4026000 rw-p 00000000 00:00 0 
7f84c4026000-7f84c8000000 ---p 00000000 00:00 0 
7f84c80be000-7f84cb1cf000 rw-p 00000000 00:00 0 
7f84cb1cf000-7f84cb1d0000 ---p 00000000 00:00 0 
7f84cb1d0000-7f84cb2d1000 rw-p 00000000 00:00 0 
7f84cb2d1000-7f84cb2d2000 ---p 00000000 00:00 0 
7f84cb2d2000-7f84cdfbe000 rw-p 00000000 00:00 0 
7f84cdfbe000-7f84d0fbe000 ---p 00000000 00:00 0 
7f84d0fbe000-7f84d2fbe000 rw-p 00000000 00:00 0 
7f84d2fbe000-7f84d5fbe000 ---p 00000000 00:00 0 
7f84d5fbe000-7f84d63be000 rw-p 00000000 00:00 0 
7f84d63be000-7f84d69be000 ---p 00000000 00:00 0 
7f84d69be000-7f84d6dbe000 rw-p 00000000 00:00 0 
7f84d6dbe000-7f84d73be000 ---p 00000000 00:00 0 
7f84d73be000-7f84d77be000 rw-p 00000000 00:00 0 
7f84d77be000-7f84d7dbe000 ---p 00000000 00:00 0 
7f84d7dbe000-7f84dc000000 rw-p 00000000 00:00 0 
7f84dc000000-7f84dc021000 rw-p 00000000 00:00 0 
7f84dc021000-7f84e0000000 ---p 00000000 00:00 0 
7f84e000a000-7f84e003f000 r--s 00000000 08:02 218242022                  /var/db/nscd/hosts
7f84e003f000-7f84e0878000 rw-p 00000000 00:00 0 
7f84e0878000-7f84e0d28000 rwxp 00000000 00:00 0 
7f84e0d28000-7f84e1165000 ---p 00000000 00:00 0 
7f84e1165000-7f84e1b35000 rwxp 00000000 00:00 0 
7f84e1b35000-7f84e84ee000 ---p 00000000 00:00 0 
7f84e84ee000-7f84e878e000 rwxp 00000000 00:00 0 
7f84e878e000-7f84ef878000 ---p 00000000 00:00 0 
7f84ef878000-7f84f8000000 r--s 00000000 00:48 15040153                   /usr/pack/vitis-2022.1-zr/Vivado/2022.1/tps/lnx64/jre11.0.11_9/lib/modules
7f84f8000000-7f84fbdec000 rw-p 00000000 00:00 0 
7f84fbdec000-7f84fc000000 ---p 00000000 00:00 0 
7f84fc022000-7f84fca07000 rw-p 00000000 00:00 0 
7f84fca07000-7f84fca08000 ---p 00000000 00:00 0 
7f84fca08000-7f84fcb0f000 rw-p 00000000 00:00 0 
7f84fcb0f000-7f84fcbf1000 ---p 00000000 00:00 0 
7f84fcbf1000-7f84fcbf8000 r-xp 00000000 00:48 15041117                   /usr/pack/vitis-2022.1-zr/Vivado/2022.1/tps/lnx64/jre11.0.11_9/lib/libzip.so
7f84fcbf8000-7f84fcdf8000 ---p 00007000 00:48 15041117                   /usr/pack/vitis-2022.1-zr/Vivado/2022.1/tps/lnx64/jre11.0.11_9/lib/libzip.so
7f84fcdf8000-7f84fcdf9000 r--p 00007000 00:48 15041117                   /usr/pack/vitis-2022.1-zr/Vivado/2022.1/tps/lnx64/jre11.0.11_9/lib/libzip.so
7f84fcdf9000-7f84fcdfa000 rw-p 00000000 00:00 0 
7f84fcdfa000-7f84fce05000 r-xp 00000000 00:48 15328599                   /usr/pack/vitis-2022.1-zr/Vivado/2022.1/tps/lnx64/jre11.0.11_9/lib/libjimage.so
7f84fce05000-7f84fd004000 ---p 0000b000 00:48 15328599                   /usr/pack/vitis-2022.1-zr/Vivado/2022.1/tps/lnx64/jre11.0.11_9/lib/libjimage.so
7f84fd004000-7f84fd005000 r--p 0000a000 00:48 15328599                   /usr/pack/vitis-2022.1-zr/Vivado/2022.1/tps/lnx64/jre11.0.11_9/lib/libjimage.so
7f84fd005000-7f84fd006000 rw-p 0000b000 00:48 15328599                   /usr/pack/vitis-2022.1-zr/Vivado/2022.1/tps/lnx64/jre11.0.11_9/lib/libjimage.so
7f84fd006000-7f84fd02f000 r-xp 00000000 00:48 15385488                   /usr/pack/vitis-2022.1-zr/Vivado/2022.1/tps/lnx64/jre11.0.11_9/lib/libjava.so
7f84fd02f000-7f84fd22f000 ---p 00029000 00:48 15385488                   /usr/pack/vitis-2022.1-zr/Vivado/2022.1/tps/lnx64/jre11.0.11_9/lib/libjava.so
7f84fd22f000-7f84fd230000 r--p 00029000 00:48 15385488                   /usr/pack/vitis-2022.1-zr/Vivado/2022.1/tps/lnx64/jre11.0.11_9/lib/libjava.so
7f84fd230000-7f84fd231000 rw-p 0002a000 00:48 15385488                   /usr/pack/vitis-2022.1-zr/Vivado/2022.1/tps/lnx64/jre11.0.11_9/lib/libjava.so
7f84fd231000-7f84fd232000 rw-p 00000000 00:00 0 
7f84fd232000-7f84fd240000 r-xp 00000000 00:48 15189937                   /usr/pack/vitis-2022.1-zr/Vivado/2022.1/tps/lnx64/jre11.0.11_9/lib/libverify.so
7f84fd240000-7f84fd43f000 ---p 0000e000 00:48 15189937                   /usr/pack/vitis-2022.1-zr/Vivado/2022.1/tps/lnx64/jre11.0.11_9/lib/libverify.so
7f84fd43f000-7f84fd441000 r--p 0000d000 00:48 15189937                   /usr/pack/vitis-2022.1-zr/Vivado/2022.1/tps/lnx64/jre11.0.11_9/lib/libverify.so
7f84fd441000-7f84fd442000 rw-p 00000000 00:00 0 
7f84fd442000-7f84fd449000 r-xp 00000000 08:02 210912110                  /usr/lib64/librt-2.28.so
7f84fd449000-7f84fd648000 ---p 00007000 08:02 210912110                  /usr/lib64/librt-2.28.so
7f84fd648000-7f84fd649000 r--p 00006000 08:02 210912110                  /usr/lib64/librt-2.28.so
7f84fd649000-7f84fd64a000 rw-p 00007000 08:02 210912110                  /usr/lib64/librt-2.28.so
7f84fd64a000-7f84fd64e000 ---p 00000000 00:00 0 
7f84fd64e000-7f84fda4b000 rw-p 00000000 00:00 0 
7f84fda4b000-7f84fda62000 r-xp 00000000 00:48 14909888                   /usr/pack/vitis-2022.1-zr/Vivado/2022.1/lib/lnx64.o/Default/libgcc_s.so.1
7f84fda62000-7f84fdc61000 ---p 00017000 00:48 14909888                   /usr/pack/vitis-2022.1-zr/Vivado/2022.1/lib/lnx64.o/Default/libgcc_s.so.1
7f84fdc61000-7f84fdc62000 rw-p 00016000 00:48 14909888                   /usr/pack/vitis-2022.1-zr/Vivado/2022.1/lib/lnx64.o/Default/libgcc_s.so.1
7f84fdc62000-7f84fdde2000 r-xp 00000000 08:02 210912101                  /usr/lib64/libm-2.28.so
7f84fdde2000-7f84fdfe2000 ---p 00180000 08:02 210912101                  /usr/lib64/libm-2.28.so
7f84fdfe2000-7f84fdfe3000 r--p 00180000 08:02 210912101                  /usr/lib64/libm-2.28.so
7f84fdfe3000-7f84fdfe4000 rw-p 00181000 08:02 210912101                  /usr/lib64/libm-2.28.so
7f84fdfe4000-7f84fe158000 r-xp 00000000 00:48 15340734                   /usr/pack/vitis-2022.1-zr/Vivado/2022.1/lib/lnx64.o/Default/libstdc++.so.6
7f84fe158000-7f84fe357000 ---p 00174000 00:48 15340734                   /usr/pack/vitis-2022.1-zr/Vivado/2022.1/lib/lnx64.o/Default/libstdc++.so.6
7f84fe357000-7f84fe361000 r--p 00173000 00:48 15340734                   /usr/pack/vitis-2022.1-zr/Vivado/2022.1/lib/lnx64.o/Default/libstdc++.so.6
7f84fe361000-7f84fe363000 rw-p 0017d000 00:48 15340734                   /usr/pack/vitis-2022.1-zr/Vivado/2022.1/lib/lnx64.o/Default/libstdc++.so.6
7f84fe363000-7f84fe367000 rw-p 00000000 00:00 0 
7f84fe367000-7f84ff47d000 r-xp 00000000 00:48 15328118                   /usr/pack/vitis-2022.1-zr/Vivado/2022.1/tps/lnx64/jre11.0.11_9/lib/server/libjvm.so
7f84ff47d000-7f84ff67c000 ---p 01116000 00:48 15328118                   /usr/pack/vitis-2022.1-zr/Vivado/2022.1/tps/lnx64/jre11.0.11_9/lib/server/libjvm.so
7f84ff67c000-7f84ff755000 r--p 01115000 00:48 15328118                   /usr/pack/vitis-2022.1-zr/Vivado/2022.1/tps/lnx64/jre11.0.11_9/lib/server/libjvm.so
7f84ff755000-7f84ff78e000 rw-p 011ee000 00:48 15328118                   /usr/pack/vitis-2022.1-zr/Vivado/2022.1/tps/lnx64/jre11.0.11_9/lib/server/libjvm.so
7f84ff78e000-7f84ff7e5000 rw-p 00000000 00:00 0 
7f84ff7e5000-7f84ff9a0000 r-xp 00000000 08:02 210912099                  /usr/lib64/libc-2.28.so
7f84ff9a0000-7f84ffba0000 ---p 001bb000 08:02 210912099                  /usr/lib64/libc-2.28.so
7f84ffba0000-7f84ffba4000 r--p 001bb000 08:02 210912099                  /usr/lib64/libc-2.28.so
7f84ffba4000-7f84ffba6000 rw-p 001bf000 08:02 210912099                  /usr/lib64/libc-2.28.so
7f84ffba6000-7f84ffbaa000 rw-p 00000000 00:00 0 
7f84ffbaa000-7f84ffbad000 r-xp 00000000 08:02 210912100                  /usr/lib64/libdl-2.28.so
7f84ffbad000-7f84ffdac000 ---p 00003000 08:02 210912100                  /usr/lib64/libdl-2.28.so
7f84ffdac000-7f84ffdad000 r--p 00002000 08:02 210912100                  /usr/lib64/libdl-2.28.so
7f84ffdad000-7f84ffdae000 rw-p 00003000 08:02 210912100                  /usr/lib64/libdl-2.28.so
7f84ffdae000-7f84ffdbd000 r-xp 00000000 00:48 14969083                   /usr/pack/vitis-2022.1-zr/Vivado/2022.1/tps/lnx64/jre11.0.11_9/lib/jli/libjli.so
7f84ffdbd000-7f84fffbc000 ---p 0000f000 00:48 14969083                   /usr/pack/vitis-2022.1-zr/Vivado/2022.1/tps/lnx64/jre11.0.11_9/lib/jli/libjli.so
7f84fffbc000-7f84fffbd000 r--p 0000e000 00:48 14969083                   /usr/pack/vitis-2022.1-zr/Vivado/2022.1/tps/lnx64/jre11.0.11_9/lib/jli/libjli.so
7f84fffbd000-7f84fffbe000 rw-p 0000f000 00:48 14969083                   /usr/pack/vitis-2022.1-zr/Vivado/2022.1/tps/lnx64/jre11.0.11_9/lib/jli/libjli.so
7f84fffbe000-7f84fffd9000 r-xp 00000000 08:02 210912108                  /usr/lib64/libpthread-2.28.so
7f84fffd9000-7f85001d8000 ---p 0001b000 08:02 210912108                  /usr/lib64/libpthread-2.28.so
7f85001d8000-7f85001d9000 r--p 0001a000 08:02 210912108                  /usr/lib64/libpthread-2.28.so
7f85001d9000-7f85001da000 rw-p 0001b000 08:02 210912108                  /usr/lib64/libpthread-2.28.so
7f85001da000-7f85001de000 rw-p 00000000 00:00 0 
7f85001de000-7f85001f4000 r-xp 00000000 08:02 209056747                  /usr/lib64/libz.so.1.2.11
7f85001f4000-7f85003f4000 ---p 00016000 08:02 209056747                  /usr/lib64/libz.so.1.2.11
7f85003f4000-7f85003f5000 r--p 00016000 08:02 209056747                  /usr/lib64/libz.so.1.2.11
7f85003f5000-7f85003f6000 rw-p 00000000 00:00 0 
7f85003f6000-7f8500424000 r-xp 00000000 08:02 210653821                  /usr/lib64/ld-2.28.so
7f8500431000-7f8500432000 rw-s 00003000 00:df 91710                      /home/vborghi/.Xilinx/Vivado/2022.1/sigasi-cache/cache-1744393100578/model-cache/sigasiBuildCache/file/emfNodeCache_fca8f9db1dfa47fff04521a3a219f687d47a685f/offheap-disk-store/ehcache-disk-store.data
7f8500432000-7f8500433000 rw-s 00003000 00:df 91710                      /home/vborghi/.Xilinx/Vivado/2022.1/sigasi-cache/cache-1744393100578/model-cache/sigasiBuildCache/file/emfNodeCache_fca8f9db1dfa47fff04521a3a219f687d47a685f/offheap-disk-store/ehcache-disk-store.data
7f8500433000-7f8500434000 rw-s 00003000 00:df 91710                      /home/vborghi/.Xilinx/Vivado/2022.1/sigasi-cache/cache-1744393100578/model-cache/sigasiBuildCache/file/emfNodeCache_fca8f9db1dfa47fff04521a3a219f687d47a685f/offheap-disk-store/ehcache-disk-store.data
7f8500434000-7f8500435000 rw-s 00003000 00:df 91710                      /home/vborghi/.Xilinx/Vivado/2022.1/sigasi-cache/cache-1744393100578/model-cache/sigasiBuildCache/file/emfNodeCache_fca8f9db1dfa47fff04521a3a219f687d47a685f/offheap-disk-store/ehcache-disk-store.data
7f8500435000-7f8500436000 rw-s 00002000 00:df 91710                      /home/vborghi/.Xilinx/Vivado/2022.1/sigasi-cache/cache-1744393100578/model-cache/sigasiBuildCache/file/emfNodeCache_fca8f9db1dfa47fff04521a3a219f687d47a685f/offheap-disk-store/ehcache-disk-store.data
7f8500436000-7f8500437000 rw-s 00002000 00:df 91710                      /home/vborghi/.Xilinx/Vivado/2022.1/sigasi-cache/cache-1744393100578/model-cache/sigasiBuildCache/file/emfNodeCache_fca8f9db1dfa47fff04521a3a219f687d47a685f/offheap-disk-store/ehcache-disk-store.data
7f8500437000-7f8500438000 rw-s 00002000 00:df 91710                      /home/vborghi/.Xilinx/Vivado/2022.1/sigasi-cache/cache-1744393100578/model-cache/sigasiBuildCache/file/emfNodeCache_fca8f9db1dfa47fff04521a3a219f687d47a685f/offheap-disk-store/ehcache-disk-store.data
7f8500438000-7f8500439000 rw-s 00002000 00:df 91710                      /home/vborghi/.Xilinx/Vivado/2022.1/sigasi-cache/cache-1744393100578/model-cache/sigasiBuildCache/file/emfNodeCache_fca8f9db1dfa47fff04521a3a219f687d47a685f/offheap-disk-store/ehcache-disk-store.data
7f8500439000-7f850043a000 rw-s 00001000 00:df 91710                      /home/vborghi/.Xilinx/Vivado/2022.1/sigasi-cache/cache-1744393100578/model-cache/sigasiBuildCache/file/emfNodeCache_fca8f9db1dfa47fff04521a3a219f687d47a685f/offheap-disk-store/ehcache-disk-store.data
7f850043a000-7f850043b000 rw-s 00001000 00:df 91710                      /home/vborghi/.Xilinx/Vivado/2022.1/sigasi-cache/cache-1744393100578/model-cache/sigasiBuildCache/file/emfNodeCache_fca8f9db1dfa47fff04521a3a219f687d47a685f/offheap-disk-store/ehcache-disk-store.data
7f850043b000-7f850043c000 rw-s 00001000 00:df 91710                      /home/vborghi/.Xilinx/Vivado/2022.1/sigasi-cache/cache-1744393100578/model-cache/sigasiBuildCache/file/emfNodeCache_fca8f9db1dfa47fff04521a3a219f687d47a685f/offheap-disk-store/ehcache-disk-store.data
7f850043c000-7f850043d000 rw-s 00001000 00:df 91710                      /home/vborghi/.Xilinx/Vivado/2022.1/sigasi-cache/cache-1744393100578/model-cache/sigasiBuildCache/file/emfNodeCache_fca8f9db1dfa47fff04521a3a219f687d47a685f/offheap-disk-store/ehcache-disk-store.data
7f850043d000-7f850043e000 rw-s 00000000 00:df 91710                      /home/vborghi/.Xilinx/Vivado/2022.1/sigasi-cache/cache-1744393100578/model-cache/sigasiBuildCache/file/emfNodeCache_fca8f9db1dfa47fff04521a3a219f687d47a685f/offheap-disk-store/ehcache-disk-store.data
7f850043e000-7f850043f000 rw-s 00000000 00:df 91710                      /home/vborghi/.Xilinx/Vivado/2022.1/sigasi-cache/cache-1744393100578/model-cache/sigasiBuildCache/file/emfNodeCache_fca8f9db1dfa47fff04521a3a219f687d47a685f/offheap-disk-store/ehcache-disk-store.data
7f850043f000-7f8500440000 rw-s 00000000 00:df 91710                      /home/vborghi/.Xilinx/Vivado/2022.1/sigasi-cache/cache-1744393100578/model-cache/sigasiBuildCache/file/emfNodeCache_fca8f9db1dfa47fff04521a3a219f687d47a685f/offheap-disk-store/ehcache-disk-store.data
7f8500440000-7f8500441000 rw-s 00000000 00:df 91710                      /home/vborghi/.Xilinx/Vivado/2022.1/sigasi-cache/cache-1744393100578/model-cache/sigasiBuildCache/file/emfNodeCache_fca8f9db1dfa47fff04521a3a219f687d47a685f/offheap-disk-store/ehcache-disk-store.data
7f8500441000-7f8500442000 rw-s 00003000 00:df 90950                      /home/vborghi/.Xilinx/Vivado/2022.1/sigasi-cache/cache-1744393100578/model-cache/sigasiBuildCache/file/settingsCache_20f585f57226df25cf680c83a9830c59d810bf68/offheap-disk-store/ehcache-disk-store.data
7f8500442000-7f8500443000 rw-s 00003000 00:df 90950                      /home/vborghi/.Xilinx/Vivado/2022.1/sigasi-cache/cache-1744393100578/model-cache/sigasiBuildCache/file/settingsCache_20f585f57226df25cf680c83a9830c59d810bf68/offheap-disk-store/ehcache-disk-store.data
7f8500443000-7f85004ea000 rw-p 00000000 00:00 0 
7f85004ea000-7f85005be000 ---p 00000000 00:00 0 
7f85005be000-7f85005c8000 rw-p 00000000 00:00 0 
7f85005c8000-7f85005d0000 ---p 00000000 00:00 0 
7f85005d0000-7f8500605000 r--s 00000000 08:02 201335477                  /var/db/nscd/passwd
7f8500605000-7f850060a000 rw-p 00000000 00:00 0 
7f850060a000-7f850060b000 rw-s 00003000 00:df 90950                      /home/vborghi/.Xilinx/Vivado/2022.1/sigasi-cache/cache-1744393100578/model-cache/sigasiBuildCache/file/settingsCache_20f585f57226df25cf680c83a9830c59d810bf68/offheap-disk-store/ehcache-disk-store.data
7f850060b000-7f850060c000 rw-s 00003000 00:df 90950                      /home/vborghi/.Xilinx/Vivado/2022.1/sigasi-cache/cache-1744393100578/model-cache/sigasiBuildCache/file/settingsCache_20f585f57226df25cf680c83a9830c59d810bf68/offheap-disk-store/ehcache-disk-store.data
7f850060c000-7f850060d000 rw-s 00002000 00:df 90950                      /home/vborghi/.Xilinx/Vivado/2022.1/sigasi-cache/cache-1744393100578/model-cache/sigasiBuildCache/file/settingsCache_20f585f57226df25cf680c83a9830c59d810bf68/offheap-disk-store/ehcache-disk-store.data
7f850060d000-7f850060e000 rw-s 00002000 00:df 90950                      /home/vborghi/.Xilinx/Vivado/2022.1/sigasi-cache/cache-1744393100578/model-cache/sigasiBuildCache/file/settingsCache_20f585f57226df25cf680c83a9830c59d810bf68/offheap-disk-store/ehcache-disk-store.data
7f850060e000-7f850060f000 rw-s 00002000 00:df 90950                      /home/vborghi/.Xilinx/Vivado/2022.1/sigasi-cache/cache-1744393100578/model-cache/sigasiBuildCache/file/settingsCache_20f585f57226df25cf680c83a9830c59d810bf68/offheap-disk-store/ehcache-disk-store.data
7f850060f000-7f8500610000 rw-s 00002000 00:df 90950                      /home/vborghi/.Xilinx/Vivado/2022.1/sigasi-cache/cache-1744393100578/model-cache/sigasiBuildCache/file/settingsCache_20f585f57226df25cf680c83a9830c59d810bf68/offheap-disk-store/ehcache-disk-store.data
7f8500610000-7f8500611000 rw-s 00001000 00:df 90950                      /home/vborghi/.Xilinx/Vivado/2022.1/sigasi-cache/cache-1744393100578/model-cache/sigasiBuildCache/file/settingsCache_20f585f57226df25cf680c83a9830c59d810bf68/offheap-disk-store/ehcache-disk-store.data
7f8500611000-7f8500612000 rw-s 00001000 00:df 90950                      /home/vborghi/.Xilinx/Vivado/2022.1/sigasi-cache/cache-1744393100578/model-cache/sigasiBuildCache/file/settingsCache_20f585f57226df25cf680c83a9830c59d810bf68/offheap-disk-store/ehcache-disk-store.data
7f8500612000-7f8500613000 rw-s 00001000 00:df 90950                      /home/vborghi/.Xilinx/Vivado/2022.1/sigasi-cache/cache-1744393100578/model-cache/sigasiBuildCache/file/settingsCache_20f585f57226df25cf680c83a9830c59d810bf68/offheap-disk-store/ehcache-disk-store.data
7f8500613000-7f8500614000 rw-s 00001000 00:df 90950                      /home/vborghi/.Xilinx/Vivado/2022.1/sigasi-cache/cache-1744393100578/model-cache/sigasiBuildCache/file/settingsCache_20f585f57226df25cf680c83a9830c59d810bf68/offheap-disk-store/ehcache-disk-store.data
7f8500614000-7f8500615000 rw-s 00000000 00:df 90950                      /home/vborghi/.Xilinx/Vivado/2022.1/sigasi-cache/cache-1744393100578/model-cache/sigasiBuildCache/file/settingsCache_20f585f57226df25cf680c83a9830c59d810bf68/offheap-disk-store/ehcache-disk-store.data
7f8500615000-7f8500616000 rw-s 00000000 00:df 90950                      /home/vborghi/.Xilinx/Vivado/2022.1/sigasi-cache/cache-1744393100578/model-cache/sigasiBuildCache/file/settingsCache_20f585f57226df25cf680c83a9830c59d810bf68/offheap-disk-store/ehcache-disk-store.data
7f8500616000-7f8500617000 rw-s 00000000 00:df 90950                      /home/vborghi/.Xilinx/Vivado/2022.1/sigasi-cache/cache-1744393100578/model-cache/sigasiBuildCache/file/settingsCache_20f585f57226df25cf680c83a9830c59d810bf68/offheap-disk-store/ehcache-disk-store.data
7f8500617000-7f8500618000 rw-s 00000000 00:df 90950                      /home/vborghi/.Xilinx/Vivado/2022.1/sigasi-cache/cache-1744393100578/model-cache/sigasiBuildCache/file/settingsCache_20f585f57226df25cf680c83a9830c59d810bf68/offheap-disk-store/ehcache-disk-store.data
7f8500618000-7f8500620000 rw-s 00000000 00:2e 225247832                  /tmp/hsperfdata_vborghi/831012
7f8500620000-7f8500621000 ---p 00000000 00:00 0 
7f8500621000-7f8500622000 r--p 00000000 00:00 0 
7f8500622000-7f8500624000 rw-p 00000000 00:00 0 
7f8500624000-7f8500625000 r--p 0002e000 08:02 210653821                  /usr/lib64/ld-2.28.so
7f8500625000-7f8500627000 rw-p 0002f000 08:02 210653821                  /usr/lib64/ld-2.28.so
7ffd586c9000-7ffd586ec000 rw-p 00000000 00:00 0                          [stack]
7ffd586f7000-7ffd586fb000 r--p 00000000 00:00 0                          [vvar]
7ffd586fb000-7ffd586fd000 r-xp 00000000 00:00 0                          [vdso]
ffffffffff600000-ffffffffff601000 r-xp 00000000 00:00 0                  [vsyscall]


VM Arguments:
jvm_args: -Xmx5G -Xss4m 
java_command: com.sigasi.lsp.server.BootstrappedLspServer --enable-deadmans-trigger --data-location=/home/vborghi/.Xilinx/Vivado/2022.1/sigasi-cache/cache-1744393100578
java_class_path (initial): /usr/pack/vitis-2022.1-zr/Vivado/2022.1/lib/sigasi/slf4j-nop-1.7.32.jar:/usr/pack/vitis-2022.1-zr/Vivado/2022.1/lib/sigasi/EccpressoAll.jar:/usr/pack/vitis-2022.1-zr/Vivado/2022.1/lib/sigasi/com.fasterxml.jackson.core.jackson-core_2.12.1.v20210128-1726.jar:/usr/pack/vitis-2022.1-zr/Vivado/2022.1/lib/sigasi/com.vladsch.flexmark.flexmark-ext-tables_0.62.2.jar:/usr/pack/vitis-2022.1-zr/Vivado/2022.1/lib/sigasi/org.slf4j.api_1.7.30.v20200204-2150.jar:/usr/pack/vitis-2022.1-zr/Vivado/2022.1/lib/sigasi/com.fasterxml.jackson.core.jackson-annotations_2.12.1.v20210128-1726.jar:/usr/pack/vitis-2022.1-zr/Vivado/2022.1/lib/sigasi/com.google.gson_2.8.7.v20210624-1215.jar:/usr/pack/vitis-2022.1-zr/Vivado/2022.1/lib/sigasi/org.eclipse.emf.ecore.xcore.lib_1.6.0.v20210405-0628.jar:/usr/pack/vitis-2022.1-zr/Vivado/2022.1/lib/sigasi/org.eclipse.xtext.ide_2.25.0.v20210301-0843.jar:/usr/pack/vitis-2022.1-zr/Vivado/2022.1/lib/sigasi/justify-3.0.0-RC2.jar:/usr/pack/vitis-2022.1-zr/Vivado/2022.1/lib/sigasi/com.sigasi.lsp.server_4.15.0.202201101137.jar:/usr/pack/vitis-2022.1-zr/Vivado/2022.1/lib/sigasi/org.eclipse.core.jobs_3.12.0.v20210723-1034.jar:/usr/pack/vitis-2022.1-zr/Vivado/2022.1/lib/sigasi/com.sigasi.hdt.shared.ide_4.15.0.202201101137.jar:/usr/pack/vitis-2022.1-zr/Vivado/2022.1/lib/sigasi/jakarta.json-api-2.0.0-RC2.jar:/usr/pack/vitis-2022.1-zr/Vivado/2022.1/lib/sigasi/org.ehcache_3.9.6.jar:/usr/pack/vitis-2022.1-zr/Vivado/2022.1/lib/sigasi/com.sigasi.lcm_4.15.0.202201101137.jar:/usr/pack/vitis-2022.1-zr/Vivado/2022.1/lib/sigasi/org.eclipse.osgi_3.17.0.v20210823-1805.jar:/usr/pack/vitis-2022.1-zr/Vivado/2022.1/lib/sigasi/com.vladsch.flexmark.flexmark-util-ast_0.62.2.jar:/usr/pack/vitis-2022.1-zr/Vivado/2022.1/lib/sigasi/com.sigasi.hdt.graphics.model_4.15.0.202201101137.jar:/usr/pack/vitis-2022.1-zr/Vivado/2022.1/lib/sigasi/org.eclipse.core.filesystem_1.9.100.v20210611-0919.jar:/usr/pack/vitis-2022.1-zr/Vivado/2022.1/lib/sigasi/com.carrotsearch.hppc_0.9
Launcher Type: SUN_STANDARD

[Global flags]
     intx CICompilerCount                          = 21                                        {product} {ergonomic}
     uint ConcGCThreads                            = 21                                        {product} {ergonomic}
     uint G1ConcRefinementThreads                  = 83                                        {product} {ergonomic}
   size_t G1HeapRegionSize                         = 1048576                                   {product} {ergonomic}
    uintx GCDrainStackTargetSize                   = 64                                        {product} {ergonomic}
   size_t InitialHeapSize                          = 2147483648                                {product} {ergonomic}
   size_t MarkStackSize                            = 4194304                                   {product} {ergonomic}
   size_t MaxHeapSize                              = 5368709120                                {product} {command line}
   size_t MaxNewSize                               = 3221225472                                {product} {ergonomic}
   size_t MinHeapDeltaBytes                        = 1048576                                   {product} {ergonomic}
    uintx NonNMethodCodeHeapSize                   = 9357844                                {pd product} {ergonomic}
    uintx NonProfiledCodeHeapSize                  = 121150198                              {pd product} {ergonomic}
    uintx ProfiledCodeHeapSize                     = 121150198                              {pd product} {ergonomic}
    uintx ReservedCodeCacheSize                    = 251658240                              {pd product} {ergonomic}
     bool SegmentedCodeCache                       = true                                      {product} {ergonomic}
     intx ThreadStackSize                          = 4096                                   {pd product} {command line}
     bool UseCompressedClassPointers               = true                                 {lp64_product} {ergonomic}
     bool UseCompressedOops                        = true                                 {lp64_product} {ergonomic}
     bool UseG1GC                                  = true                                      {product} {ergonomic}

Logging:
Log output configuration:
 #0: stdout all=warning uptime,level,tags
 #1: stderr all=off uptime,level,tags

Environment Variables:
PATH=/usr/pack/vitis-2022.1-zr/Vivado/2022.1/tps/lnx64/python-3.8.3:/usr/pack/vitis-2022.1-zr/Vivado/2022.1/tps/lnx64/python-3.8.3/bin:/usr/pack/vitis-2022.1-zr/Vivado/2022.1/tps/lnx64/python-3.8.3/lib:/usr/pack/vitis-2022.1-zr/Vivado/2022.1/tps/lnx64/python-3.8.3/lib/python3.8/site-packages:/usr/pack/vitis-2022.1-zr/xrt/python:/usr/pack/vitis-2022.1-zr/Vivado/2022.1/gnu/microblaze/lin/bin:/usr/pack/vitis-2022.1-zr/Vivado/2022.1/bin:/usr/pack/vitis-2022.1-zr/Vivado/2022.1/tps/lnx64/jre11.0.11_9/bin:/usr/pack/vitis-2022.1-zr/Vitis/2022.1/bin:/usr/pack/vitis-2022.1-zr/Vivado/2022.1/ids_lite/ISE/bin/lin64:/usr/pack/vitis-2022.1-zr/Vitis_HLS/2022.1/bin:/usr/pack/vitis-2022.1-zr/Model_Composer/2022.1/bin:/usr/pack/vitis-2022.1-zr/Vitis/2022.1/gnu/microblaze/lin/bin:/usr/pack/vitis-2022.1-zr/Vitis/2022.1/gnu/arm/lin/bin:/usr/pack/vitis-2022.1-zr/Vitis/2022.1/gnu/microblaze/linux_toolchain/lin64_le/bin:/usr/pack/vitis-2022.1-zr/Vitis/2022.1/gnu/aarch32/lin/gcc-arm-linux-gnueabi/bin:/usr/pack/vitis-2022.1-zr/Vitis/2022.1/gnu/aarch32/lin/gcc-arm-none-eabi/bin:/usr/pack/vitis-2022.1-zr/Vitis/2022.1/gnu/aarch64/lin/aarch64-linux/bin:/usr/pack/vitis-2022.1-zr/Vitis/2022.1/gnu/aarch64/lin/aarch64-none/bin:/usr/pack/vitis-2022.1-zr/Vitis/2022.1/gnu/armr5/lin/gcc-arm-none-eabi/bin:/usr/pack/vitis-2022.1-zr/Vitis/2022.1/tps/lnx64/cmake-3.3.2/bin:/usr/pack/vitis-2022.1-zr/Vitis/2022.1/aietools/bin:/usr/pack/vivado-2018.1-kgf/DocNav:/usr/pack/vitis-2022.1-zr/xrt/bin:/usr/pack/questa-2021.3-kgf/questasim/bin:/usr/pack/matlab-2017b-fg/bin:/usr/pack/vitis-2022.1-zr/STARTUP:/home/evenieri/.venvs/snitch_cluster/bin:/usr/pack/riscv-1.0-kgf/riscv64-gcc-11.2.0/bin:/usr/scratch/kneiff/paulsc/opt/verible.old/bin:/home/vborghi/bin:/usr/lib64/ccache:/usr/local/bin:/usr/bin:/usr/local/sbin:/usr/sbin:/usr/sepp/bin:/usr/local/AppImage/bin:/usr/local/anaconda3/bin
LD_LIBRARY_PATH=/usr/pack/vitis-2022.1-zr/Vivado/2022.1/tps/lnx64/python-3.8.3/lib:/usr/pack/vitis-2022.1-zr/Vivado/2022.1/tps/lnx64/java-cef-78.3.9.242/bin/lib/linux64:/usr/pack/vitis-2022.1-zr/Vivado/2022.1/tps/lnx64/javafx-sdk-11.0.2/lib:/usr/pack/vitis-2022.1-zr/Vivado/2022.1/lib/lnx64.o/Default:/usr/pack/vitis-2022.1-zr/Vivado/2022.1/lib/lnx64.o:/usr/pack/vitis-2022.1-zr/Vivado/2022.1/tps/lnx64/jre11.0.11_9/lib/:/usr/pack/vitis-2022.1-zr/Vivado/2022.1/tps/lnx64/jre11.0.11_9/lib//server:/usr/pack/vitis-2022.1-zr/xrt/lib:/usr/pack/gcc-6.2.0-af/x86_64-rhe6-linux/lib64:/usr/pack/vitis-2022.1-zr/Vivado/2022.1/bin/../lnx64/tools/dot/lib
SHELL=/bin/tcsh
DISPLAY=:29
HOSTTYPE=x86_64-linux
OSTYPE=linux
MACHTYPE=x86_64
LANG=en_US.UTF-8
LC_ALL=en_US.UTF-8

Signal Handlers:
SIGSEGV: [libjvm.so+0xdfbc70], sa_mask[0]=11111111011111111101111111111110, sa_flags=SA_RESTART|SA_SIGINFO
SIGBUS: [libjvm.so+0xdfbc70], sa_mask[0]=11111111011111111101111111111110, sa_flags=SA_RESTART|SA_SIGINFO
SIGFPE: [libjvm.so+0xdfbc70], sa_mask[0]=11111111011111111101111111111110, sa_flags=SA_RESTART|SA_SIGINFO
SIGPIPE: [libjvm.so+0xbeace0], sa_mask[0]=11111111011111111101111111111110, sa_flags=SA_RESTART|SA_SIGINFO
SIGXFSZ: [libjvm.so+0xbeace0], sa_mask[0]=11111111011111111101111111111110, sa_flags=SA_RESTART|SA_SIGINFO
SIGILL: [libjvm.so+0xdfbc70], sa_mask[0]=11111111011111111101111111111110, sa_flags=SA_RESTART|SA_SIGINFO
SIGUSR2: [libjvm.so+0xbeaa90], sa_mask[0]=00000000000000000000000000000000, sa_flags=SA_RESTART|SA_SIGINFO
SIGHUP: [libjvm.so+0xbeefc0], sa_mask[0]=11111111011111111101111111111110, sa_flags=SA_RESTART|SA_SIGINFO
SIGINT: [libjvm.so+0xbeefc0], sa_mask[0]=11111111011111111101111111111110, sa_flags=SA_RESTART|SA_SIGINFO
SIGTERM: [libjvm.so+0xbeefc0], sa_mask[0]=11111111011111111101111111111110, sa_flags=SA_RESTART|SA_SIGINFO
SIGQUIT: [libjvm.so+0xbeefc0], sa_mask[0]=11111111011111111101111111111110, sa_flags=SA_RESTART|SA_SIGINFO


---------------  S Y S T E M  ---------------

OS:AlmaLinux release 8.8 (Sapphire Caracal)
uname:Linux 4.18.0-477.27.2.el8_8.x86_64 #1 SMP Fri Sep 29 08:21:01 EDT 2023 x86_64
OS uptime: 129 days 3:54 hours
libc:glibc 2.28 NPTL 2.28 
rlimit (soft/hard): STACK 8192k/infinity , CORE 0k/infinity , NPROC 2060908/2060908 , NOFILE 262144/262144 , AS infinity/infinity , CPU infinity/infinity , DATA infinity/infinity , FSIZE infinity/infinity , MEMLOCK 64k/64k
load average:42.83 41.47 40.55

/proc/meminfo:
MemTotal:       527655052 kB
MemFree:        107515236 kB
MemAvailable:   212444956 kB
Buffers:            2168 kB
Cached:         97114360 kB
SwapCached:      5110160 kB
Active:         58967312 kB
Inactive:       329784160 kB
Active(anon):   13172724 kB
Inactive(anon): 280253652 kB
Active(file):   45794588 kB
Inactive(file): 49530508 kB
Unevictable:         608 kB
Mlocked:             608 kB
SwapTotal:      262051832 kB
SwapFree:       187906576 kB
Dirty:                44 kB
Writeback:             0 kB
AnonPages:      286303076 kB
Mapped:          7051956 kB
Shmem:           1791464 kB
KReclaimable:   15520600 kB
Slab:           20212276 kB
SReclaimable:   15520600 kB
SUnreclaim:      4691676 kB
KernelStack:      326768 kB
PageTables:      2172004 kB
NFS_Unstable:          0 kB
Bounce:                0 kB
WritebackTmp:          0 kB
CommitLimit:    525879356 kB
Committed_AS:   567945436 kB
VmallocTotal:   34359738367 kB
VmallocUsed:     1102216 kB
VmallocChunk:          0 kB
Percpu:           441344 kB
HardwareCorrupted:     0 kB
AnonHugePages:  58058752 kB
ShmemHugePages:        0 kB
ShmemPmdMapped:        0 kB
FileHugePages:         0 kB
FilePmdMapped:         0 kB
HugePages_Total:       0
HugePages_Free:        0
HugePages_Rsvd:        0
HugePages_Surp:        0
Hugepagesize:       2048 kB
Hugetlb:               0 kB
DirectMap4k:    47518860 kB
DirectMap2M:    485013504 kB
DirectMap1G:     4194304 kB

/sys/kernel/mm/transparent_hugepage/enabled:
[always] madvise never
/sys/kernel/mm/transparent_hugepage/defrag (defrag/compaction efforts parameter):
always defer defer+madvise [madvise] never

Process Memory:
Virtual Size: 14462632K (peak: 14462632K)
Resident Set Size: 542868K (peak: 568760K) (anon: 520712K, file: 22124K, shmem: 32K)
Swapped out: 0K
C-Heap outstanding allocations: 34578K

/proc/sys/kernel/threads-max (system-wide limit on the number of threads):
4121816
/proc/sys/vm/max_map_count (maximum number of memory map areas a process may have):
65530
/proc/sys/kernel/pid_max (system-wide limit on number of process identifiers):
4194304

container (cgroup) information:
container_type: cgroupv1
cpu_cpuset_cpus: 0-127
cpu_memory_nodes: 0-7
active_processor_count: 128
cpu_quota: -1
cpu_period: 100000
cpu_shares: -1
memory_limit_in_bytes: -1
memory_and_swap_limit_in_bytes: -1
memory_soft_limit_in_bytes: -1
memory_usage_in_bytes: 212424200192
memory_max_usage_in_bytes: 369731907584

Steal ticks since vm start: 0
Steal ticks percentage since vm start:  0.000

CPU:total 128 (initial active 128) (64 cores per cpu, 1 threads per core) family 23 model 49 stepping 0 microcode 0x830104d, cmov, cx8, fxsr, mmx, sse, sse2, sse3, ssse3, sse4.1, sse4.2, popcnt, avx, avx2, aes, clmul, mmxext, 3dnowpref, lzcnt, sse4a, tsc, tscinvbit, tscinv, bmi1, bmi2, adx
CPU Model and flags from /proc/cpuinfo:
model name	: AMD EPYC 7742 64-Core Processor
flags		: fpu vme de pse tsc msr pae mce cx8 apic sep mtrr pge mca cmov pat pse36 clflush mmx fxsr sse sse2 ht syscall nx mmxext fxsr_opt pdpe1gb rdtscp lm constant_tsc rep_good nopl nonstop_tsc cpuid extd_apicid aperfmperf pni pclmulqdq monitor ssse3 fma cx16 sse4_1 sse4_2 movbe popcnt aes xsave avx f16c rdrand lahf_lm cmp_legacy svm extapic cr8_legacy abm sse4a misalignsse 3dnowprefetch osvw ibs skinit wdt tce topoext perfctr_core perfctr_nb bpext perfctr_llc mwaitx cpb cat_l3 cdp_l3 hw_pstate ssbd mba ibrs ibpb stibp vmmcall fsgsbase bmi1 avx2 smep bmi2 cqm rdt_a rdseed adx smap clflushopt clwb sha_ni xsaveopt xsavec xgetbv1 xsaves cqm_llc cqm_occup_llc cqm_mbm_total cqm_mbm_local clzero irperf xsaveerptr wbnoinvd arat npt lbrv svm_lock nrip_save tsc_scale vmcb_clean flushbyasid decodeassists pausefilter pfthreshold avic v_vmsave_vmload vgif v_spec_ctrl umip rdpid overflow_recov succor smca sme sev sev_es
Online cpus:
0-127
Offline cpus:

BIOS frequency limitation:
2250000
Frequency switch latency (ns):
0
Available cpu frequencies:
2250000 2000000 1500000 
Current governor:
performance
Core performance/turbo boost:
1

Memory: 4k page, physical 527655052k(107529520k free), swap 262051832k(187906576k free)

vm_info: OpenJDK 64-Bit Server VM (11.0.11+9) for linux-amd64 JRE (11.0.11+9), built on Apr  9 2021 13:24:38 by "openjdk" with gcc 4.4.7 20120313 (Red Hat 4.4.7-23)

END.
